{
    "request": {
        "path": "getCVSDrugComponentLink.json",
        "method": "get",
        "query": {
            "drugLink": "drugprice"
        }
    },
    "response": {
        "status": 200,
        "data": {
                "memberCVSCaremarkComponentLink": {
                  "impersonation": "false",
                  "serviceName": "partnerLogin",
                  "userId": "Luc123",
                  "firstName": "LUCINE",
                  "lastName": "NOVOTNY JR",
                  "gender": "F",
                  "dateOfBirth": "1969-09-26",
                  "clientCode": "x7564",
                  "externalId": "900104671",
                  "triggerURL": "https://membersitb.carefirst.com/CIAMFIMHCBO/CIAMOAuthSSOServlet?federation=CVS_DRUG",
                  "targetURL": "https://sit2fast.caremark.com/FASTCheckDrugCosts/v3/#/?apiKey=daef0718-9dd1-4867-a393-b86167e2bf9c&apiSecret=2a9dd23a-e933-496d-a4d6-e50cd80f2def&faststyle=carefirst&env=sit2",
                  "errorPage": "/mos/#/ssoLink/"
                },
                "responseContext": {
                  "success": true,
                  "guid": 20041409,
                  "responseTime": 73
                }
        }
    }
}