{
  "request": {
    "path": "getMemberDedOopNetworkAccums.json",
    "method": "get",
    "query": {
      "accountId": false
    }
  },
  "response": {
    "status": 200,
    "data": {
      "accumsPlanPeriod": {
        "planYearDetails": {
          "planYearStartDate": "08/01/2018",
          "planYearEndDate": "12/31/2018",
          "renewalMonth": "January"
        },
        "tieredDeductible": true,
        "invidualOOPApplies": false
      },
      "accums": {
        "InNetwork": {
          "individualAccums": {
            "OLUBANKOLE|MAILLE VISNICK|12/01/1957|F|18": {
              "level": "Individual",
              "eligibleMemberIdentifier": {
                "firstName": "OLUBANKOLE",
                "lastName": "MAILLE VISNICK",
                "dateOfBirth": "12/01/1957",
                "genderCode": "F",
                "relationshipCode": "18"
              },
              "accumsDisplay": {
                "OOP": {
                  "benefitMaximumAmount": 2500,
                  "metAmount": 0,
                  "remainingAmount": 2500,
                  "blueRewardsAmount": null,
                  "accumLevel": null,
                  "familyBenefitAmountMet": false
                },
                "Ded": {
                  "benefitMaximumAmount": 500,
                  "metAmount": 0,
                  "remainingAmount": 500,
                  "blueRewardsAmount": null,
                  "accumLevel": null,
                  "familyBenefitAmountMet": false
                }
              }
            }
          },
          "familyAccums": null
        },
        "OutNetwork": {
          "individualAccums": {
            "OLUBANKOLE|MAILLE VISNICK|12/01/1957|F|18": {
              "level": "Individual",
              "eligibleMemberIdentifier": {
                "firstName": "OLUBANKOLE",
                "lastName": "MAILLE VISNICK",
                "dateOfBirth": "12/01/1957",
                "genderCode": "F",
                "relationshipCode": "18"
              },
              "accumsDisplay": {
                "OOP": {
                  "benefitMaximumAmount": 4500,
                  "metAmount": 0,
                  "remainingAmount": 4500,
                  "blueRewardsAmount": null,
                  "accumLevel": null,
                  "familyBenefitAmountMet": false
                },
                "Ded": {
                  "benefitMaximumAmount": 3000,
                  "metAmount": 0,
                  "remainingAmount": 3000,
                  "blueRewardsAmount": null,
                  "accumLevel": null,
                  "familyBenefitAmountMet": false
                }
              }
            }
          },
          "familyAccums": null
        }
      },
      "responseContext": {
        "success": true,
        "guid": 20613363,
        "responseTime": 169
      },
      "blueRewardsAvailable": false
    }
  }
}