{
  "request": {
    "path": "getMemberDedOopNetworkAccums.json",
    "method": "get",
    "query": {
      "accountId": "CD.1111"
    }
  },
  "response": {
    "status": 200,
    "data":{"accumsPlanPeriod":{"planYearDetails":{"planYearStartDate":"01/01/2018","planYearEndDate":"12/31/2018","renewalMonth":"January"},"tieredDeductible":false,"invidualOOPApplies":false},"accums":{"InNetwork":{"individualAccums":{"WILSON|AMY|03/01/1974|M|18":{"level":"Individual","eligibleMemberIdentifier":{"firstName":"WILSON","lastName":"AMY","dateOfBirth":"03/01/1974","genderCode":"M","relationshipCode":"18"},"accumsDisplay":{"OOP":{"benefitMaximumAmount":1300,"metAmount":0,"remainingAmount":1300,"blueRewardsAmount":null,"accumLevel":null,"familyBenefitAmountMet":false}}},"TAYLOR|AMY|03/12/1969|F|01":{"level":"Individual","eligibleMemberIdentifier":{"firstName":"TAYLOR","lastName":"AMY","dateOfBirth":"03/12/1969","genderCode":"F","relationshipCode":"01"},"accumsDisplay":{"OOP":{"benefitMaximumAmount":1300,"metAmount":0.00,"remainingAmount":1300.00,"blueRewardsAmount":null,"accumLevel":null,"familyBenefitAmountMet":false}}},"TERESSA|AMY|02/01/2012|M|19":{"level":"Individual","eligibleMemberIdentifier":{"firstName":"TERESSA","lastName":"AMY","dateOfBirth":"02/01/2012","genderCode":"M","relationshipCode":"19"},"accumsDisplay":{"OOP":{"benefitMaximumAmount":1300,"metAmount":0.00,"remainingAmount":1300.00,"blueRewardsAmount":null,"accumLevel":null,"familyBenefitAmountMet":false}}},"IVANYA|AMY|03/10/2015|F|19":{"level":"Individual","eligibleMemberIdentifier":{"firstName":"IVANYA","lastName":"AMY","dateOfBirth":"03/10/2015","genderCode":"F","relationshipCode":"19"},"accumsDisplay":{"OOP":{"benefitMaximumAmount":1300,"metAmount":0.00,"remainingAmount":1300.00,"blueRewardsAmount":null,"accumLevel":null,"familyBenefitAmountMet":false}}}},"familyAccums":{"level":"Family","eligibleMemberIdentifier":null,"accumsDisplay":{"OOP":{"benefitMaximumAmount":2600,"metAmount":0,"remainingAmount":2600,"blueRewardsAmount":null,"accumLevel":null,"familyBenefitAmountMet":false}}}},"OutNetwork":{"individualAccums":{"WILSON|AMY|03/01/1974|M|18":{"level":"Individual","eligibleMemberIdentifier":{"firstName":"WILSON","lastName":"AMY","dateOfBirth":"03/01/1974","genderCode":"M","relationshipCode":"18"},"accumsDisplay":{"OOP":{"benefitMaximumAmount":2000,"metAmount":0,"remainingAmount":2000,"blueRewardsAmount":null,"accumLevel":null,"familyBenefitAmountMet":false}}},"TAYLOR|AMY|03/12/1969|F|01":{"level":"Individual","eligibleMemberIdentifier":{"firstName":"TAYLOR","lastName":"AMY","dateOfBirth":"03/12/1969","genderCode":"F","relationshipCode":"01"},"accumsDisplay":{"OOP":{"benefitMaximumAmount":2000,"metAmount":0.00,"remainingAmount":2000.00,"blueRewardsAmount":null,"accumLevel":null,"familyBenefitAmountMet":false}}},"TERESSA|AMY|02/01/2012|M|19":{"level":"Individual","eligibleMemberIdentifier":{"firstName":"TERESSA","lastName":"AMY","dateOfBirth":"02/01/2012","genderCode":"M","relationshipCode":"19"},"accumsDisplay":{"OOP":{"benefitMaximumAmount":2000,"metAmount":0.00,"remainingAmount":2000.00,"blueRewardsAmount":null,"accumLevel":null,"familyBenefitAmountMet":false}}},"IVANYA|AMY|03/10/2015|F|19":{"level":"Individual","eligibleMemberIdentifier":{"firstName":"IVANYA","lastName":"AMY","dateOfBirth":"03/10/2015","genderCode":"F","relationshipCode":"19"},"accumsDisplay":{"OOP":{"benefitMaximumAmount":2000,"metAmount":0.00,"remainingAmount":2000.00,"blueRewardsAmount":null,"accumLevel":null,"familyBenefitAmountMet":false}}}},"familyAccums":{"level":"Family","eligibleMemberIdentifier":null,"accumsDisplay":{"OOP":{"benefitMaximumAmount":4000,"metAmount":0,"remainingAmount":4000,"blueRewardsAmount":null,"accumLevel":null,"familyBenefitAmountMet":false}}}},"":{"individualAccums":{"WILSON|AMY|03/01/1974|M|18":{"level":"Individual","eligibleMemberIdentifier":{"firstName":"WILSON","lastName":"AMY","dateOfBirth":"03/01/1974","genderCode":"M","relationshipCode":"18"},"accumsDisplay":{"Ded":{"benefitMaximumAmount":null,"metAmount":null,"remainingAmount":0,"blueRewardsAmount":null,"accumLevel":null,"familyBenefitAmountMet":false}}}},"familyAccums":{"level":"Family","eligibleMemberIdentifier":null,"accumsDisplay":{"Ded":{"benefitMaximumAmount":null,"metAmount":null,"remainingAmount":0,"blueRewardsAmount":null,"accumLevel":null,"familyBenefitAmountMet":false}}}}},"responseContext":{"success":true,"guid":21198137,"responseTime":11700},"blueRewardsAvailable":false}
    
  }
}

