{
    "request": {
        "path": "getAlternateLinks.json",
        "method": "get"
    },
    "response": {
        "status": 200,
        "data": {
            "alternateLinksResults": {
                "globalLinkDetails": [
                    {
                        "globalLink": "http://carefirstqa.arvatocim.net/CareFirstFindADoctorWSProd/PDFs/1724887156.PDF",
                        "globalLabel": "IMD provider directory"
                    }
                ],
                "alternateLinksResultsMap": null
            },
            "responseContext": {
                "success": true,
                "guid": 20036405,
                "responseTime": 3
            }
        }
    }
}