{
    "request": {
        "path": "getFAPCodeAndDescriptions.json",
        "method": "get"
    },
    "response": {
        "status": 200,
        "data": {
            "searchResult": [
                {
                    "responseRecordType": "HospitalAffliations",
                    "codeDescriptionList": [
                        {
                            "code": "HX2",
                            "description": "Adventist Behavioral Health",
                            "nationalSpecialtyIndicator": null
                        },
                        {
                            "code": "RP6",
                            "description": "Adventist Rehabilitation Hospital Of Maryland",
                            "nationalSpecialtyIndicator": null
                        },
                        {
                            "code": "GY8",
                            "description": "Alexandria Hospital",
                            "nationalSpecialtyIndicator": null
                        },
                        {
                            "code": "HA6",
                            "description": "Anne Arundel Medical Center",
                            "nationalSpecialtyIndicator": null
                        },
                        {
                            "code": "MA1",
                            "description": "Atlantic General Hospital",
                            "nationalSpecialtyIndicator": null
                        },
                        {
                            "code": "MA2",
                            "description": "Bon Secours Baltimore Health System",
                            "nationalSpecialtyIndicator": null
                        },
                        {
                            "code": "MD8",
                            "description": "Brook Lane Health Services",
                            "nationalSpecialtyIndicator": null
                        },
                        {
                            "code": "GU5",
                            "description": "Calvert Memorial Hospital",
                            "nationalSpecialtyIndicator": null
                        },
                        {
                            "code": "MD3",
                            "description": "Carroll Hospital Center",
                            "nationalSpecialtyIndicator": null
                        },
                        {
                            "code": "711",
                            "description": "Childrens National Medical Center",
                            "nationalSpecialtyIndicator": null
                        },
                        {
                            "code": "729",
                            "description": "Deers Head Hospital Center",
                            "nationalSpecialtyIndicator": null
                        },
                        {
                            "code": "735",
                            "description": "Doctors Community Hospital",
                            "nationalSpecialtyIndicator": null
                        },
                        {
                            "code": "736",
                            "description": "Eastern Shore Hospital Center",
                            "nationalSpecialtyIndicator": null
                        },
                        {
                            "code": "MC9",
                            "description": "Edw W Mccready Mem Hospital",
                            "nationalSpecialtyIndicator": null
                        },
                        {
                            "code": "731",
                            "description": "Fair Oaks Hospital",
                            "nationalSpecialtyIndicator": null
                        },
                        {
                            "code": "724",
                            "description": "Fairfax Hospital",
                            "nationalSpecialtyIndicator": null
                        },
                        {
                            "code": "HB4",
                            "description": "Fauquier Hospital",
                            "nationalSpecialtyIndicator": null
                        },
                        {
                            "code": "GT7",
                            "description": "Fort Washington Medical Center",
                            "nationalSpecialtyIndicator": null
                        },
                        {
                            "code": "MA5",
                            "description": "Franklin Square Hospital Center Inc",
                            "nationalSpecialtyIndicator": null
                        },
                        {
                            "code": "GN4",
                            "description": "Frederick Memorial Hospital",
                            "nationalSpecialtyIndicator": null
                        },
                        {
                            "code": "MA6",
                            "description": "Garrett County Memorial Hosp",
                            "nationalSpecialtyIndicator": null
                        },
                        {
                            "code": "705",
                            "description": "George Wash Univ",
                            "nationalSpecialtyIndicator": null
                        },
                        {
                            "code": "706",
                            "description": "Georgetown Univ",
                            "nationalSpecialtyIndicator": null
                        },
                        {
                            "code": "MA7",
                            "description": "Good Samaritan Hospital Of Maryland Inc",
                            "nationalSpecialtyIndicator": null
                        },
                        {
                            "code": "MD4",
                            "description": "Greater Baltimore Medical Center",
                            "nationalSpecialtyIndicator": null
                        },
                        {
                            "code": "MA8",
                            "description": "Harbor Hospital Center",
                            "nationalSpecialtyIndicator": null
                        },
                        {
                            "code": "MA9",
                            "description": "Harford Memorial Hospital",
                            "nationalSpecialtyIndicator": null
                        },
                        {
                            "code": "RF2",
                            "description": "Healthsouth Chesapeake Rehabilitation Hospital",
                            "nationalSpecialtyIndicator": null
                        },
                        {
                            "code": "J72",
                            "description": "Healthsouth Rehabilitation  Hospital Of Northern V",
                            "nationalSpecialtyIndicator": null
                        },
                        {
                            "code": "HZ7",
                            "description": "Holy Cross Germantown Hospital",
                            "nationalSpecialtyIndicator": null
                        },
                        {
                            "code": "725",
                            "description": "Holy Cross Hospital",
                            "nationalSpecialtyIndicator": null
                        },
                        {
                            "code": "HT4",
                            "description": "Howard County General Hospital",
                            "nationalSpecialtyIndicator": null
                        },
                        {
                            "code": "751",
                            "description": "Howard University Hospital",
                            "nationalSpecialtyIndicator": null
                        },
                        {
                            "code": "732",
                            "description": "Hsc Pediatric Center",
                            "nationalSpecialtyIndicator": null
                        },
                        {
                            "code": "MC8",
                            "description": "Johns Hopkins Bayview Medical Center",
                            "nationalSpecialtyIndicator": null
                        },
                        {
                            "code": "MB1",
                            "description": "Johns Hopkins Hospital",
                            "nationalSpecialtyIndicator": null
                        },
                        {
                            "code": "MD9",
                            "description": "Kennedy Krieger Institute",
                            "nationalSpecialtyIndicator": null
                        },
                        {
                            "code": "743",
                            "description": "Laurel Regional Hospital",
                            "nationalSpecialtyIndicator": null
                        },
                        {
                            "code": "NS1",
                            "description": "Levindale Hebrew Geriatric Center & Hospital",
                            "nationalSpecialtyIndicator": null
                        },
                        {
                            "code": "GX5",
                            "description": "Loudoun Hospital Center",
                            "nationalSpecialtyIndicator": null
                        },
                        {
                            "code": "HG2",
                            "description": "Mary Washington Hospital",
                            "nationalSpecialtyIndicator": null
                        },
                        {
                            "code": "GE9",
                            "description": "Medstar Southern Md Hospital Center",
                            "nationalSpecialtyIndicator": null
                        },
                        {
                            "code": "MB6",
                            "description": "Mercy Medical Center Inc",
                            "nationalSpecialtyIndicator": null
                        },
                        {
                            "code": "MC7",
                            "description": "Meritus Medical Center Inc",
                            "nationalSpecialtyIndicator": null
                        },
                        {
                            "code": "734",
                            "description": "Montgomery General Hospital",
                            "nationalSpecialtyIndicator": null
                        },
                        {
                            "code": "739",
                            "description": "Mount Vernon Hosp",
                            "nationalSpecialtyIndicator": null
                        },
                        {
                            "code": "MD2",
                            "description": "Mt Washington Pediatric Hospital",
                            "nationalSpecialtyIndicator": null
                        },
                        {
                            "code": "HC4",
                            "description": "National Rehabilitation Hospit",
                            "nationalSpecialtyIndicator": null
                        },
                        {
                            "code": "733",
                            "description": "No Va Mental Hlth",
                            "nationalSpecialtyIndicator": null
                        },
                        {
                            "code": "MD5",
                            "description": "Northwest Hospital Center",
                            "nationalSpecialtyIndicator": null
                        },
                        {
                            "code": "HM0",
                            "description": "Novant Health Haymarket Medical Center",
                            "nationalSpecialtyIndicator": null
                        },
                        {
                            "code": "HE2",
                            "description": "Novant Health Prince William Medical Center",
                            "nationalSpecialtyIndicator": null
                        },
                        {
                            "code": "MB8",
                            "description": "Peninsula Regional Medical Center",
                            "nationalSpecialtyIndicator": null
                        },
                        {
                            "code": "716",
                            "description": "Prince Georges Hospital Center",
                            "nationalSpecialtyIndicator": null
                        },
                        {
                            "code": "708",
                            "description": "Providence Hospital",
                            "nationalSpecialtyIndicator": null
                        },
                        {
                            "code": "HD1",
                            "description": "Psychiatric Institute Of Washington",
                            "nationalSpecialtyIndicator": null
                        },
                        {
                            "code": "719",
                            "description": "Reston Hospital Center",
                            "nationalSpecialtyIndicator": null
                        },
                        {
                            "code": "MC1",
                            "description": "Saint Agnes Hospital",
                            "nationalSpecialtyIndicator": null
                        },
                        {
                            "code": "GS2",
                            "description": "Sentara Northern  Virginia Medical Ctr",
                            "nationalSpecialtyIndicator": null
                        },
                        {
                            "code": "758",
                            "description": "Shady Grove Adventist Hosp",
                            "nationalSpecialtyIndicator": null
                        },
                        {
                            "code": "709",
                            "description": "Sibley Memorial Hosp",
                            "nationalSpecialtyIndicator": null
                        },
                        {
                            "code": "MD6",
                            "description": "Sinai Hospital Of Baltimore",
                            "nationalSpecialtyIndicator": null
                        },
                        {
                            "code": "744",
                            "description": "Spring Grove Hosptial Center",
                            "nationalSpecialtyIndicator": null
                        },
                        {
                            "code": "740",
                            "description": "Springfield Hospital Center",
                            "nationalSpecialtyIndicator": null
                        },
                        {
                            "code": "991",
                            "description": "St Marys Hospital",
                            "nationalSpecialtyIndicator": null
                        },
                        {
                            "code": "FN5",
                            "description": "Stafford Hospital",
                            "nationalSpecialtyIndicator": null
                        },
                        {
                            "code": "715",
                            "description": "Suburban Hospital",
                            "nationalSpecialtyIndicator": null
                        },
                        {
                            "code": "745",
                            "description": "Thomas Finan Hospital Center",
                            "nationalSpecialtyIndicator": null
                        },
                        {
                            "code": "MB2",
                            "description": "Um Shore Medical Center At Chestertown",
                            "nationalSpecialtyIndicator": null
                        },
                        {
                            "code": "MA3",
                            "description": "Um Shore Medical Center At Dorchester",
                            "nationalSpecialtyIndicator": null
                        },
                        {
                            "code": "MB5",
                            "description": "Um Shore Medical Center At Easton",
                            "nationalSpecialtyIndicator": null
                        },
                        {
                            "code": "HE4",
                            "description": "Umms Baltimore Washington Medical Center",
                            "nationalSpecialtyIndicator": null
                        },
                        {
                            "code": "MC4",
                            "description": "Union Hospital Of Cecil County",
                            "nationalSpecialtyIndicator": null
                        },
                        {
                            "code": "MC5",
                            "description": "Union Memorial Hospital",
                            "nationalSpecialtyIndicator": null
                        },
                        {
                            "code": "ER6",
                            "description": "United Medical Center",
                            "nationalSpecialtyIndicator": null
                        },
                        {
                            "code": "GT8",
                            "description": "Univ Of Md Charles Reg Med Center",
                            "nationalSpecialtyIndicator": null
                        },
                        {
                            "code": "MB3",
                            "description": "Univ Of Md Midtown Campus",
                            "nationalSpecialtyIndicator": null
                        },
                        {
                            "code": "MD1",
                            "description": "Univ Of Md Rehabilitation Inst",
                            "nationalSpecialtyIndicator": null
                        },
                        {
                            "code": "MC6",
                            "description": "University Of Maryland Medical Center",
                            "nationalSpecialtyIndicator": null
                        },
                        {
                            "code": "GQ7",
                            "description": "University Of Md St Joseph Medical Center",
                            "nationalSpecialtyIndicator": null
                        },
                        {
                            "code": "MA4",
                            "description": "Upper Chesapeake Medical Center",
                            "nationalSpecialtyIndicator": null
                        },
                        {
                            "code": "748",
                            "description": "Upper Shore Community Center",
                            "nationalSpecialtyIndicator": null
                        },
                        {
                            "code": "714",
                            "description": "Virginia Hospital Center Arlington",
                            "nationalSpecialtyIndicator": null
                        },
                        {
                            "code": "749",
                            "description": "Walter P Carter Hospital Center",
                            "nationalSpecialtyIndicator": null
                        },
                        {
                            "code": "718",
                            "description": "Washington Adventist Hosp",
                            "nationalSpecialtyIndicator": null
                        },
                        {
                            "code": "721",
                            "description": "Washington Hospital Center",
                            "nationalSpecialtyIndicator": null
                        },
                        {
                            "code": "NW5",
                            "description": "Wcha Jrm Cancer Center",
                            "nationalSpecialtyIndicator": null
                        },
                        {
                            "code": "PG4",
                            "description": "Wcha Maryland Nuero Rehab",
                            "nationalSpecialtyIndicator": null
                        },
                        {
                            "code": "754",
                            "description": "Western Maryland Hospital Center",
                            "nationalSpecialtyIndicator": null
                        },
                        {
                            "code": "MB9",
                            "description": "Western Md Regional Medical Center",
                            "nationalSpecialtyIndicator": null
                        }
                    ]
                },
                {
                    "responseRecordType": "Languages",
                    "codeDescriptionList": [
                        {
                            "code": "99",
                            "description": "English",
                            "nationalSpecialtyIndicator": null
                        },
                        {
                            "code": "26",
                            "description": "Spanish",
                            "nationalSpecialtyIndicator": null
                        },
                        {
                            "code": "50",
                            "description": "African",
                            "nationalSpecialtyIndicator": null
                        },
                        {
                            "code": "49",
                            "description": "Albanian",
                            "nationalSpecialtyIndicator": null
                        },
                        {
                            "code": "01",
                            "description": "Arabic",
                            "nationalSpecialtyIndicator": null
                        },
                        {
                            "code": "02",
                            "description": "Armenian",
                            "nationalSpecialtyIndicator": null
                        },
                        {
                            "code": "54",
                            "description": "Bengali",
                            "nationalSpecialtyIndicator": null
                        },
                        {
                            "code": "03",
                            "description": "Bulgarian",
                            "nationalSpecialtyIndicator": null
                        },
                        {
                            "code": "48",
                            "description": "Burmese",
                            "nationalSpecialtyIndicator": null
                        },
                        {
                            "code": "45",
                            "description": "Cambodian",
                            "nationalSpecialtyIndicator": null
                        },
                        {
                            "code": "52",
                            "description": "Cantonese",
                            "nationalSpecialtyIndicator": null
                        },
                        {
                            "code": "04",
                            "description": "Chinese",
                            "nationalSpecialtyIndicator": null
                        },
                        {
                            "code": "55",
                            "description": "Creole",
                            "nationalSpecialtyIndicator": null
                        },
                        {
                            "code": "56",
                            "description": "Croatian",
                            "nationalSpecialtyIndicator": null
                        },
                        {
                            "code": "95",
                            "description": "Czech",
                            "nationalSpecialtyIndicator": null
                        },
                        {
                            "code": "57",
                            "description": "Danish",
                            "nationalSpecialtyIndicator": null
                        },
                        {
                            "code": "06",
                            "description": "Dutch",
                            "nationalSpecialtyIndicator": null
                        },
                        {
                            "code": "100",
                            "description": "Egyptian",
                            "nationalSpecialtyIndicator": null
                        },
                        {
                            "code": "47",
                            "description": "Eritrean",
                            "nationalSpecialtyIndicator": null
                        },
                        {
                            "code": "58",
                            "description": "Estonian",
                            "nationalSpecialtyIndicator": null
                        },
                        {
                            "code": "42",
                            "description": "Ethiopian",
                            "nationalSpecialtyIndicator": null
                        },
                        {
                            "code": "07",
                            "description": "Farsi",
                            "nationalSpecialtyIndicator": null
                        },
                        {
                            "code": "39",
                            "description": "Filipino",
                            "nationalSpecialtyIndicator": null
                        },
                        {
                            "code": "08",
                            "description": "Finnish",
                            "nationalSpecialtyIndicator": null
                        },
                        {
                            "code": "09",
                            "description": "Flemish",
                            "nationalSpecialtyIndicator": null
                        },
                        {
                            "code": "10",
                            "description": "French",
                            "nationalSpecialtyIndicator": null
                        },
                        {
                            "code": "101",
                            "description": "Gaelic",
                            "nationalSpecialtyIndicator": null
                        },
                        {
                            "code": "11",
                            "description": "German",
                            "nationalSpecialtyIndicator": null
                        },
                        {
                            "code": "33",
                            "description": "Greek",
                            "nationalSpecialtyIndicator": null
                        },
                        {
                            "code": "59",
                            "description": "Gujarati",
                            "nationalSpecialtyIndicator": null
                        },
                        {
                            "code": "12",
                            "description": "Hausa",
                            "nationalSpecialtyIndicator": null
                        },
                        {
                            "code": "13",
                            "description": "Hebrew",
                            "nationalSpecialtyIndicator": null
                        },
                        {
                            "code": "60",
                            "description": "Hindi",
                            "nationalSpecialtyIndicator": null
                        },
                        {
                            "code": "102",
                            "description": "Hmong",
                            "nationalSpecialtyIndicator": null
                        },
                        {
                            "code": "14",
                            "description": "Hungarian",
                            "nationalSpecialtyIndicator": null
                        },
                        {
                            "code": "61",
                            "description": "Ibo",
                            "nationalSpecialtyIndicator": null
                        },
                        {
                            "code": "51",
                            "description": "Icelandic",
                            "nationalSpecialtyIndicator": null
                        },
                        {
                            "code": "113",
                            "description": "Indian",
                            "nationalSpecialtyIndicator": null
                        },
                        {
                            "code": "15",
                            "description": "Indic",
                            "nationalSpecialtyIndicator": null
                        },
                        {
                            "code": "103",
                            "description": "Indonesian",
                            "nationalSpecialtyIndicator": null
                        },
                        {
                            "code": "62",
                            "description": "Iranian",
                            "nationalSpecialtyIndicator": null
                        },
                        {
                            "code": "16",
                            "description": "Italian",
                            "nationalSpecialtyIndicator": null
                        },
                        {
                            "code": "17",
                            "description": "Japanese",
                            "nationalSpecialtyIndicator": null
                        },
                        {
                            "code": "63",
                            "description": "Kannada",
                            "nationalSpecialtyIndicator": null
                        },
                        {
                            "code": "18",
                            "description": "Korean",
                            "nationalSpecialtyIndicator": null
                        },
                        {
                            "code": "104",
                            "description": "Kpelle(west African)",
                            "nationalSpecialtyIndicator": null
                        },
                        {
                            "code": "43",
                            "description": "Laotian",
                            "nationalSpecialtyIndicator": null
                        },
                        {
                            "code": "37",
                            "description": "Latvian",
                            "nationalSpecialtyIndicator": null
                        },
                        {
                            "code": "41",
                            "description": "Lebanese",
                            "nationalSpecialtyIndicator": null
                        },
                        {
                            "code": "105",
                            "description": "Liberian",
                            "nationalSpecialtyIndicator": null
                        },
                        {
                            "code": "114",
                            "description": "Liberian/English",
                            "nationalSpecialtyIndicator": null
                        },
                        {
                            "code": "19",
                            "description": "Lithuanian",
                            "nationalSpecialtyIndicator": null
                        },
                        {
                            "code": "64",
                            "description": "Malayalam",
                            "nationalSpecialtyIndicator": null
                        },
                        {
                            "code": "65",
                            "description": "Mandarin",
                            "nationalSpecialtyIndicator": null
                        },
                        {
                            "code": "66",
                            "description": "Marathi",
                            "nationalSpecialtyIndicator": null
                        },
                        {
                            "code": "67",
                            "description": "Nepali",
                            "nationalSpecialtyIndicator": null
                        },
                        {
                            "code": "46",
                            "description": "Nigerian",
                            "nationalSpecialtyIndicator": null
                        },
                        {
                            "code": "20",
                            "description": "Norwegian",
                            "nationalSpecialtyIndicator": null
                        },
                        {
                            "code": "115",
                            "description": "Norwegian/Swedish/Danish",
                            "nationalSpecialtyIndicator": null
                        },
                        {
                            "code": "44",
                            "description": "Pakistani/Urdu",
                            "nationalSpecialtyIndicator": null
                        },
                        {
                            "code": "68",
                            "description": "Pashto",
                            "nationalSpecialtyIndicator": null
                        },
                        {
                            "code": "69",
                            "description": "Persian",
                            "nationalSpecialtyIndicator": null
                        },
                        {
                            "code": "21",
                            "description": "Polish",
                            "nationalSpecialtyIndicator": null
                        },
                        {
                            "code": "22",
                            "description": "Portugese",
                            "nationalSpecialtyIndicator": null
                        },
                        {
                            "code": "70",
                            "description": "Punjabi",
                            "nationalSpecialtyIndicator": null
                        },
                        {
                            "code": "23",
                            "description": "Romanian",
                            "nationalSpecialtyIndicator": null
                        },
                        {
                            "code": "24",
                            "description": "Russian",
                            "nationalSpecialtyIndicator": null
                        },
                        {
                            "code": "107",
                            "description": "Samoan",
                            "nationalSpecialtyIndicator": null
                        },
                        {
                            "code": "71",
                            "description": "Serbian",
                            "nationalSpecialtyIndicator": null
                        },
                        {
                            "code": "72",
                            "description": "Shanghain",
                            "nationalSpecialtyIndicator": null
                        },
                        {
                            "code": "25",
                            "description": "Sign Language",
                            "nationalSpecialtyIndicator": null
                        },
                        {
                            "code": "73",
                            "description": "Sinhalese",
                            "nationalSpecialtyIndicator": null
                        },
                        {
                            "code": "74",
                            "description": "Slavic",
                            "nationalSpecialtyIndicator": null
                        },
                        {
                            "code": "75",
                            "description": "Slovak",
                            "nationalSpecialtyIndicator": null
                        },
                        {
                            "code": "112",
                            "description": "Slovene/SerboCroatian",
                            "nationalSpecialtyIndicator": null
                        },
                        {
                            "code": "106",
                            "description": "South African",
                            "nationalSpecialtyIndicator": null
                        },
                        {
                            "code": "76",
                            "description": "Srilankin",
                            "nationalSpecialtyIndicator": null
                        },
                        {
                            "code": "27",
                            "description": "Swahili",
                            "nationalSpecialtyIndicator": null
                        },
                        {
                            "code": "28",
                            "description": "Swedish",
                            "nationalSpecialtyIndicator": null
                        },
                        {
                            "code": "35",
                            "description": "Tagalog",
                            "nationalSpecialtyIndicator": null
                        },
                        {
                            "code": "108",
                            "description": "Tagula",
                            "nationalSpecialtyIndicator": null
                        },
                        {
                            "code": "34",
                            "description": "Taiwanese",
                            "nationalSpecialtyIndicator": null
                        },
                        {
                            "code": "53",
                            "description": "Tamil",
                            "nationalSpecialtyIndicator": null
                        },
                        {
                            "code": "109",
                            "description": "Telugu",
                            "nationalSpecialtyIndicator": null
                        },
                        {
                            "code": "29",
                            "description": "Thai",
                            "nationalSpecialtyIndicator": null
                        },
                        {
                            "code": "36",
                            "description": "Turkish",
                            "nationalSpecialtyIndicator": null
                        },
                        {
                            "code": "110",
                            "description": "Uganda",
                            "nationalSpecialtyIndicator": null
                        },
                        {
                            "code": "40",
                            "description": "Ukrainian",
                            "nationalSpecialtyIndicator": null
                        },
                        {
                            "code": "111",
                            "description": "Ukranian",
                            "nationalSpecialtyIndicator": null
                        },
                        {
                            "code": "116",
                            "description": "Urdu",
                            "nationalSpecialtyIndicator": null
                        },
                        {
                            "code": "30",
                            "description": "Vietnamese",
                            "nationalSpecialtyIndicator": null
                        },
                        {
                            "code": "31",
                            "description": "Yiddish",
                            "nationalSpecialtyIndicator": null
                        },
                        {
                            "code": "38",
                            "description": "Yoruba",
                            "nationalSpecialtyIndicator": null
                        },
                        {
                            "code": "32",
                            "description": "Yugoslavian",
                            "nationalSpecialtyIndicator": null
                        },
                        {
                            "code": "77",
                            "description": "Zulu",
                            "nationalSpecialtyIndicator": null
                        }
                    ]
                },
                {
                    "responseRecordType": "PCPTypes",
                    "codeDescriptionList": [
                        {
                            "code": "ADL",
                            "description": "Adult 18 and Over",
                            "nationalSpecialtyIndicator": "N"
                        },
                        {
                            "code": "CHL",
                            "description": "Children 17 and Under",
                            "nationalSpecialtyIndicator": "N"
                        },
                        {
                            "code": "FML",
                            "description": "Family",
                            "nationalSpecialtyIndicator": "N"
                        }
                    ]
                },
                {
                    "responseRecordType": "HealthCareFacilityTypes",
                    "codeDescriptionList": [
                        {
                            "code": "ALT",
                            "description": "Alternative Care ",
                            "nationalSpecialtyIndicator": "N"
                        },
                        {
                            "code": "BCT",
                            "description": "Birthing Center",
                            "nationalSpecialtyIndicator": "N"
                        },
                        {
                            "code": "SSC",
                            "description": "Sleep Study Centers",
                            "nationalSpecialtyIndicator": "N"
                        },
                        {
                            "code": "SUP",
                            "description": "Suppliers",
                            "nationalSpecialtyIndicator": "N"
                        },
                        {
                            "code": "SDC",
                            "description": "Surgical/Dialysis Center",
                            "nationalSpecialtyIndicator": "N"
                        }
                    ]
                },
                {
                    "responseRecordType": "ImmediateCareTypes",
                    "codeDescriptionList": [
                        {
                            "code": "CCC",
                            "description": "Convenience Care Center",
                            "nationalSpecialtyIndicator": "N"
                        },
                        {
                            "code": "URC",
                            "description": "Urgent Care Center",
                            "nationalSpecialtyIndicator": "N"
                        }
                    ]
                },
                {
                    "responseRecordType": "BDCDesignationTypes",
                    "codeDescriptionList": [
                        {
                            "code": "BS",
                            "description": "Bariatric Surgery",
                            "nationalSpecialtyIndicator": null
                        },
                        {
                            "code": "CC",
                            "description": "Cardiac Care",
                            "nationalSpecialtyIndicator": null
                        },
                        {
                            "code": "KHR",
                            "description": "Knee and Hip Replacement",
                            "nationalSpecialtyIndicator": null
                        },
                        {
                            "code": "MC",
                            "description": "Maternity Care",
                            "nationalSpecialtyIndicator": null
                        },
                        {
                            "code": "SS",
                            "description": "Spine Surgery",
                            "nationalSpecialtyIndicator": null
                        },
                        {
                            "code": "TP",
                            "description": "Transplants",
                            "nationalSpecialtyIndicator": null,
                            "additionalAttributes": {
                                "subCategory": "BDCSubDesignationTypeForTP"
                            }
                        }
                    ]
                },
                {
                    "responseRecordType": null,
                    "codeDescriptionList": []
                },
                {
                    "responseRecordType": "BDCSubDesignationTypeForTP",
                    "codeDescriptionList": [
                        {
                            "code": "AHT",
                            "description": "Adult Heart Transplant",
                            "nationalSpecialtyIndicator": null
                        },
                        {
                            "code": "ALD",
                            "description": "Adult Liver Deceased Donor",
                            "nationalSpecialtyIndicator": null
                        },
                        {
                            "code": "ALU",
                            "description": "Adult Lung Transplant",
                            "nationalSpecialtyIndicator": null
                        },
                        {
                            "code": "ALV",
                            "description": "Adult Liver Living Donor",
                            "nationalSpecialtyIndicator": null
                        },
                        {
                            "code": "APT",
                            "description": "Adult Pancreas Transplant",
                            "nationalSpecialtyIndicator": null
                        },
                        {
                            "code": "ASC",
                            "description": "Adult Autologous Allogeneic Bone Marrow Stem Cell",
                            "nationalSpecialtyIndicator": null
                        },
                        {
                            "code": "BMT",
                            "description": "Bone Marrow Transplant",
                            "nationalSpecialtyIndicator": null
                        },
                        {
                            "code": "HLT",
                            "description": "Combination Heart Lung Transplant",
                            "nationalSpecialtyIndicator": null
                        },
                        {
                            "code": "HRT",
                            "description": "Heart Transplant",
                            "nationalSpecialtyIndicator": null
                        },
                        {
                            "code": "KT",
                            "description": "Kidney Transplant",
                            "nationalSpecialtyIndicator": null
                        },
                        {
                            "code": "LSB",
                            "description": "Lung (Single or Bilateral) Transplant",
                            "nationalSpecialtyIndicator": null
                        },
                        {
                            "code": "LVT",
                            "description": "Liver Transplant",
                            "nationalSpecialtyIndicator": null
                        },
                        {
                            "code": "PAK",
                            "description": "PAK (Pancreas After Kidney) Transplant",
                            "nationalSpecialtyIndicator": null
                        },
                        {
                            "code": "PHT",
                            "description": "Pediatric Heart Transplant",
                            "nationalSpecialtyIndicator": null
                        },
                        {
                            "code": "PLU",
                            "description": "Pediatric Lung Transplant",
                            "nationalSpecialtyIndicator": null
                        },
                        {
                            "code": "PLV",
                            "description": "Pediatric Liver Transplant",
                            "nationalSpecialtyIndicator": null
                        },
                        {
                            "code": "PTA",
                            "description": "PTA (Pancreas Transplant Alone)",
                            "nationalSpecialtyIndicator": null
                        },
                        {
                            "code": "SPK",
                            "description": "SPK (Sumilutaneous Pancreas Kidney) Transplant",
                            "nationalSpecialtyIndicator": null
                        },
                        {
                            "code": "PSC",
                            "description": "Pediatric Autologous Allogeneic Bone Marrow Stem Cell",
                            "nationalSpecialtyIndicator": null
                        }
                    ]
                },
                {
                    "responseRecordType": "FrequentlySearched",
                    "codeDescriptionList": [
                        {
                            "code": "259",
                            "description": "Internal Medicine",
                            "nationalSpecialtyIndicator": null,
                            "additionalAttributes": {
                                "specialtyType": "PCP"
                            }
                        },
                        {
                            "code": "148",
                            "description": "Family Practice",
                            "nationalSpecialtyIndicator": null,
                            "additionalAttributes": {
                                "specialtyType": "PCP"
                            }
                        },
                        {
                            "code": "508",
                            "description": "Pediatrics",
                            "nationalSpecialtyIndicator": null,
                            "additionalAttributes": {
                                "specialtyType": "PCP"
                            }
                        },
                        {
                            "code": "100",
                            "description": "Dermatology",
                            "nationalSpecialtyIndicator": null,
                            "additionalAttributes": {
                                "specialtyType": "SPC"
                            }
                        },
                        {
                            "code": "415",
                            "description": "Orthopedic Surgery",
                            "nationalSpecialtyIndicator": null,
                            "additionalAttributes": {
                                "specialtyType": "SPC"
                            }
                        },
                        {
                            "code": "394",
                            "description": "Ophthalmology",
                            "nationalSpecialtyIndicator": null,
                            "additionalAttributes": {
                                "specialtyType": "SPC"
                            }
                        },
                        {
                            "code": "367",
                            "description": "Obstetrics & Gynecology",
                            "nationalSpecialtyIndicator": null,
                            "additionalAttributes": {
                                "specialtyType": "OBG"
                            }
                        },
                        {
                            "code": "061",
                            "description": "Cardiovascular Disease",
                            "nationalSpecialtyIndicator": null,
                            "additionalAttributes": {
                                "specialtyType": "SPC"
                            }
                        },
                        {
                            "code": "169",
                            "description": "Gastroenterology",
                            "nationalSpecialtyIndicator": null,
                            "additionalAttributes": {
                                "specialtyType": "SPC"
                            }
                        },
                        {
                            "code": "544",
                            "description": "Podiatry",
                            "nationalSpecialtyIndicator": null,
                            "additionalAttributes": {
                                "specialtyType": "SPC"
                            }
                        }
                    ]
                },
                {
                    "responseRecordType": "SearchTypes",
                    "codeDescriptionList": [
                        {
                            "code": "PCP",
                            "description": "Primary Care Provider (PCP)",
                            "nationalSpecialtyIndicator": null,
                            "additionalAttributes": {
                                "additionalDescription": "Providers who provide routine care and coordinates specialized care",
                                "subCategory": "PCPTypes"
                            }
                        },
                        {
                            "code": "OBG",
                            "description": "OB/GYN",
                            "nationalSpecialtyIndicator": null,
                            "additionalAttributes": {
                                "additionalDescription": "Providers who specialize in woman’s healthcare and pregnancy"
                            }
                        },
                        {
                            "code": "SPC",
                            "description": "Specialists",
                            "nationalSpecialtyIndicator": null,
                            "additionalAttributes": {
                                "additionalDescription": "Providers who are highly skilled in a specific field, e.g., Pediatrics, Dermatology, Surgery"
                            }
                        },
                        {
                            "code": "HOS",
                            "description": "Hospitals",
                            "nationalSpecialtyIndicator": null,
                            "additionalAttributes": {
                                "additionalDescription": "Facility that provides medical and surgical care"
                            }
                        },
                        {
                            "code": "LAB",
                            "description": "Labs",
                            "nationalSpecialtyIndicator": null,
                            "additionalAttributes": {
                                "additionalDescription": "Facility that provides diagnostic testing services."
                            }
                        },
                        {
                            "code": "IMA",
                            "description": "Imaging Facilities (X-ray, Mammogram, CT, etc.)",
                            "nationalSpecialtyIndicator": null,
                            "additionalAttributes": {
                                "additionalDescription": "Provides diagnostic pictures of the body"
                            }
                        },
                        {
                            "code": "IMC",
                            "description": "Immediate Care",
                            "nationalSpecialtyIndicator": null,
                            "additionalAttributes": {
                                "additionalDescription": "Provides care for non-life threatening illnesses and injuries, e.g., Convenience care centers, Urgent care centers",
                                "isFacilityType": "Y",
                                "subCategory": "ImmediateCareTypes"
                            }
                        },
                        {
                            "code": "HCF",
                            "description": "Other Providers/Facilities",
                            "nationalSpecialtyIndicator": null,
                            "additionalAttributes": {
                                "additionalDescription": "Provides outpatient services and supplies, e.g., home care, hospice, ambulance, surgical centers",
                                "isFacilityType": "Y",
                                "subCategory": "HealthCareFacilityTypes"
                            }
                        }
                    ]
                }
            ],
            "responseContext": {
                "success": true,
                "guid": 20036405,
                "responseTime": 1
            }
        }
    }
}