{
	"request": {
		"path": "getFAPGlobalFlags.json",
		"method": "get"
	},
	"response": {
		"status": 200,
		"data": {
			"responseContext": {
				"success": true,
				"guid": 20036405,
				"responseTime": 0
			},
			"fapGlobalFlags": {
				"mobile": {
					"showFAPNationalProvidersSearch": "true",
					"showFAPMediGap": "true",
					"maxResultSize": "500",
					"showFAPFindAPharmacySection": "true",
					"showProviderDirectoryFeedback": "true",
					"showFAPPCMH": "true",
					"showFAPNameSuggestion": "true",
					"showFAPBDC": "true",
					"showFAPFindAVisionProvider": "true",
					"showFAPUrgentCare": "false",
					"showFAPBehaviouralHealth": "true",
					"chunkSize": "10",
					"showFAPDavisVisionSpecificFeature": "true",
					"showFAPProviderWebsite": "true",
					"showFAPFindAMedicalProvider": "true",
					"showFAPFindADentist": "true",
					"showFAPFindAPharmacyProvider": "true",
					"showFAPOfficeHours": "true",
					"showFAPSleepApnea": "false",
					"showFAPEmailSingleProvider": "true",
					"showFAPEmailSearchProvider": "true"
				},
				"portal": {
					"showFAPNationalProvidersSearch": "true",
					"showFAPMediGap": "true",
					"maxResultSize": "500",
					"showFAPFindAPharmacySection": "true",
					"showProviderDirectoryFeedback": "true",
					"showFAPPCMH": "true",
					"showFAPNameSuggestion": "true",
					"showFAPBDC": "true",
					"showFAPFindAVisionProvider": "true",
					"showFAPBehaviouralHealth": "true",
					"chunkSize": "25",
					"showFAPDavisVisionSpecificFeature": "true ",
					"showFAPProviderWebsite": "true",
					"showFAPFindAMedicalProvider": "true",
					"showFAPFindADentist": "true",
					"showFAPFindAPharmacyProvider": "true",
					"showFAPOfficeHours": "true",
					"showFAPSleepApnea": "false",
					"showFAPEmailSearchProvider": "true",
					"showFAPEmailSingleProvider": "true"
				}
			}
		}
	}
}