{
    "request": {
        "path": "getFAPMemberProviderPlans.json",
        "method": "get",
        "query": {
            "accountId": "CD.1111"
        }
    },
    "response": {
        "status": 200,
        "data": {
            "domesticNetworkDetails": {
                "domesticNetworkCode": "049",
                "description": "LifeBridge Provider"
            },
            "memberProviderPlans": {
                "MED": [
                    {
                        "plan": "MED",
                        "groupId": "1RC4",
                        "arvatoPlanName": "BlueChoice HMO",
                        "arvatoPlanCode": "DC_CC3",
                        "productName": "BlueChoice HMO",
                        "isNationalPlan": "false",
                        "fAPMemberDirectoryDetails": [
                            {
                                "directoryId": "0",
                                "directoryName": "BlueChoice Network",
                                "directoryCode": "DC_CC3",
                                "indicator": ""
                            },
                            {
                                "directoryId": "1",
                                "directoryName": "LabCorp",
                                "directoryCode": "LABCORP",
                                "indicator": ""
                            },
                            {
                                "directoryId": "2",
                                "directoryName": "Magellan",
                                "directoryCode": "MAGELLAN",
                                "indicator": ""
                            }
                        ],
                        "infoMessage": "",
                        "totalNumberDirectories": 3,
                        "productVariation": "BChoiceHMO",
                        "allowOOAOONPCP": "false",
                        "isMagellan": "true",
                        "isVaccineNetwork": "false"
                    }
                ],
                "VIS": [
                    {
                        "plan": "VIS",
                        "groupId": "1RC4",
                        "arvatoPlanName": "BlueVision, BlueVision Plus, Adult/Pediatric Vision (Davis Vision)",
                        "arvatoPlanCode": "VIS_DV",
                        "productName": "Core Vision",
                        "isNationalPlan": "true",
                        "fAPMemberDirectoryDetails": [
                            {
                                "directoryId": "0",
                                "directoryName": "National Provider Directory",
                                "directoryCode": "NATL_BCBS",
                                "indicator": ""
                            },
                            {
                                "directoryId": "1",
                                "directoryName": "BlueVision BlueVision Plus Pediatric Vision (Davis Vision)",
                                "directoryCode": "VIS_DV",
                                "indicator": ""
                            }
                        ],
                        "infoMessage": "",
                        "totalNumberDirectories": 2,
                        "productVariation": "BChoiceHMO",
                        "allowOOAOONPCP": "false",
                        "isMagellan": "false",
                        "isVaccineNetwork": "false"
                    }
                ],
                "DEN": [
                    {
                        "plan": "DEN",
                        "groupId": "1RC4",
                        "arvatoPlanName": "BlueDental Plus",
                        "arvatoPlanCode": "DENT_PP",
                        "productName": "BlueDental Plus",
                        "isNationalPlan": "true",
                        "fAPMemberDirectoryDetails": [
                            {
                                "directoryId": "0",
                                "directoryName": "National Provider Directory",
                                "directoryCode": "NATL_BCBS",
                                "indicator": ""
                            },
                            {
                                "directoryId": "1",
                                "directoryName": "Preferred Network",
                                "directoryCode": "DENT_PR",
                                "indicator": ""
                            },
                            {
                                "directoryId": "2",
                                "directoryName": "Traditional (Participating) Network",
                                "directoryCode": "DENT_TR",
                                "indicator": ""
                            }
                        ],
                        "infoMessage": "",
                        "totalNumberDirectories": 3,
                        "productVariation": "DBZ",
                        "allowOOAOONPCP": "false",
                        "isMagellan": "false",
                        "isVaccineNetwork": "false"
                    }
                ],
                "DRG": [
                    {
                        "plan": "DRG",
                        "groupId": "1RC4",
                        "arvatoPlanName": "National Network",
                        "arvatoPlanCode": "PHM_NAT",
                        "productName": "Drug",
                        "isNationalPlan": "true",
                        "fAPMemberDirectoryDetails": null,
                        "infoMessage": "",
                        "totalNumberDirectories": 0,
                        "productVariation": "Drug",
                        "allowOOAOONPCP": "false",
                        "isMagellan": "false",
                        "isVaccineNetwork": "true"
                    }
                ]
            },
            "responseContext": {
                "success": true,
                "guid": 22869943,
                "responseTime": 2682
            }
        }
    }
}