{
    "request": {
        "path": "getMembersForChangePCP.json",
        "method": "get",
        "query": {
            "accountId": "CD.1111"
        }
    },
    "response": {
        "status": 200,
        "data": {
            "memberOptions": [
				{
					"dateOfBirth": "05/05/1973",
					"firstName": "JEFFERY",
					"lastName": "ALVAROAMIN",
					"optionName": "JEFFERY (05/05/1973)",
					"memberIdentifier": "JEFFERY|ALVAROAMIN|05/05/1973|M|18",
					"relationshipCode": "18",
					"availableForChangePCP": true
				},
				{
					"dateOfBirth": "05/05/1973",
					"firstName": "DEMARCUS",
					"lastName": "ALVAROAMIN",
					"optionName": "DEMARCUS (05/05/1973)",
					"memberIdentifier": "DEMARCUS|ALVAROAMIN|05/05/1973|M|01",
					"relationshipCode": "01",
					"availableForChangePCP": true
				}
			],
            "responseContext": {
                "success": true,
                "guid": 19660472,
                "responseTime": 816
            }
        }
    }
}