{
    "request": {
        "path": "getSDOtherPCPInfo.json",
        "method": "get",
        "query": {
            "accountId": "CD.1111"
        }
    },
    "response": {
        "status": 200,
        "data":{ "sdOtherPCPInfoResponse"  : {
            "specialityName":"Geriatrics",
            "pcmhIndicator":"Y",
            "ooaPCPIndicator":"N"
        },

            
            "responseContext": {
                "success": true,
                "guid": 19660472,
                "responseTime": 816
            }
        }
    }
}
