{
    "request": {
        "path": "getMemberEligibilityDetails.json",
        "method": "GET"
    },
    "response": {
        "status": 200,
        "data": {
            "dateOfService": "07/04/2018",
            "eligibilityDetails": {
                "JECEFY|WILLIAMSON BIRDEN|03/26/1976|F|18": {
                    "MEDICAL": [{
                        "eligibilityDetailsDisplay": {
                            "productCategory": "MED",
                            "publicSubscriberId": "902967396",
                            "groupName": "RedPeg Marketing",
                            "groupNumber": "16DP",
                            "coverageLevel": "Family",
                            "productDescription": "HealthyBlue 2.0",
                            "firstName": "JECEFY",
                            "lastName": "WILLIAMSON BIRDEN",
                            "dateOfBirth": "03/26/1976",
                            "genderDesc": "Female",
                            "genderCode": "F",
                            "relationshipDesc": "Self",
                            "relationshipCode": "18",
                            "gratuitous": false,
                            "studentStatus": null,
                            "handicapIndicator": null,
                            "coveragePeriodBeginDate": "Sep 01, 2017",
                            "coveragePeriodEndDate": "Jul 05, 2018",
                            "memberSinceDate": null,
                            "hideMemberCoveragePeriodDates": false,
                            "originalEffectiveDate": "06/01/2011",
                            "coverageStatus": "Inactive",
                            "pcpSelectedFlag": true,
                            "pcpName": "JAMES MIN",
                            "cobStatus": "Update Needed",
                            "bsbsCode": "BFFF",
                            "productId": "HCHVCF02",
                            "pediatricCoverage": false,
                            "adultCoverage": false,
                            "drugFormularyName": null
                        },
                        "pcpDetails": {
                            "pcpName": "JAMES MIN",
                            "pcpId": "X5540017",
                            "pcpAddressLine1": "15195 HEATHCOTE BOULEVARD",
                            "pcpAddressLine2": "SUITE 140",
                            "pcpCity": "Haymarket",
                            "pcpState": "VA",
                            "pcpZipCode": "20169",
                            "pcpPhoneNumber": null,
                            "pcpEffectiveDate": "11/05/2013",
                            "pcpTerminationDate": "12/31/9999",
                            "pcpFullName": "JAMES MIN"
                        },
                        "cobDetails": [{
                            "carrierName": "No Other Insurance",
                            "entityIdentifierCode": "PRP",
                            "entityIdentifierDescription": "Primary Payer",
                            "carrierAddress": {
                                "type": null,
                                "typeDesc": null,
                                "street1": "137 Dummy Street",
                                "street2": " ",
                                "street3": null,
                                "city": "WASHINGTON",
                                "state": "DC",
                                "zip": "20060",
                                "zipFour": null,
                                "county": null,
                                "countyDesc": null,
                                "country": null
                            },
                            "policyNumber": null,
                            "insuranceType": "COMMERCIAL",
                            "effectiveDate": "07/01/2011",
                            "terminationDate": "12/31/9999",
                            "verificationDate": "07/01/2011",
                            "phoneNumber": ""
                        }, {
                            "carrierName": "No Other Insurance",
                            "entityIdentifierCode": "PRP",
                            "entityIdentifierDescription": "Primary Payer",
                            "carrierAddress": {
                                "type": null,
                                "typeDesc": null,
                                "street1": "137 Dummy Street",
                                "street2": " ",
                                "street3": null,
                                "city": "WASHINGTON",
                                "state": "DC",
                                "zip": "20060",
                                "zipFour": null,
                                "county": null,
                                "countyDesc": null,
                                "country": null
                            },
                            "policyNumber": null,
                            "insuranceType": "COMMERCIAL",
                            "effectiveDate": "07/01/2011",
                            "terminationDate": "12/31/9999",
                            "verificationDate": "07/01/2011",
                            "phoneNumber": ""
                        }],
                        "eligibleMemberIdentifier": {
                            "firstName": "JECEFY",
                            "lastName": "WILLIAMSON BIRDEN",
                            "dateOfBirth": "03/26/1976",
                            "genderCode": "F",
                            "relationshipCode": "18"
                        }
                    }],
                    "DENTAL": [{
                        "eligibilityDetailsDisplay": {
                            "productCategory": "DEN",
                            "publicSubscriberId": "902967396",
                            "groupName": "RedPeg Marketing",
                            "groupNumber": "16DP",
                            "coverageLevel": "Family",
                            "productDescription": "BlueDental Plus",
                            "firstName": "JECEFY",
                            "lastName": "WILLIAMSON BIRDEN",
                            "dateOfBirth": "03/26/1976",
                            "genderDesc": "Female",
                            "genderCode": "F",
                            "relationshipDesc": "Self",
                            "relationshipCode": "18",
                            "gratuitous": false,
                            "studentStatus": null,
                            "handicapIndicator": null,
                            "coveragePeriodBeginDate": "Sep 01, 2017",
                            "coveragePeriodEndDate": "Jul 05, 2018",
                            "memberSinceDate": null,
                            "hideMemberCoveragePeriodDates": false,
                            "originalEffectiveDate": "06/01/2011",
                            "coverageStatus": "Inactive",
                            "pcpSelectedFlag": false,
                            "pcpName": null,
                            "cobStatus": "Update Needed",
                            "bsbsCode": "DP91",
                            "productId": "",
                            "pediatricCoverage": false,
                            "adultCoverage": false,
                            "drugFormularyName": null
                        },
                        "pcpDetails": null,
                        "cobDetails": [{
                            "carrierName": "No Other Insurance",
                            "entityIdentifierCode": "PRP",
                            "entityIdentifierDescription": "Primary Payer",
                            "carrierAddress": {
                                "type": null,
                                "typeDesc": null,
                                "street1": "137 Dummy Street",
                                "street2": " ",
                                "street3": null,
                                "city": "WASHINGTON",
                                "state": "DC",
                                "zip": "20060",
                                "zipFour": null,
                                "county": null,
                                "countyDesc": null,
                                "country": null
                            },
                            "policyNumber": null,
                            "insuranceType": "COMMERCIAL",
                            "effectiveDate": "07/01/2011",
                            "terminationDate": "12/31/9999",
                            "verificationDate": "07/01/2011",
                            "phoneNumber": ""
                        }, {
                            "carrierName": "No Other Insurance",
                            "entityIdentifierCode": "PRP",
                            "entityIdentifierDescription": "Primary Payer",
                            "carrierAddress": {
                                "type": null,
                                "typeDesc": null,
                                "street1": "137 Dummy Street",
                                "street2": " ",
                                "street3": null,
                                "city": "WASHINGTON",
                                "state": "DC",
                                "zip": "20060",
                                "zipFour": null,
                                "county": null,
                                "countyDesc": null,
                                "country": null
                            },
                            "policyNumber": null,
                            "insuranceType": "COMMERCIAL",
                            "effectiveDate": "07/01/2011",
                            "terminationDate": "12/31/9999",
                            "verificationDate": "07/01/2011",
                            "phoneNumber": ""
                        }],
                        "eligibleMemberIdentifier": {
                            "firstName": "JECEFY",
                            "lastName": "WILLIAMSON BIRDEN",
                            "dateOfBirth": "03/26/1976",
                            "genderCode": "F",
                            "relationshipCode": "18"
                        }
                    }],
                    "DRUG": [{
                        "eligibilityDetailsDisplay": {
                            "productCategory": "DRG",
                            "publicSubscriberId": "902967396",
                            "groupName": "RedPeg Marketing",
                            "groupNumber": "16DP",
                            "coverageLevel": "Family",
                            "productDescription": "Prescription Drug (Integrated with Medical)",
                            "firstName": "JECEFY",
                            "lastName": "WILLIAMSON BIRDEN",
                            "dateOfBirth": "03/26/1976",
                            "genderDesc": "Female",
                            "genderCode": "F",
                            "relationshipDesc": "Self",
                            "relationshipCode": "18",
                            "gratuitous": false,
                            "studentStatus": null,
                            "handicapIndicator": null,
                            "coveragePeriodBeginDate": "Sep 01, 2017",
                            "coveragePeriodEndDate": "Jul 05, 2018",
                            "memberSinceDate": null,
                            "hideMemberCoveragePeriodDates": false,
                            "originalEffectiveDate": "06/01/2011",
                            "coverageStatus": "Inactive",
                            "pcpSelectedFlag": false,
                            "pcpName": null,
                            "cobStatus": "Update Needed",
                            "bsbsCode": "",
                            "productId": "",
                            "pediatricCoverage": false,
                            "adultCoverage": false,
                            "drugFormularyName": null
                        },
                        "pcpDetails": null,
                        "cobDetails": [{
                            "carrierName": "No Other Insurance",
                            "entityIdentifierCode": "PRP",
                            "entityIdentifierDescription": "Primary Payer",
                            "carrierAddress": {
                                "type": null,
                                "typeDesc": null,
                                "street1": "137 Dummy Street",
                                "street2": " ",
                                "street3": null,
                                "city": "WASHINGTON",
                                "state": "DC",
                                "zip": "20060",
                                "zipFour": null,
                                "county": null,
                                "countyDesc": null,
                                "country": null
                            },
                            "policyNumber": null,
                            "insuranceType": "COMMERCIAL",
                            "effectiveDate": "07/01/2011",
                            "terminationDate": "12/31/9999",
                            "verificationDate": "07/01/2011",
                            "phoneNumber": ""
                        }, {
                            "carrierName": "No Other Insurance",
                            "entityIdentifierCode": "PRP",
                            "entityIdentifierDescription": "Primary Payer",
                            "carrierAddress": {
                                "type": null,
                                "typeDesc": null,
                                "street1": "137 Dummy Street",
                                "street2": " ",
                                "street3": null,
                                "city": "WASHINGTON",
                                "state": "DC",
                                "zip": "20060",
                                "zipFour": null,
                                "county": null,
                                "countyDesc": null,
                                "country": null
                            },
                            "policyNumber": null,
                            "insuranceType": "COMMERCIAL",
                            "effectiveDate": "07/01/2011",
                            "terminationDate": "12/31/9999",
                            "verificationDate": "07/01/2011",
                            "phoneNumber": ""
                        }],
                        "eligibleMemberIdentifier": {
                            "firstName": "JECEFY",
                            "lastName": "WILLIAMSON BIRDEN",
                            "dateOfBirth": "03/26/1976",
                            "genderCode": "F",
                            "relationshipCode": "18"
                        }
                    }],
                    "VISION": [{
                        "eligibilityDetailsDisplay": {
                            "productCategory": "VIS",
                            "publicSubscriberId": "902967396",
                            "groupName": "RedPeg Marketing",
                            "groupNumber": "16DP",
                            "coverageLevel": "Family",
                            "productDescription": "BlueVision Plus",
                            "firstName": "JECEFY",
                            "lastName": "WILLIAMSON BIRDEN",
                            "dateOfBirth": "03/26/1976",
                            "genderDesc": "Female",
                            "genderCode": "F",
                            "relationshipDesc": "Self",
                            "relationshipCode": "18",
                            "gratuitous": false,
                            "studentStatus": null,
                            "handicapIndicator": null,
                            "coveragePeriodBeginDate": "Sep 01, 2017",
                            "coveragePeriodEndDate": "Jul 05, 2018",
                            "memberSinceDate": null,
                            "hideMemberCoveragePeriodDates": false,
                            "originalEffectiveDate": "06/01/2011",
                            "coverageStatus": "Inactive",
                            "pcpSelectedFlag": false,
                            "pcpName": null,
                            "cobStatus": "Update Needed",
                            "bsbsCode": "",
                            "productId": "",
                            "pediatricCoverage": false,
                            "adultCoverage": false,
                            "drugFormularyName": null
                        },
                        "pcpDetails": null,
                        "cobDetails": [{
                            "carrierName": "No Other Insurance",
                            "entityIdentifierCode": "PRP",
                            "entityIdentifierDescription": "Primary Payer",
                            "carrierAddress": {
                                "type": null,
                                "typeDesc": null,
                                "street1": "137 Dummy Street",
                                "street2": " ",
                                "street3": null,
                                "city": "WASHINGTON",
                                "state": "DC",
                                "zip": "20060",
                                "zipFour": null,
                                "county": null,
                                "countyDesc": null,
                                "country": null
                            },
                            "policyNumber": null,
                            "insuranceType": "COMMERCIAL",
                            "effectiveDate": "07/01/2011",
                            "terminationDate": "12/31/9999",
                            "verificationDate": "07/01/2011",
                            "phoneNumber": ""
                        }, {
                            "carrierName": "No Other Insurance",
                            "entityIdentifierCode": "PRP",
                            "entityIdentifierDescription": "Primary Payer",
                            "carrierAddress": {
                                "type": null,
                                "typeDesc": null,
                                "street1": "137 Dummy Street",
                                "street2": " ",
                                "street3": null,
                                "city": "WASHINGTON",
                                "state": "DC",
                                "zip": "20060",
                                "zipFour": null,
                                "county": null,
                                "countyDesc": null,
                                "country": null
                            },
                            "policyNumber": null,
                            "insuranceType": "COMMERCIAL",
                            "effectiveDate": "07/01/2011",
                            "terminationDate": "12/31/9999",
                            "verificationDate": "07/01/2011",
                            "phoneNumber": ""
                        }],
                        "eligibleMemberIdentifier": {
                            "firstName": "JECEFY",
                            "lastName": "WILLIAMSON BIRDEN",
                            "dateOfBirth": "03/26/1976",
                            "genderCode": "F",
                            "relationshipCode": "18"
                        }
                    }]
                },
                "SYARIEF|WILLIAMSON BIRDEN|12/26/1976|M|01": {
                    "MEDICAL": [{
                        "eligibilityDetailsDisplay": {
                            "productCategory": "MED",
                            "publicSubscriberId": "902967396",
                            "groupName": "RedPeg Marketing",
                            "groupNumber": "16DP",
                            "coverageLevel": "Family",
                            "productDescription": "HealthyBlue 2.0",
                            "firstName": "SYARIEF",
                            "lastName": "WILLIAMSON BIRDEN",
                            "dateOfBirth": "12/26/1976",
                            "genderDesc": "Male",
                            "genderCode": "M",
                            "relationshipDesc": "Spouse",
                            "relationshipCode": "01",
                            "gratuitous": false,
                            "studentStatus": null,
                            "handicapIndicator": null,
                            "coveragePeriodBeginDate": "Sep 01, 2017",
                            "coveragePeriodEndDate": "Jul 05, 2018",
                            "memberSinceDate": null,
                            "hideMemberCoveragePeriodDates": false,
                            "originalEffectiveDate": "06/01/2011",
                            "coverageStatus": "Inactive",
                            "pcpSelectedFlag": true,
                            "pcpName": "JAMES MIN",
                            "cobStatus": "Update Needed",
                            "bsbsCode": "BFFF",
                            "productId": "HCHVCF02",
                            "pediatricCoverage": false,
                            "adultCoverage": false,
                            "drugFormularyName": null
                        },
                        "pcpDetails": {
                            "pcpName": "JAMES MIN",
                            "pcpId": "X5540017",
                            "pcpAddressLine1": "15195 HEATHCOTE BOULEVARD",
                            "pcpAddressLine2": "SUITE 140",
                            "pcpCity": "Haymarket",
                            "pcpState": "VA",
                            "pcpZipCode": "20169",
                            "pcpPhoneNumber": null,
                            "pcpEffectiveDate": "11/05/2013",
                            "pcpTerminationDate": "12/31/9999",
                            "pcpFullName": "JAMES MIN"
                        },
                        "cobDetails": [{
                            "carrierName": "No Other Insurance",
                            "entityIdentifierCode": "PRP",
                            "entityIdentifierDescription": "Primary Payer",
                            "carrierAddress": {
                                "type": null,
                                "typeDesc": null,
                                "street1": "137 Dummy Street",
                                "street2": " ",
                                "street3": null,
                                "city": "WASHINGTON",
                                "state": "DC",
                                "zip": "20060",
                                "zipFour": null,
                                "county": null,
                                "countyDesc": null,
                                "country": null
                            },
                            "policyNumber": null,
                            "insuranceType": "COMMERCIAL",
                            "effectiveDate": "07/01/2011",
                            "terminationDate": "12/31/9999",
                            "verificationDate": "07/01/2011",
                            "phoneNumber": ""
                        }, {
                            "carrierName": "No Other Insurance",
                            "entityIdentifierCode": "PRP",
                            "entityIdentifierDescription": "Primary Payer",
                            "carrierAddress": {
                                "type": null,
                                "typeDesc": null,
                                "street1": "137 Dummy Street",
                                "street2": " ",
                                "street3": null,
                                "city": "WASHINGTON",
                                "state": "DC",
                                "zip": "20060",
                                "zipFour": null,
                                "county": null,
                                "countyDesc": null,
                                "country": null
                            },
                            "policyNumber": null,
                            "insuranceType": "COMMERCIAL",
                            "effectiveDate": "07/01/2011",
                            "terminationDate": "12/31/9999",
                            "verificationDate": "07/01/2011",
                            "phoneNumber": ""
                        }],
                        "eligibleMemberIdentifier": {
                            "firstName": "SYARIEF",
                            "lastName": "WILLIAMSON BIRDEN",
                            "dateOfBirth": "12/26/1976",
                            "genderCode": "M",
                            "relationshipCode": "01"
                        }
                    }],
                    "DENTAL": [{
                        "eligibilityDetailsDisplay": {
                            "productCategory": "DEN",
                            "publicSubscriberId": "902967396",
                            "groupName": "RedPeg Marketing",
                            "groupNumber": "16DP",
                            "coverageLevel": "Family",
                            "productDescription": "BlueDental Plus",
                            "firstName": "SYARIEF",
                            "lastName": "WILLIAMSON BIRDEN",
                            "dateOfBirth": "12/26/1976",
                            "genderDesc": "Male",
                            "genderCode": "M",
                            "relationshipDesc": "Spouse",
                            "relationshipCode": "01",
                            "gratuitous": false,
                            "studentStatus": null,
                            "handicapIndicator": null,
                            "coveragePeriodBeginDate": "Sep 01, 2017",
                            "coveragePeriodEndDate": "Jul 05, 2018",
                            "memberSinceDate": null,
                            "hideMemberCoveragePeriodDates": false,
                            "originalEffectiveDate": "06/01/2011",
                            "coverageStatus": "Inactive",
                            "pcpSelectedFlag": false,
                            "pcpName": null,
                            "cobStatus": "Update Needed",
                            "bsbsCode": "DP91",
                            "productId": "",
                            "pediatricCoverage": false,
                            "adultCoverage": false,
                            "drugFormularyName": null
                        },
                        "pcpDetails": null,
                        "cobDetails": [{
                            "carrierName": "No Other Insurance",
                            "entityIdentifierCode": "PRP",
                            "entityIdentifierDescription": "Primary Payer",
                            "carrierAddress": {
                                "type": null,
                                "typeDesc": null,
                                "street1": "137 Dummy Street",
                                "street2": " ",
                                "street3": null,
                                "city": "WASHINGTON",
                                "state": "DC",
                                "zip": "20060",
                                "zipFour": null,
                                "county": null,
                                "countyDesc": null,
                                "country": null
                            },
                            "policyNumber": null,
                            "insuranceType": "COMMERCIAL",
                            "effectiveDate": "07/01/2011",
                            "terminationDate": "12/31/9999",
                            "verificationDate": "07/01/2011",
                            "phoneNumber": ""
                        }, {
                            "carrierName": "No Other Insurance",
                            "entityIdentifierCode": "PRP",
                            "entityIdentifierDescription": "Primary Payer",
                            "carrierAddress": {
                                "type": null,
                                "typeDesc": null,
                                "street1": "137 Dummy Street",
                                "street2": " ",
                                "street3": null,
                                "city": "WASHINGTON",
                                "state": "DC",
                                "zip": "20060",
                                "zipFour": null,
                                "county": null,
                                "countyDesc": null,
                                "country": null
                            },
                            "policyNumber": null,
                            "insuranceType": "COMMERCIAL",
                            "effectiveDate": "07/01/2011",
                            "terminationDate": "12/31/9999",
                            "verificationDate": "07/01/2011",
                            "phoneNumber": ""
                        }],
                        "eligibleMemberIdentifier": {
                            "firstName": "SYARIEF",
                            "lastName": "WILLIAMSON BIRDEN",
                            "dateOfBirth": "12/26/1976",
                            "genderCode": "M",
                            "relationshipCode": "01"
                        }
                    }],
                    "DRUG": [{
                        "eligibilityDetailsDisplay": {
                            "productCategory": "DRG",
                            "publicSubscriberId": "902967396",
                            "groupName": "RedPeg Marketing",
                            "groupNumber": "16DP",
                            "coverageLevel": "Family",
                            "productDescription": "Prescription Drug (Integrated with Medical)",
                            "firstName": "SYARIEF",
                            "lastName": "WILLIAMSON BIRDEN",
                            "dateOfBirth": "12/26/1976",
                            "genderDesc": "Male",
                            "genderCode": "M",
                            "relationshipDesc": "Spouse",
                            "relationshipCode": "01",
                            "gratuitous": false,
                            "studentStatus": null,
                            "handicapIndicator": null,
                            "coveragePeriodBeginDate": "Sep 01, 2017",
                            "coveragePeriodEndDate": "Jul 05, 2018",
                            "memberSinceDate": null,
                            "hideMemberCoveragePeriodDates": false,
                            "originalEffectiveDate": "06/01/2011",
                            "coverageStatus": "Inactive",
                            "pcpSelectedFlag": false,
                            "pcpName": null,
                            "cobStatus": "Update Needed",
                            "bsbsCode": "",
                            "productId": "",
                            "pediatricCoverage": false,
                            "adultCoverage": false,
                            "drugFormularyName": null
                        },
                        "pcpDetails": null,
                        "cobDetails": [{
                            "carrierName": "No Other Insurance",
                            "entityIdentifierCode": "PRP",
                            "entityIdentifierDescription": "Primary Payer",
                            "carrierAddress": {
                                "type": null,
                                "typeDesc": null,
                                "street1": "137 Dummy Street",
                                "street2": " ",
                                "street3": null,
                                "city": "WASHINGTON",
                                "state": "DC",
                                "zip": "20060",
                                "zipFour": null,
                                "county": null,
                                "countyDesc": null,
                                "country": null
                            },
                            "policyNumber": null,
                            "insuranceType": "COMMERCIAL",
                            "effectiveDate": "07/01/2011",
                            "terminationDate": "12/31/9999",
                            "verificationDate": "07/01/2011",
                            "phoneNumber": ""
                        }, {
                            "carrierName": "No Other Insurance",
                            "entityIdentifierCode": "PRP",
                            "entityIdentifierDescription": "Primary Payer",
                            "carrierAddress": {
                                "type": null,
                                "typeDesc": null,
                                "street1": "137 Dummy Street",
                                "street2": " ",
                                "street3": null,
                                "city": "WASHINGTON",
                                "state": "DC",
                                "zip": "20060",
                                "zipFour": null,
                                "county": null,
                                "countyDesc": null,
                                "country": null
                            },
                            "policyNumber": null,
                            "insuranceType": "COMMERCIAL",
                            "effectiveDate": "07/01/2011",
                            "terminationDate": "12/31/9999",
                            "verificationDate": "07/01/2011",
                            "phoneNumber": ""
                        }],
                        "eligibleMemberIdentifier": {
                            "firstName": "SYARIEF",
                            "lastName": "WILLIAMSON BIRDEN",
                            "dateOfBirth": "12/26/1976",
                            "genderCode": "M",
                            "relationshipCode": "01"
                        }
                    }],
                    "VISION": [{
                        "eligibilityDetailsDisplay": {
                            "productCategory": "VIS",
                            "publicSubscriberId": "902967396",
                            "groupName": "RedPeg Marketing",
                            "groupNumber": "16DP",
                            "coverageLevel": "Family",
                            "productDescription": "BlueVision Plus",
                            "firstName": "SYARIEF",
                            "lastName": "WILLIAMSON BIRDEN",
                            "dateOfBirth": "12/26/1976",
                            "genderDesc": "Male",
                            "genderCode": "M",
                            "relationshipDesc": "Spouse",
                            "relationshipCode": "01",
                            "gratuitous": false,
                            "studentStatus": null,
                            "handicapIndicator": null,
                            "coveragePeriodBeginDate": "Sep 01, 2017",
                            "coveragePeriodEndDate": "Jul 05, 2018",
                            "memberSinceDate": null,
                            "hideMemberCoveragePeriodDates": false,
                            "originalEffectiveDate": "06/01/2011",
                            "coverageStatus": "Inactive",
                            "pcpSelectedFlag": false,
                            "pcpName": null,
                            "cobStatus": "Update Needed",
                            "bsbsCode": "",
                            "productId": "",
                            "pediatricCoverage": false,
                            "adultCoverage": false,
                            "drugFormularyName": null
                        },
                        "pcpDetails": null,
                        "cobDetails": [{
                            "carrierName": "No Other Insurance",
                            "entityIdentifierCode": "PRP",
                            "entityIdentifierDescription": "Primary Payer",
                            "carrierAddress": {
                                "type": null,
                                "typeDesc": null,
                                "street1": "137 Dummy Street",
                                "street2": " ",
                                "street3": null,
                                "city": "WASHINGTON",
                                "state": "DC",
                                "zip": "20060",
                                "zipFour": null,
                                "county": null,
                                "countyDesc": null,
                                "country": null
                            },
                            "policyNumber": null,
                            "insuranceType": "COMMERCIAL",
                            "effectiveDate": "07/01/2011",
                            "terminationDate": "12/31/9999",
                            "verificationDate": "07/01/2011",
                            "phoneNumber": ""
                        }, {
                            "carrierName": "No Other Insurance",
                            "entityIdentifierCode": "PRP",
                            "entityIdentifierDescription": "Primary Payer",
                            "carrierAddress": {
                                "type": null,
                                "typeDesc": null,
                                "street1": "137 Dummy Street",
                                "street2": " ",
                                "street3": null,
                                "city": "WASHINGTON",
                                "state": "DC",
                                "zip": "20060",
                                "zipFour": null,
                                "county": null,
                                "countyDesc": null,
                                "country": null
                            },
                            "policyNumber": null,
                            "insuranceType": "COMMERCIAL",
                            "effectiveDate": "07/01/2011",
                            "terminationDate": "12/31/9999",
                            "verificationDate": "07/01/2011",
                            "phoneNumber": ""
                        }],
                        "eligibleMemberIdentifier": {
                            "firstName": "SYARIEF",
                            "lastName": "WILLIAMSON BIRDEN",
                            "dateOfBirth": "12/26/1976",
                            "genderCode": "M",
                            "relationshipCode": "01"
                        }
                    }]
                },
                "JOAN|WILLIAMSON BIRDEN|01/30/2007|M|19": {
                    "MEDICAL": [{
                        "eligibilityDetailsDisplay": {
                            "productCategory": "MED",
                            "publicSubscriberId": "902967396",
                            "groupName": "RedPeg Marketing",
                            "groupNumber": "16DP",
                            "coverageLevel": "Family",
                            "productDescription": "HealthyBlue 2.0",
                            "firstName": "JOAN",
                            "lastName": "WILLIAMSON BIRDEN",
                            "dateOfBirth": "01/30/2007",
                            "genderDesc": "Male",
                            "genderCode": "M",
                            "relationshipDesc": "Child",
                            "relationshipCode": "19",
                            "gratuitous": false,
                            "studentStatus": null,
                            "handicapIndicator": "No",
                            "coveragePeriodBeginDate": "Sep 01, 2017",
                            "coveragePeriodEndDate": "Jul 05, 2018",
                            "memberSinceDate": null,
                            "hideMemberCoveragePeriodDates": false,
                            "originalEffectiveDate": "06/01/2011",
                            "coverageStatus": "Inactive",
                            "pcpSelectedFlag": true,
                            "pcpName": "SAMANTHA AHDOOT",
                            "cobStatus": "Update Needed",
                            "bsbsCode": "BFFF",
                            "productId": "HCHVCF02",
                            "pediatricCoverage": false,
                            "adultCoverage": false,
                            "drugFormularyName": null
                        },
                        "pcpDetails": {
                            "pcpName": "SAMANTHA AHDOOT",
                            "pcpId": "A6840015",
                            "pcpAddressLine1": "6355 WALKER LN",
                            "pcpAddressLine2": "STE 401",
                            "pcpCity": "Alexandria",
                            "pcpState": "VA",
                            "pcpZipCode": "22310",
                            "pcpPhoneNumber": null,
                            "pcpEffectiveDate": "06/01/2011",
                            "pcpTerminationDate": "12/31/9999",
                            "pcpFullName": "SAMANTHA AHDOOT"
                        },
                        "cobDetails": [{
                            "carrierName": "No Other Insurance",
                            "entityIdentifierCode": "PRP",
                            "entityIdentifierDescription": "Primary Payer",
                            "carrierAddress": {
                                "type": null,
                                "typeDesc": null,
                                "street1": "137 Dummy Street",
                                "street2": " ",
                                "street3": null,
                                "city": "WASHINGTON",
                                "state": "DC",
                                "zip": "20060",
                                "zipFour": null,
                                "county": null,
                                "countyDesc": null,
                                "country": null
                            },
                            "policyNumber": null,
                            "insuranceType": "COMMERCIAL",
                            "effectiveDate": "07/01/2011",
                            "terminationDate": "12/31/9999",
                            "verificationDate": "07/01/2011",
                            "phoneNumber": ""
                        }, {
                            "carrierName": "No Other Insurance",
                            "entityIdentifierCode": "PRP",
                            "entityIdentifierDescription": "Primary Payer",
                            "carrierAddress": {
                                "type": null,
                                "typeDesc": null,
                                "street1": "137 Dummy Street",
                                "street2": " ",
                                "street3": null,
                                "city": "WASHINGTON",
                                "state": "DC",
                                "zip": "20060",
                                "zipFour": null,
                                "county": null,
                                "countyDesc": null,
                                "country": null
                            },
                            "policyNumber": null,
                            "insuranceType": "COMMERCIAL",
                            "effectiveDate": "07/01/2011",
                            "terminationDate": "12/31/9999",
                            "verificationDate": "07/01/2011",
                            "phoneNumber": ""
                        }],
                        "eligibleMemberIdentifier": {
                            "firstName": "JOAN",
                            "lastName": "WILLIAMSON BIRDEN",
                            "dateOfBirth": "01/30/2007",
                            "genderCode": "M",
                            "relationshipCode": "19"
                        }
                    }],
                    "DENTAL": [{
                        "eligibilityDetailsDisplay": {
                            "productCategory": "DEN",
                            "publicSubscriberId": "902967396",
                            "groupName": "RedPeg Marketing",
                            "groupNumber": "16DP",
                            "coverageLevel": "Family",
                            "productDescription": "BlueDental Plus",
                            "firstName": "JOAN",
                            "lastName": "WILLIAMSON BIRDEN",
                            "dateOfBirth": "01/30/2007",
                            "genderDesc": "Male",
                            "genderCode": "M",
                            "relationshipDesc": "Child",
                            "relationshipCode": "19",
                            "gratuitous": false,
                            "studentStatus": null,
                            "handicapIndicator": "No",
                            "coveragePeriodBeginDate": "Sep 01, 2017",
                            "coveragePeriodEndDate": "Jul 05, 2018",
                            "memberSinceDate": null,
                            "hideMemberCoveragePeriodDates": false,
                            "originalEffectiveDate": "06/01/2011",
                            "coverageStatus": "Inactive",
                            "pcpSelectedFlag": false,
                            "pcpName": null,
                            "cobStatus": "Update Needed",
                            "bsbsCode": "DP91",
                            "productId": "",
                            "pediatricCoverage": false,
                            "adultCoverage": false,
                            "drugFormularyName": null
                        },
                        "pcpDetails": null,
                        "cobDetails": [{
                            "carrierName": "No Other Insurance",
                            "entityIdentifierCode": "PRP",
                            "entityIdentifierDescription": "Primary Payer",
                            "carrierAddress": {
                                "type": null,
                                "typeDesc": null,
                                "street1": "137 Dummy Street",
                                "street2": " ",
                                "street3": null,
                                "city": "WASHINGTON",
                                "state": "DC",
                                "zip": "20060",
                                "zipFour": null,
                                "county": null,
                                "countyDesc": null,
                                "country": null
                            },
                            "policyNumber": null,
                            "insuranceType": "COMMERCIAL",
                            "effectiveDate": "07/01/2011",
                            "terminationDate": "12/31/9999",
                            "verificationDate": "07/01/2011",
                            "phoneNumber": ""
                        }, {
                            "carrierName": "No Other Insurance",
                            "entityIdentifierCode": "PRP",
                            "entityIdentifierDescription": "Primary Payer",
                            "carrierAddress": {
                                "type": null,
                                "typeDesc": null,
                                "street1": "137 Dummy Street",
                                "street2": " ",
                                "street3": null,
                                "city": "WASHINGTON",
                                "state": "DC",
                                "zip": "20060",
                                "zipFour": null,
                                "county": null,
                                "countyDesc": null,
                                "country": null
                            },
                            "policyNumber": null,
                            "insuranceType": "COMMERCIAL",
                            "effectiveDate": "07/01/2011",
                            "terminationDate": "12/31/9999",
                            "verificationDate": "07/01/2011",
                            "phoneNumber": ""
                        }],
                        "eligibleMemberIdentifier": {
                            "firstName": "JOAN",
                            "lastName": "WILLIAMSON BIRDEN",
                            "dateOfBirth": "01/30/2007",
                            "genderCode": "M",
                            "relationshipCode": "19"
                        }
                    }],
                    "DRUG": [{
                        "eligibilityDetailsDisplay": {
                            "productCategory": "DRG",
                            "publicSubscriberId": "902967396",
                            "groupName": "RedPeg Marketing",
                            "groupNumber": "16DP",
                            "coverageLevel": "Family",
                            "productDescription": "Prescription Drug (Integrated with Medical)",
                            "firstName": "JOAN",
                            "lastName": "WILLIAMSON BIRDEN",
                            "dateOfBirth": "01/30/2007",
                            "genderDesc": "Male",
                            "genderCode": "M",
                            "relationshipDesc": "Child",
                            "relationshipCode": "19",
                            "gratuitous": false,
                            "studentStatus": null,
                            "handicapIndicator": "No",
                            "coveragePeriodBeginDate": "Sep 01, 2017",
                            "coveragePeriodEndDate": "Jul 05, 2018",
                            "memberSinceDate": null,
                            "hideMemberCoveragePeriodDates": false,
                            "originalEffectiveDate": "06/01/2011",
                            "coverageStatus": "Inactive",
                            "pcpSelectedFlag": false,
                            "pcpName": null,
                            "cobStatus": "Update Needed",
                            "bsbsCode": "",
                            "productId": "",
                            "pediatricCoverage": false,
                            "adultCoverage": false,
                            "drugFormularyName": null
                        },
                        "pcpDetails": null,
                        "cobDetails": [{
                            "carrierName": "No Other Insurance",
                            "entityIdentifierCode": "PRP",
                            "entityIdentifierDescription": "Primary Payer",
                            "carrierAddress": {
                                "type": null,
                                "typeDesc": null,
                                "street1": "137 Dummy Street",
                                "street2": " ",
                                "street3": null,
                                "city": "WASHINGTON",
                                "state": "DC",
                                "zip": "20060",
                                "zipFour": null,
                                "county": null,
                                "countyDesc": null,
                                "country": null
                            },
                            "policyNumber": null,
                            "insuranceType": "COMMERCIAL",
                            "effectiveDate": "07/01/2011",
                            "terminationDate": "12/31/9999",
                            "verificationDate": "07/01/2011",
                            "phoneNumber": ""
                        }, {
                            "carrierName": "No Other Insurance",
                            "entityIdentifierCode": "PRP",
                            "entityIdentifierDescription": "Primary Payer",
                            "carrierAddress": {
                                "type": null,
                                "typeDesc": null,
                                "street1": "137 Dummy Street",
                                "street2": " ",
                                "street3": null,
                                "city": "WASHINGTON",
                                "state": "DC",
                                "zip": "20060",
                                "zipFour": null,
                                "county": null,
                                "countyDesc": null,
                                "country": null
                            },
                            "policyNumber": null,
                            "insuranceType": "COMMERCIAL",
                            "effectiveDate": "07/01/2011",
                            "terminationDate": "12/31/9999",
                            "verificationDate": "07/01/2011",
                            "phoneNumber": ""
                        }],
                        "eligibleMemberIdentifier": {
                            "firstName": "JOAN",
                            "lastName": "WILLIAMSON BIRDEN",
                            "dateOfBirth": "01/30/2007",
                            "genderCode": "M",
                            "relationshipCode": "19"
                        }
                    }],
                    "VISION": [{
                        "eligibilityDetailsDisplay": {
                            "productCategory": "VIS",
                            "publicSubscriberId": "902967396",
                            "groupName": "RedPeg Marketing",
                            "groupNumber": "16DP",
                            "coverageLevel": "Family",
                            "productDescription": "BlueVision Plus",
                            "firstName": "JOAN",
                            "lastName": "WILLIAMSON BIRDEN",
                            "dateOfBirth": "01/30/2007",
                            "genderDesc": "Male",
                            "genderCode": "M",
                            "relationshipDesc": "Child",
                            "relationshipCode": "19",
                            "gratuitous": false,
                            "studentStatus": null,
                            "handicapIndicator": "No",
                            "coveragePeriodBeginDate": "Sep 01, 2017",
                            "coveragePeriodEndDate": "Jul 05, 2018",
                            "memberSinceDate": null,
                            "hideMemberCoveragePeriodDates": false,
                            "originalEffectiveDate": "06/01/2011",
                            "coverageStatus": "Inactive",
                            "pcpSelectedFlag": false,
                            "pcpName": null,
                            "cobStatus": "Update Needed",
                            "bsbsCode": "",
                            "productId": "",
                            "pediatricCoverage": false,
                            "adultCoverage": false,
                            "drugFormularyName": null
                        },
                        "pcpDetails": null,
                        "cobDetails": [{
                            "carrierName": "No Other Insurance",
                            "entityIdentifierCode": "PRP",
                            "entityIdentifierDescription": "Primary Payer",
                            "carrierAddress": {
                                "type": null,
                                "typeDesc": null,
                                "street1": "137 Dummy Street",
                                "street2": " ",
                                "street3": null,
                                "city": "WASHINGTON",
                                "state": "DC",
                                "zip": "20060",
                                "zipFour": null,
                                "county": null,
                                "countyDesc": null,
                                "country": null
                            },
                            "policyNumber": null,
                            "insuranceType": "COMMERCIAL",
                            "effectiveDate": "07/01/2011",
                            "terminationDate": "12/31/9999",
                            "verificationDate": "07/01/2011",
                            "phoneNumber": ""
                        }, {
                            "carrierName": "No Other Insurance",
                            "entityIdentifierCode": "PRP",
                            "entityIdentifierDescription": "Primary Payer",
                            "carrierAddress": {
                                "type": null,
                                "typeDesc": null,
                                "street1": "137 Dummy Street",
                                "street2": " ",
                                "street3": null,
                                "city": "WASHINGTON",
                                "state": "DC",
                                "zip": "20060",
                                "zipFour": null,
                                "county": null,
                                "countyDesc": null,
                                "country": null
                            },
                            "policyNumber": null,
                            "insuranceType": "COMMERCIAL",
                            "effectiveDate": "07/01/2011",
                            "terminationDate": "12/31/9999",
                            "verificationDate": "07/01/2011",
                            "phoneNumber": ""
                        }],
                        "eligibleMemberIdentifier": {
                            "firstName": "JOAN",
                            "lastName": "WILLIAMSON BIRDEN",
                            "dateOfBirth": "01/30/2007",
                            "genderCode": "M",
                            "relationshipCode": "19"
                        }
                    }]
                },
                "REDLEY|WILLIAMSON BIRDEN|03/15/2009|F|19": {
                    "MEDICAL": [{
                        "eligibilityDetailsDisplay": {
                            "productCategory": "MED",
                            "publicSubscriberId": "902967396",
                            "groupName": "RedPeg Marketing",
                            "groupNumber": "16DP",
                            "coverageLevel": "Family",
                            "productDescription": "HealthyBlue 2.0",
                            "firstName": "REDLEY",
                            "lastName": "WILLIAMSON BIRDEN",
                            "dateOfBirth": "03/15/2009",
                            "genderDesc": "Female",
                            "genderCode": "F",
                            "relationshipDesc": "Child",
                            "relationshipCode": "19",
                            "gratuitous": false,
                            "studentStatus": null,
                            "handicapIndicator": "No",
                            "coveragePeriodBeginDate": "Sep 01, 2017",
                            "coveragePeriodEndDate": "Jul 05, 2018",
                            "memberSinceDate": null,
                            "hideMemberCoveragePeriodDates": false,
                            "originalEffectiveDate": "06/01/2011",
                            "coverageStatus": "Inactive",
                            "pcpSelectedFlag": true,
                            "pcpName": "SAMANTHA AHDOOT",
                            "cobStatus": "Update Needed",
                            "bsbsCode": "BFFF",
                            "productId": "HCHVCF02",
                            "pediatricCoverage": false,
                            "adultCoverage": false,
                            "drugFormularyName": null
                        },
                        "pcpDetails": {
                            "pcpName": "SAMANTHA AHDOOT",
                            "pcpId": "A6840015",
                            "pcpAddressLine1": "6355 WALKER LN",
                            "pcpAddressLine2": "STE 401",
                            "pcpCity": "Alexandria",
                            "pcpState": "VA",
                            "pcpZipCode": "22310",
                            "pcpPhoneNumber": null,
                            "pcpEffectiveDate": "06/01/2011",
                            "pcpTerminationDate": "12/31/9999",
                            "pcpFullName": "SAMANTHA AHDOOT"
                        },
                        "cobDetails": [{
                            "carrierName": "No Other Insurance",
                            "entityIdentifierCode": "PRP",
                            "entityIdentifierDescription": "Primary Payer",
                            "carrierAddress": {
                                "type": null,
                                "typeDesc": null,
                                "street1": "137 Dummy Street",
                                "street2": " ",
                                "street3": null,
                                "city": "WASHINGTON",
                                "state": "DC",
                                "zip": "20060",
                                "zipFour": null,
                                "county": null,
                                "countyDesc": null,
                                "country": null
                            },
                            "policyNumber": null,
                            "insuranceType": "COMMERCIAL",
                            "effectiveDate": "07/01/2011",
                            "terminationDate": "12/31/9999",
                            "verificationDate": "07/01/2011",
                            "phoneNumber": ""
                        }, {
                            "carrierName": "No Other Insurance",
                            "entityIdentifierCode": "PRP",
                            "entityIdentifierDescription": "Primary Payer",
                            "carrierAddress": {
                                "type": null,
                                "typeDesc": null,
                                "street1": "137 Dummy Street",
                                "street2": " ",
                                "street3": null,
                                "city": "WASHINGTON",
                                "state": "DC",
                                "zip": "20060",
                                "zipFour": null,
                                "county": null,
                                "countyDesc": null,
                                "country": null
                            },
                            "policyNumber": null,
                            "insuranceType": "COMMERCIAL",
                            "effectiveDate": "07/01/2011",
                            "terminationDate": "12/31/9999",
                            "verificationDate": "07/01/2011",
                            "phoneNumber": ""
                        }],
                        "eligibleMemberIdentifier": {
                            "firstName": "REDLEY",
                            "lastName": "WILLIAMSON BIRDEN",
                            "dateOfBirth": "03/15/2009",
                            "genderCode": "F",
                            "relationshipCode": "19"
                        }
                    }],
                    "DENTAL": [{
                        "eligibilityDetailsDisplay": {
                            "productCategory": "DEN",
                            "publicSubscriberId": "902967396",
                            "groupName": "RedPeg Marketing",
                            "groupNumber": "16DP",
                            "coverageLevel": "Family",
                            "productDescription": "BlueDental Plus",
                            "firstName": "REDLEY",
                            "lastName": "WILLIAMSON BIRDEN",
                            "dateOfBirth": "03/15/2009",
                            "genderDesc": "Female",
                            "genderCode": "F",
                            "relationshipDesc": "Child",
                            "relationshipCode": "19",
                            "gratuitous": false,
                            "studentStatus": null,
                            "handicapIndicator": "No",
                            "coveragePeriodBeginDate": "Sep 01, 2017",
                            "coveragePeriodEndDate": "Jul 05, 2018",
                            "memberSinceDate": null,
                            "hideMemberCoveragePeriodDates": false,
                            "originalEffectiveDate": "06/01/2011",
                            "coverageStatus": "Inactive",
                            "pcpSelectedFlag": false,
                            "pcpName": null,
                            "cobStatus": "Update Needed",
                            "bsbsCode": "DP91",
                            "productId": "",
                            "pediatricCoverage": false,
                            "adultCoverage": false,
                            "drugFormularyName": null
                        },
                        "pcpDetails": null,
                        "cobDetails": [{
                            "carrierName": "No Other Insurance",
                            "entityIdentifierCode": "PRP",
                            "entityIdentifierDescription": "Primary Payer",
                            "carrierAddress": {
                                "type": null,
                                "typeDesc": null,
                                "street1": "137 Dummy Street",
                                "street2": " ",
                                "street3": null,
                                "city": "WASHINGTON",
                                "state": "DC",
                                "zip": "20060",
                                "zipFour": null,
                                "county": null,
                                "countyDesc": null,
                                "country": null
                            },
                            "policyNumber": null,
                            "insuranceType": "COMMERCIAL",
                            "effectiveDate": "07/01/2011",
                            "terminationDate": "12/31/9999",
                            "verificationDate": "07/01/2011",
                            "phoneNumber": ""
                        }, {
                            "carrierName": "No Other Insurance",
                            "entityIdentifierCode": "PRP",
                            "entityIdentifierDescription": "Primary Payer",
                            "carrierAddress": {
                                "type": null,
                                "typeDesc": null,
                                "street1": "137 Dummy Street",
                                "street2": " ",
                                "street3": null,
                                "city": "WASHINGTON",
                                "state": "DC",
                                "zip": "20060",
                                "zipFour": null,
                                "county": null,
                                "countyDesc": null,
                                "country": null
                            },
                            "policyNumber": null,
                            "insuranceType": "COMMERCIAL",
                            "effectiveDate": "07/01/2011",
                            "terminationDate": "12/31/9999",
                            "verificationDate": "07/01/2011",
                            "phoneNumber": ""
                        }],
                        "eligibleMemberIdentifier": {
                            "firstName": "REDLEY",
                            "lastName": "WILLIAMSON BIRDEN",
                            "dateOfBirth": "03/15/2009",
                            "genderCode": "F",
                            "relationshipCode": "19"
                        }
                    }],
                    "DRUG": [{
                        "eligibilityDetailsDisplay": {
                            "productCategory": "DRG",
                            "publicSubscriberId": "902967396",
                            "groupName": "RedPeg Marketing",
                            "groupNumber": "16DP",
                            "coverageLevel": "Family",
                            "productDescription": "Prescription Drug (Integrated with Medical)",
                            "firstName": "REDLEY",
                            "lastName": "WILLIAMSON BIRDEN",
                            "dateOfBirth": "03/15/2009",
                            "genderDesc": "Female",
                            "genderCode": "F",
                            "relationshipDesc": "Child",
                            "relationshipCode": "19",
                            "gratuitous": false,
                            "studentStatus": null,
                            "handicapIndicator": "No",
                            "coveragePeriodBeginDate": "Sep 01, 2017",
                            "coveragePeriodEndDate": "Jul 05, 2018",
                            "memberSinceDate": null,
                            "hideMemberCoveragePeriodDates": false,
                            "originalEffectiveDate": "06/01/2011",
                            "coverageStatus": "Inactive",
                            "pcpSelectedFlag": false,
                            "pcpName": null,
                            "cobStatus": "Update Needed",
                            "bsbsCode": "",
                            "productId": "",
                            "pediatricCoverage": false,
                            "adultCoverage": false,
                            "drugFormularyName": null
                        },
                        "pcpDetails": null,
                        "cobDetails": [{
                            "carrierName": "No Other Insurance",
                            "entityIdentifierCode": "PRP",
                            "entityIdentifierDescription": "Primary Payer",
                            "carrierAddress": {
                                "type": null,
                                "typeDesc": null,
                                "street1": "137 Dummy Street",
                                "street2": " ",
                                "street3": null,
                                "city": "WASHINGTON",
                                "state": "DC",
                                "zip": "20060",
                                "zipFour": null,
                                "county": null,
                                "countyDesc": null,
                                "country": null
                            },
                            "policyNumber": null,
                            "insuranceType": "COMMERCIAL",
                            "effectiveDate": "07/01/2011",
                            "terminationDate": "12/31/9999",
                            "verificationDate": "07/01/2011",
                            "phoneNumber": ""
                        }, {
                            "carrierName": "No Other Insurance",
                            "entityIdentifierCode": "PRP",
                            "entityIdentifierDescription": "Primary Payer",
                            "carrierAddress": {
                                "type": null,
                                "typeDesc": null,
                                "street1": "137 Dummy Street",
                                "street2": " ",
                                "street3": null,
                                "city": "WASHINGTON",
                                "state": "DC",
                                "zip": "20060",
                                "zipFour": null,
                                "county": null,
                                "countyDesc": null,
                                "country": null
                            },
                            "policyNumber": null,
                            "insuranceType": "COMMERCIAL",
                            "effectiveDate": "07/01/2011",
                            "terminationDate": "12/31/9999",
                            "verificationDate": "07/01/2011",
                            "phoneNumber": ""
                        }],
                        "eligibleMemberIdentifier": {
                            "firstName": "REDLEY",
                            "lastName": "WILLIAMSON BIRDEN",
                            "dateOfBirth": "03/15/2009",
                            "genderCode": "F",
                            "relationshipCode": "19"
                        }
                    }],
                    "VISION": [{
                        "eligibilityDetailsDisplay": {
                            "productCategory": "VIS",
                            "publicSubscriberId": "902967396",
                            "groupName": "RedPeg Marketing",
                            "groupNumber": "16DP",
                            "coverageLevel": "Family",
                            "productDescription": "BlueVision Plus",
                            "firstName": "REDLEY",
                            "lastName": "WILLIAMSON BIRDEN",
                            "dateOfBirth": "03/15/2009",
                            "genderDesc": "Female",
                            "genderCode": "F",
                            "relationshipDesc": "Child",
                            "relationshipCode": "19",
                            "gratuitous": false,
                            "studentStatus": null,
                            "handicapIndicator": "No",
                            "coveragePeriodBeginDate": "Sep 01, 2017",
                            "coveragePeriodEndDate": "Jul 05, 2018",
                            "memberSinceDate": null,
                            "hideMemberCoveragePeriodDates": false,
                            "originalEffectiveDate": "06/01/2011",
                            "coverageStatus": "Inactive",
                            "pcpSelectedFlag": false,
                            "pcpName": null,
                            "cobStatus": "Update Needed",
                            "bsbsCode": "",
                            "productId": "",
                            "pediatricCoverage": false,
                            "adultCoverage": false,
                            "drugFormularyName": null
                        },
                        "pcpDetails": null,
                        "cobDetails": [{
                            "carrierName": "No Other Insurance",
                            "entityIdentifierCode": "PRP",
                            "entityIdentifierDescription": "Primary Payer",
                            "carrierAddress": {
                                "type": null,
                                "typeDesc": null,
                                "street1": "137 Dummy Street",
                                "street2": " ",
                                "street3": null,
                                "city": "WASHINGTON",
                                "state": "DC",
                                "zip": "20060",
                                "zipFour": null,
                                "county": null,
                                "countyDesc": null,
                                "country": null
                            },
                            "policyNumber": null,
                            "insuranceType": "COMMERCIAL",
                            "effectiveDate": "07/01/2011",
                            "terminationDate": "12/31/9999",
                            "verificationDate": "07/01/2011",
                            "phoneNumber": ""
                        }, {
                            "carrierName": "No Other Insurance",
                            "entityIdentifierCode": "PRP",
                            "entityIdentifierDescription": "Primary Payer",
                            "carrierAddress": {
                                "type": null,
                                "typeDesc": null,
                                "street1": "137 Dummy Street",
                                "street2": " ",
                                "street3": null,
                                "city": "WASHINGTON",
                                "state": "DC",
                                "zip": "20060",
                                "zipFour": null,
                                "county": null,
                                "countyDesc": null,
                                "country": null
                            },
                            "policyNumber": null,
                            "insuranceType": "COMMERCIAL",
                            "effectiveDate": "07/01/2011",
                            "terminationDate": "12/31/9999",
                            "verificationDate": "07/01/2011",
                            "phoneNumber": ""
                        }],
                        "eligibleMemberIdentifier": {
                            "firstName": "REDLEY",
                            "lastName": "WILLIAMSON BIRDEN",
                            "dateOfBirth": "03/15/2009",
                            "genderCode": "F",
                            "relationshipCode": "19"
                        }
                    }]
                }
            },
            "responseContext": {
                "success": true,
                "guid": 20703657,
                "responseTime": 1039
            }
        }
    }
}




