{
    "request": {
      "path": "getActivityFeed.json",
      "method": "get",
      "query": {
        "accountId": "CD.1111"
      }
    },
    "response": {
      "status": 200,
      "data":{"activityFeedList":[{"sessionId":"21550249","deviceType":"DESKTOP","webBrowser":"Chrome","operSysName":"Windows 7","applnName":"WEB","relativeTimeDiffLastLogin":"8 minutes ago","userJourneyDetails":[{"pageDescription":"Landing Page","timeSpentOnPage":"09:09 AM","timeStamp":"02/01/2019 09:09 AM"},{"pageDescription":"Login page","timeSpentOnPage":"7 Min 0 Sec","timeStamp":"02/01/2019 09:16 AM"},{"pageDescription":"Anti Phishing page","timeSpentOnPage":"1 Min 0 Sec","timeStamp":"02/01/2019 09:17 AM"},{"pageDescription":"Landing Page","timeSpentOnPage":"0 Sec","timeStamp":"02/01/2019 09:17 AM"}]},{"sessionId":"21550242","deviceType":"DESKTOP","webBrowser":"Chrome","operSysName":"Windows 7","applnName":"WEB","relativeTimeDiffLastLogin":"9 minutes ago","userJourneyDetails":[{"pageDescription":"Landing Page","timeSpentOnPage":"09:08 AM","timeStamp":"02/01/2019 09:08 AM"}]},{"sessionId":"21550212","deviceType":"DESKTOP","webBrowser":"Chrome","operSysName":"Windows 7","applnName":"WEB","relativeTimeDiffLastLogin":"25 minutes ago","userJourneyDetails":[{"pageDescription":"Landing Page","timeSpentOnPage":"08:52 AM","timeStamp":"02/01/2019 08:52 AM"}]},{"sessionId":"21550195","deviceType":"DESKTOP","webBrowser":"Chrome","operSysName":"Windows 7","applnName":"WEB","relativeTimeDiffLastLogin":"40 minutes ago","userJourneyDetails":[{"pageDescription":"Landing Page","timeSpentOnPage":"08:37 AM","timeStamp":"02/01/2019 08:37 AM"}]},{"sessionId":"21550170","deviceType":"DESKTOP","webBrowser":"Chrome","operSysName":"Windows 7","applnName":"WEB","relativeTimeDiffLastLogin":"59 minutes ago","userJourneyDetails":[{"pageDescription":"Landing Page","timeSpentOnPage":"08:18 AM","timeStamp":"02/01/2019 08:18 AM"},{"pageDescription":"Landing Page","timeSpentOnPage":"0 Sec","timeStamp":"02/01/2019 08:18 AM"}]}],"responseContext":{"success":true,"guid":21550249,"responseTime":67}}
      
    }
  }
  