{
  "request": {
    "path": "getTeamsiteForeignLanguageLinks.json"
  },
  "response": {
    "status": 200,
    "data": {
      "contentForeignLanguagePageLinks": {
        "Bassa": {
          "text": "Ɓǎsɔ́ɔ̀-wùɖù",
          "url": "/members/pop-up/language-assistance.page?#bassa",
          "title": "Bassa",
          "target": "_blank"
        },
        "Bengali": {
          "text": "বাংলা",
          "url": "/members/pop-up/language-assistance.page?#bengali",
          "title": "Bengali",
          "target": "_blank"
        },
        "Navajo": {
          "text": "Diné Bizaad",
          "url": "/members/pop-up/language-assistance.page?#navajo",
          "title": "Navajo",
          "target": "_self"
        },
        "Korean": {
          "text": "한국어",
          "url": "/members/pop-up/language-assistance.page?#korean",
          "title": "Korean",
          "target": "_blank"
        },
        "German": {
          "text": "Deutsch",
          "url": "/members/pop-up/language-assistance.page?#german",
          "title": "German",
          "target": "_blank"
        },
        "Amharic": {
          "text": "አማርኛ",
          "url": "/members/pop-up/language-assistance.page?#amharic",
          "title": "Amharic",
          "target": "_blank"
        },
        "Igbo": {
          "text": "Igbo",
          "url": "/members/pop-up/language-assistance.page?#igbo",
          "title": "Igbo",
          "target": "_blank"
        },
        "Arabic": {
          "text": "للغة العربية",
          "url": "/members/pop-up/language-assistance.page?#arabic",
          "title": "Arabic",
          "target": "_blank"
        },
        "Farsi": {
          "text": "فارسی",
          "url": "/members/pop-up/language-assistance.page?#farsi",
          "title": "Farsi",
          "target": "_blank"
        },
        "Chinese": {
          "text": "中文繁体",
          "url": "/members/pop-up/language-assistance.page?#chinese",
          "title": "Chinese",
          "target": "_blank"
        },
        "Urdu": {
          "text": "اردو",
          "url": "/members/pop-up/language-assistance.page?#urdu",
          "title": "Urdu",
          "target": "_blank"
        },
        "English": {
          "text": "English",
          "url": "/members/pop-up/language-assistance.page?#english",
          "title": "English",
          "target": "_blank"
        },
        "Ede Yoruba": {
          "text": "Èdè Yorùbá",
          "url": "/members/pop-up/language-assistance.page?#yoruba",
          "title": "Ede Yoruba",
          "target": "_blank"
        },
        "Hindi": {
          "text": "हिन्दी",
          "url": "/members/pop-up/language-assistance.page?#hindi",
          "title": "Hindi",
          "target": "_blank"
        },
        "Russian": {
          "text": "Русский",
          "url": "/members/pop-up/language-assistance.page?#russian",
          "title": "Russian",
          "target": "_blank"
        },
        "Spanish": {
          "text": "Español",
          "url": "/members/pop-up/language-assistance.page?#spanish",
          "title": "Spanish",
          "target": "_blank"
        },
        "French": {
          "text": "Français",
          "url": "/members/pop-up/language-assistance.page?#french",
          "title": "French",
          "target": "_blank"
        },
        "Tagalog": {
          "text": "Tagalog",
          "url": "/members/pop-up/language-assistance.page?#tagalog",
          "title": "Tagalog",
          "target": "_blank"
        },
        "Vietnamese": {
          "text": "Tiếng Việt",
          "url": "/members/pop-up/language-assistance.page?#vietnamese",
          "title": "Vietnamese",
          "target": "_blank"
        }
      },
      "responseContext": {
        "success": true,
        "guid": 19749917,
        "responseTime": 29
      }
    }
  }
}