{
    "comment": "Get MemberOutOfPocket Tool Link",
    "request": {
        "path": "getMemberOutOfPocketToolLink.json",
        "method": "get"
    },
    "response": {
        "status": 200,
        "data": {
            "HSQURL": "https://imptstweb.healthsparq.com/treatment/index.shtml",
            "responseContext": {
                "success": true,
                "guid": 12003696,
                "responseTime": 234
            },
            "URL": "/FIM/sps/SAML20HSPn/saml20/logininitial?RequestBinding=HTTPPost&PartnerId=sp_carefirst&NameIdFormat=persistent&AllowCreate=true&Target=/mos/index.html%23/mop/tceFrame?GUID=b453eaa9f14d99e5786442fbf768694e57ef7662bbd6d029"
        }
    }   
}