{
    "request": {
        "path": "getMemberTINDetails.json",
        "method": "get"
    },
    "responseContext": {
        "success": true,
        "guid": 19763176,
        "responseTime": 54
    },
    "response": {
        "status": 200,
        "data": {
            "tinMemberDetails": [
                {
                    "firstName": "LUCINE",
                    "lastName": "NOVOTNY JR",
                    "dateOfBirth": "09/26/1969",
                    "relationshipCode": "18",
                    "maskedTin": "*****9597",
                    "displayName": "LUCINE NOVOTNY JR (09/26/1969)",
                    "memberIdentifier": "LUCINE|NOVOTNY JR|09/26/1969|F|18"
                },
                {
                    "firstName": "WORBAL",
                    "lastName": "NOVOTNY JR",
                    "dateOfBirth": "04/24/1972",
                    "relationshipCode": "01",
                    "maskedTin": "*****3178",
                    "displayName": "WORBAL NOVOTNY JR (04/24/1972)",
                    "memberIdentifier": "WORBAL|NOVOTNY JR|04/24/1972|M|01"
                },
                {
                    "firstName": "RUVY",
                    "lastName": "NOVOTNY JR",
                    "dateOfBirth": "04/30/2001",
                    "relationshipCode": "19",
                    "maskedTin": "",
                    "displayName": "RUVY NOVOTNY JR (04/30/2001)",
                    "memberIdentifier": "RUVY|NOVOTNY JR|04/30/2001|F|19"
                },
                {
                    "firstName": "FANTU",
                    "lastName": "NOVOTNY JR",
                    "dateOfBirth": "06/25/2005",
                    "relationshipCode": "19",
                    "maskedTin": "",
                    "displayName": "FANTU NOVOTNY JR (06/25/2005)",
                    "memberIdentifier": "FANTU|NOVOTNY JR|06/25/2005|M|19"
                }
            ]
        }
    }
}