{
    "request": {
        "path": "getTINFormList.json",
        "method": "get"
    },
    "response": {
        "status": 200,
        "data": {
            "tinFormDetails": [
                {
                    "formId": "728309",
                    "subject": "2016 1095-B Form for CareFirst BlueChoice, Inc."
                },
                {
                    "formId": "728309",
                    "subject": "2016 1095-B Form for CareFirst BlueRewards, Inc."
                }
                
            ],
            "responseContext": {
                "success": true,
                "guid": 19806205,
                "responseTime": 16
              }
            
            }
    }
}