{
    "comment": "Get Available time slots",
    "request": {
        "path": "getAvailableTimeSlots.json",
        "method": "get"
    },
    "response": {
        "status": 200,
        "data": {
            "timeAndContactDetails": {
                "availableTimeSlots": [
                    {
                        "time": "12:00",
                        "meridian": "AM"
                    },
                    {
                        "time": "12:30",
                        "meridian": "AM"
                    },
                    {
                        "time": "01:00",
                        "meridian": "AM"
                    },
                    {
                        "time": "01:30",
                        "meridian": "AM"
                    },
                    {
                        "time": "02:00",
                        "meridian": "AM"
                    },
                    {
                        "time": "02:30",
                        "meridian": "AM"
                    },
                    {
                        "time": "03:00",
                        "meridian": "AM"
                    },
                    {
                        "time": "03:30",
                        "meridian": "AM"
                    },
                    {
                        "time": "04:00",
                        "meridian": "AM"
                    },
                    {
                        "time": "04:30",
                        "meridian": "AM"
                    },
                    {
                        "time": "05:00",
                        "meridian": "AM"
                    },
                    {
                        "time": "05:30",
                        "meridian": "AM"
                    }
                ],
                "contactName": "SRAVANSHETTY",
                "contactNumber": "888-567-9887"
            },
            "responseContext": {
                "success": true,
                "guid": 20125068,
                "responseTime": 118
            }
        }
    }
}