{
    "comment": "Get Available time slots",
    "request": {
        "path": "getAvailableTimeSlots.json",
        "method": "get",
        "query": {
            "accountId": "222222"
        }
    },
    "response": {
        "status": 200,
        "data": {
            "error": {
                    "code": "002.001",
                    "msg": "Unexpected error"
                },
                "responseContext": {
                    "success": false,
                    "guid": 19878891,
                    "responseTime": -1
                }
            }
        }
    }