{
    "comment": "Rechedule call",
    "request": {
        "path": "reScheduleCall.json",
        "method": "get"
    },
    "response": {
        "status": 200,
        "data": {
            "newScheduledTime": {
                "day": 3,
                "month": "July",
                "year": 2018,
                "weekDay": "Tuesday",
                "hour": "02",
                "minute": "30",
                "meridian": "AM"
            },
            "responseContext": {
                "success": true,
                "guid": 20378056,
                "responseTime": 804
            }
        }
    }
}