{
    "comment" : "Schedule call",
    "request" : {
        "path": "scheduleCall.json",
        "method" : "get"
    },
    "response" : {
        "status" : 200,
        "data" : {
            "scheduledTime": {
                "weekDay": "Monday",
                "month" : "March",
                "day" : "14",
                "year": "2019",
                "hour": "06",
                "minute":"00",
                "meridian":"PM"

            },
            "responseContext": {
              "success": true,
              "guid": 19660472,
              "responseTime": 816
            }
        }
    }
  }