{
    "responseContext": {
        "success": true
    },
   "landingQuicklinks" : [
    { "name": "Find a Doctor", "icon": "user-md", "route": "/fad/search", "featureFlag": "showFindMyProviders", "routeType": "location" },
    { "name": "Find a Doctor", "icon": "user-md", "route": "/fadsd/search", "featureFlag": "showCareSelect", "routeType": "location" },
    { "name": "Blue Rewards", "icon": "br-completed", "route": "/bluerewards/home", "featureFlag": "showBlueRewardsClientFlag", "routeType": "location" },
    { "name": "Balances & Transactions", "icon": "br-incentive-card", "route": "brBalance", "featureFlag": "showBWTermedClientFlag", "routeType": "sso" },
    { "name": "Waive Coverage", "icon": "times-shield", "route": "waiveCoverage", "featureFlag": "showStudentHealthPlanWaiver", "routeType": "waiveCoverage" },
    { "name": "Health Assessment & Online Coaching", "icon": "br-assessment-circle", "route": "hFitHW", "featureFlag": "showHAOnlineCoachingHW && memberNotRenewed", "routeType": "sso" },
    { "name": "Health Assessment & Online Coaching", "icon": "br-assessment-circle", "route": "hFit", "featureFlag": "showHAOnlineCoachingHIFT && memberNotRenewed", "routeType": "sso" },
    { "name": "Health Assessment & Online Coaching", "icon": "br-assessment-circle", "route": "/healthAssessment", "featureFlag": "showHAOnlineCoachingBR && memberNotRenewed", "routeType": "location" },
    { "name": "Health Assessment & Online Programs", "icon": "br-assessment-circle", "route": "hFitHW", "featureFlag": "showHAOnlineCoachingHW && memberRenewed", "routeType": "sso" },
    { "name": "Health Assessment & Online Programs", "icon": "br-assessment-circle", "route": "hFit", "featureFlag": "showHAOnlineCoachingHIFT && memberRenewed", "routeType": "sso" },
    { "name": "Health Assessment & Online Programs", "icon": "br-assessment-circle", "route": "/healthAssessment", "featureFlag": "showHAOnlineCoachingBR && memberRenewed", "routeType": "location" },
    { "name": "Wellness Program", "icon": "br-completed", "route": "/bluerewards/home", "featureFlag": "showWellnessOnlyMemberClientFlag ||showBlueRewardsHouseAccountClientFlag", "routeType": "location" },
    { "name": "Wellness Program", "icon": "br-completed", "route": "/wellness/home", "featureFlag": "showSOMWellnessMemberClientFlag", "routeType": "location" },
    { "name": "Vision Resources", "icon": "vision-shield", "route": "/davis", "featureFlag": "showDavisVisionSSO", "routeType": "location" },
    { "name": "Drug and Pharmacy Resources", "icon": "pill-new", "route": "/drugs", "featureFlag": "showCVSDrugAndPharmacyResources", "routeType": "location" },
    { "name": "Explanation of Benefits", "icon": "file", "route": "/eob/search/", "featureFlag": "showLegacyEOBClientFlag", "routeType": "location" },
    { "name": "Explanation of Benefits", "icon": "file", "route": "/claimsRedesign/listing/eob", "featureFlag": "showEnhancedEOBClientFlag", "routeType": "location" },
    { "name": "Benefit Details", "icon": "shield-info", "route": "/benefits/home", "featureFlag": "showHCBOCoverageBenefits || showWhatsCovered || showDentalWhatsCovered || showNascoWhatsCovered || showNascoEBSWhatsCovered", "routeType": "location" },
    { "name": "Drug Pricing Tool", "icon": "pill-new", "route": "drugPricing", "featureFlag": "showDrugPricingTool||showCVSDrugCoverageAndCost", "routeType": "sso" },
    { "name": "Need Health Insurance?", "icon": "buy-insurance", "route": "https://individual.carefirst.com/individuals-families/home.page", "featureFlag": "showNeedToBuyInsurance", "routeType": "externalLink" },
    { "name": "Treatment Cost Estimator", "icon": "dollar", "route": "/mop/startpage", "featureFlag": "showTreatmentCostEstimator", "routeType": "location" },
    { "name": "Treatment Cost Estimator", "icon": "dollar", "route": "/sdtce/startpage", "featureFlag": "showCSTreatmentCostEstimator", "routeType": "location" },
    { "name": "Submit a Claim Online", "icon": "form", "route": "/onlineClaims/savedClaims", "featureFlag": "showUploadMedicalClaim || showUploadDentalClaim", "routeType": "location" },
    { "name": "Year End Summary", "icon": "graph", "route": "/yes/home", "featureFlag": "showEOYEOB", "routeType": "location" },
    { "name": "My Documents", "icon": "files", "route": "/documents", "featureFlag": "showManageMyDocuments", "routeType": "location" },
    { "name": "Blue365", "icon": "br-completed", "route": "wellness.discounts", "featureFlag": "showBlue365", "routeType": "pageContent" }

   ]
}