{
    "comment" : "Random Challenges Success",
    "request" : {
        "path": "randomChallenges.json",
        "method" : "get",
        "query" : {
            "answer1":"a",
            "answer2":"a"
                    }
        
    },
    "response" : {
        "status" : 200,
        "data" : {
            "message" : "Random Challenges Successful",
            "userId":"fang08",
            "responseContext": {
              "success": true,
              "guid": 19660472,
              "responseTime": 816
            }
        }
    }
  }
   