<?xml version="1.0" encoding="UTF-8"?>
<Configuration monitorInterval="1">
	<Properties>
		<Property name="log-path">C:/usr/sb/logs/Icentric/</Property>	
	 	<!-- <Property name="log-path">C:/ICentricMedAdvantageInbound</Property> -->
	</Properties>
	<Appenders>
	
<!-- 		<Console name="Console-Appender" target="SYSTEM_OUT"> -->
<!-- 			<PatternLayout> -->
<!-- 				<pattern> -->
<!-- 					%d %-5p [%t] [%x] %c - %m%n -->
<!-- 				</pattern> -->
<!-- 			</PatternLayout> -->
<!-- 		</Console> -->
		
		<RollingFile name="App-Error-File-Appender">
			<FileName>${log-path}/ICentricMedAdvantageInbound_error.log</FileName>
			<FilePattern>${log-path}/ICentricMedAdvantageInbound_error-%d{yyyy-MM-dd}-%i.log</FilePattern>
			<PatternLayout>
				<Pattern>%d %-5p [%X{transactionId}] (%F\:%L) - %m%n</Pattern>
			</PatternLayout>
			<Policies>
				<TimeBasedTriggeringPolicy interval="1" modulate="true"/>
				<SizeBasedTriggeringPolicy size="10MB" />
			</Policies>
			<DefaultRolloverStrategy max="5" />
			<maxHistory>5</maxHistory> 
		</RollingFile>
		<RollingFile name="App-File-Appender">
			<FileName>${log-path}/ICentricMedAdvantageInbounds.log</FileName>
			<FilePattern>${log-path}/ICentricMedAdvantageInbound-%d{yyyy-MM-dd}-%i.log</FilePattern>
			<PatternLayout>
				<Pattern>%d %-5p [%X{transactionId}] (%F\:%L) - %m%n</Pattern>
			</PatternLayout>
			<Policies>
				<TimeBasedTriggeringPolicy interval="1" modulate="true"/>
				 <SizeBasedTriggeringPolicy size="10MB" />
			</Policies>
			<DefaultRolloverStrategy max="5" />
			<maxHistory>5</maxHistory> 
		</RollingFile>
		<RollingFile name="SpringBoot-File-Appender">
			<FileName>${log-path}/ICentricMedAdvantageInbound_system.log</FileName>
			<FilePattern>${log-path}/ICentricMedAdvantageInbound_system-%d{yyyy-MM-dd}-%i.log</FilePattern>
			<PatternLayout>
				<Pattern>%d %-5p [%X{transactionId}] (%F\:%L) - %m%n</Pattern>
			</PatternLayout>
			<Policies>
				<TimeBasedTriggeringPolicy interval="1" modulate="true"/>
				<SizeBasedTriggeringPolicy size="10MB" />
			</Policies>
			<DefaultRolloverStrategy max="5" />
			<maxHistory>5</maxHistory> 
		</RollingFile>
	</Appenders>
	<Loggers>
		<Logger name="org.springframework.batch.core.job" level="info">
			<AppenderRef ref="App-File-Appender" />
<!-- 			<AppenderRef ref="Console-Appender" /> -->
		</Logger>
		<Logger name="org.springframework" additivity="false">
			<AppenderRef ref="SpringBoot-File-Appender" />
<!-- 			<AppenderRef ref="Console-Appender" /> -->
		</Logger>
		<Logger name="org.springframework" additivity="false">
			<AppenderRef ref="SpringBoot-File-Appender" />
<!-- 			<AppenderRef ref="Console-Appender" /> -->
		</Logger>
		<Root level="info">
			<AppenderRef ref="Console-Appender" />
			<AppenderRef ref="App-File-Appender" />
			<AppenderRef ref="App-Error-File-Appender" level="error"/>
			<!-- <AppenderRef ref="SpringBoot-File-Appender" /> -->		
		</Root>
	</Loggers>
</Configuration>