{
  "request": {
    "path": "getMemberContactDetails.json",
    "method": "get",
    "query": {
      "accountId": "CD.1111"
    }
  },
  "response": {
    "status": 200,
    "data": {     
      "memberContactDetails": [
        {
          "contactType": "001",
          "contactTypeDesc": "HOME PHONE NUMBER",
          "contactValue": "1111111111",
          "contactExtn": null
        },
        {
          "contactType": "003",
          "contactTypeDesc": "MAILING PHONE NUMBER",
          "contactValue": "1111111111",
          "contactExtn": null
        }
      ],
      "responseContext": {
        "success": true,
        "guid": 20280083,
        "responseTime": 22
      },
      "sourceRefreshed": "N"
    }
  }
}