{
  "request": {
    "path": "getMemberRELICCDetails.json",
    "method": "get",
    "query": {
      "accountId": "CD.1111"
    }
  },
  "response": {
    "status": 200,
    "data": {     
      "reliccMemberDetails": [
        {
          "firstName": "TOBIAS",
          "lastName": "DIEGOMINT",
          "dateOfBirth": "01/05/1973",
          "relationshipCode": "18",
          "displayName": "TOBIAS (01/05/1973)",
          "race": "Not provided/Decline to answer",
          "ethnicity": "Not Provided/No Response",
          "language": "Not Provided/No Response",
          "countryOfBirth": "Not Provided",
          "memberIdentifier": "TOBIAS|DIEGOMINT|01/05/1973|M|18"
        },
        {
          "firstName": "EMERSYN",
          "lastName": "DIEGOMINT",
          "dateOfBirth": "02/06/1980",
          "relationshipCode": "01",
          "displayName": "EMERSYN (02/06/1980)",
          "race": "Not provided/Decline to answer",
          "ethnicity": "Not Provided/No Response",
          "language": "Not Provided/No Response",
          "countryOfBirth": "Not Provided",
          "memberIdentifier": "EMERSYN|DIEGOMINT|02/06/1980|F|01"
        },
        {
          "firstName": "EMERY",
          "lastName": "DIEGOMINT",
          "dateOfBirth": "11/01/1997",
          "relationshipCode": "19",
          "displayName": "EMERY (11/01/1997)",
          "race": "Not provided/Decline to answer",
          "ethnicity": "Not Provided/No Response",
          "language": "Not Provided/No Response",
          "countryOfBirth": "Not Provided",
          "memberIdentifier": "EMERY|DIEGOMINT|11/01/1997|M|19"
        },
        {
          "firstName": "EMMALYN",
          "lastName": "DIEGOMINT",
          "dateOfBirth": "06/02/2000",
          "relationshipCode": "19",
          "displayName": "EMMALYN (06/02/2000)",
          "race": "Not provided/Decline to answer",
          "ethnicity": "Not Provided/No Response",
          "language": "Not Provided/No Response",
          "countryOfBirth": "Not Provided",
          "memberIdentifier": "EMMALYN|DIEGOMINT|06/02/2000|F|19"
        }
      ],
      "responseContext": {
        "success": true,
        "guid": 20324538,
        "responseTime": 20
      }
    }
  }
}