{
  "request": {
    "path": "getMemberAddressDetails.json",
    "method": "get",
    "query": {
      "accountId": "CD.1111"
    }
  },
  "response": {
    "status": 200,
    "data": {     
      "memberAddressDetails": [
        {
          "membAddr": {
            "type": "10",
            "typeDesc": "INVOICE",
            "street1": "P O Box 550",
            "street2": null,
            "street3": null,
            "city": "Clements",
            "state": "MD",
            "zip": "20624",
            "zipFour": null,
            "county": null,
            "countyDesc": null,
            "country": "USA"
          },
          "membUSPSAddr": null
        }
      ],
      "responseContext": {
        "success": true,
        "guid": 20562111,
        "responseTime": 48
      },
      "sourceRefreshed": "N"
    }
  }
}