{
  "request": {
    "path": "getRELICCCodeAndDescription.json",
    "method": "get",
    "query": {
      "accountId": "CD.1111"
    }
  },
  "response": {
    "status": 200,
    "data": {     
      "reliccOptions": [
        {
          "responseRecordType": "race",
          "codeDescriptionList": [
            {
              "code": "AI",
              "description": "American Indian or Alaska Native"
            },
            {
              "code": "AS",
              "description": "Asian"
            },
            {
              "code": "BL",
              "description": "Black or African American"
            },
            {
              "code": "NH",
              "description": "Native Hawaiian or Other Pacific Islander"
            },
            {
              "code": "UN",
              "description": "Not provided/Decline to answer"
            },
            {
              "code": "OT",
              "description": "Other"
            },
            {
              "code": "WH",
              "description": "White/Caucasian"
            }
          ]
        },
        {
          "responseRecordType": "ethnicity",
          "codeDescriptionList": [
            {
              "code": "HIS",
              "description": "Hispanic  (Latino or Spanish origin)"
            },
            {
              "code": "NON",
              "description": "Non-Hispanic"
            },
            {
              "code": "DTA",
              "description": "Not Provided/No Response"
            }
          ]
        },
        {
          "responseRecordType": "language",
          "codeDescriptionList": [
            {
              "code": "ALB",
              "description": "Albanian"
            },
            {
              "code": "AMH",
              "description": "Amharic"
            },
            {
              "code": "ARA",
              "description": "Arabic"
            },
            {
              "code": "BUR",
              "description": "Burmese"
            },
            {
              "code": "CAN",
              "description": "Cantonese"
            },
            {
              "code": "CHI",
              "description": "Chinese"
            },
            {
              "code": "CRE",
              "description": "Creole"
            },
            {
              "code": "MIS",
              "description": "Declined to Answer"
            },
            {
              "code": "ENG",
              "description": "English"
            },
            {
              "code": "FAR",
              "description": "Farsi"
            },
            {
              "code": "PHI",
              "description": "Filipino"
            },
            {
              "code": "FRE",
              "description": "French"
            },
            {
              "code": "GER",
              "description": "German"
            },
            {
              "code": "GRE",
              "description": "Greek"
            },
            {
              "code": "GUJ",
              "description": "Gujarati"
            },
            {
              "code": "HAI",
              "description": "Haitian"
            },
            {
              "code": "HIN",
              "description": "Hindi"
            },
            {
              "code": "ITA",
              "description": "Italian"
            },
            {
              "code": "KOR",
              "description": "Korean"
            },
            {
              "code": "MAN",
              "description": "Mandarin"
            },
            {
              "code": "NOT",
              "description": "Not Provided/No Response"
            },
            {
              "code": "ART",
              "description": "Other"
            },
            {
              "code": "PER",
              "description": "Persian"
            },
            {
              "code": "POR",
              "description": "Portuguese"
            },
            {
              "code": "UNK",
              "description": "Prefer Not to Answer"
            },
            {
              "code": "RUS",
              "description": "Russian"
            },
            {
              "code": "SER",
              "description": "Serbian"
            },
            {
              "code": "SOM",
              "description": "Somali"
            },
            {
              "code": "SPA",
              "description": "Spanish"
            },
            {
              "code": "TAG",
              "description": "Tagalog"
            },
            {
              "code": "UND",
              "description": "Unknown"
            },
            {
              "code": "URD",
              "description": "Urdu"
            },
            {
              "code": "VIE",
              "description": "Vietnamese"
            }
          ]
        },
        {
          "responseRecordType": "country",
          "codeDescriptionList": [
            {
              "code": "AFG",
              "description": "Afghanistan"
            },
            {
              "code": "ALA",
              "description": "Aland Islands"
            },
            {
              "code": "ALB",
              "description": "Albania"
            },
            {
              "code": "DZA",
              "description": "Algeria"
            },
            {
              "code": "ASM",
              "description": "American Samoa"
            },
            {
              "code": "AND",
              "description": "Andorra"
            },
            {
              "code": "AGO",
              "description": "Angola"
            },
            {
              "code": "AIA",
              "description": "Anguilla"
            },
            {
              "code": "ATA",
              "description": "Antarctica"
            },
            {
              "code": "ATG",
              "description": "Antigua"
            },
            {
              "code": "ARG",
              "description": "Argentina"
            },
            {
              "code": "ARM",
              "description": "Armenia"
            },
            {
              "code": "ABW",
              "description": "Aruba"
            },
            {
              "code": "AUS",
              "description": "Australia"
            },
            {
              "code": "AUT",
              "description": "Austria"
            },
            {
              "code": "AZE",
              "description": "Azerbaijan"
            },
            {
              "code": "BHS",
              "description": "Bahamas"
            },
            {
              "code": "BHR",
              "description": "Bahrain"
            },
            {
              "code": "BGD",
              "description": "Bangladesh"
            },
            {
              "code": "BRB",
              "description": "Barbados"
            },
            {
              "code": "BLR",
              "description": "Belarus"
            },
            {
              "code": "BEL",
              "description": "Belgium"
            },
            {
              "code": "BLZ",
              "description": "Belize"
            },
            {
              "code": "BEN",
              "description": "Benin"
            },
            {
              "code": "BMU",
              "description": "Bermuda"
            },
            {
              "code": "BTN",
              "description": "Bhutan"
            },
            {
              "code": "BOL",
              "description": "Bolivia"
            },
            {
              "code": "BIH",
              "description": "Bosnia"
            },
            {
              "code": "BWA",
              "description": "Botswana"
            },
            {
              "code": "BVT",
              "description": "Bouvet Island"
            },
            {
              "code": "BRA",
              "description": "Brazil"
            },
            {
              "code": "IOT",
              "description": "British Indian Ocean Territory"
            },
            {
              "code": "VGB",
              "description": "British Virgin Islands"
            },
            {
              "code": "BRN",
              "description": "Brunei"
            },
            {
              "code": "BGR",
              "description": "Bugaria"
            },
            {
              "code": "BFA",
              "description": "Bukina Faso"
            },
            {
              "code": "BDI",
              "description": "Burundi"
            },
            {
              "code": "KHM",
              "description": "Cambodia"
            },
            {
              "code": "CMR",
              "description": "Cameroon"
            },
            {
              "code": "CAN",
              "description": "Canada"
            },
            {
              "code": "CPV",
              "description": "Cape Verde"
            },
            {
              "code": "CYM",
              "description": "Cayman Islands"
            },
            {
              "code": "CAF",
              "description": "Central African Republic"
            },
            {
              "code": "TCD",
              "description": "Chad"
            },
            {
              "code": "CHL",
              "description": "Chile"
            },
            {
              "code": "CHN",
              "description": "China"
            },
            {
              "code": "CXR",
              "description": "Christmas Island"
            },
            {
              "code": "CCK",
              "description": "Cocos Islands"
            },
            {
              "code": "COL",
              "description": "Colombia"
            },
            {
              "code": "COM",
              "description": "Comoros"
            },
            {
              "code": "COG",
              "description": "Congo"
            },
            {
              "code": "COK",
              "description": "Cook Islands"
            },
            {
              "code": "CRI",
              "description": "Costa Rica"
            },
            {
              "code": "CIV",
              "description": "Cote d'Ivoire"
            },
            {
              "code": "HRV",
              "description": "Croatia"
            },
            {
              "code": "CUB",
              "description": "Cuba"
            },
            {
              "code": "CYP",
              "description": "Cyprus"
            },
            {
              "code": "CZE",
              "description": "Czech Republic"
            },
            {
              "code": "COD",
              "description": "Democratic Republic of the Congo"
            },
            {
              "code": "DNK",
              "description": "Denmark"
            },
            {
              "code": "DJI",
              "description": "Djibouti"
            },
            {
              "code": "DMA",
              "description": "Dominica"
            },
            {
              "code": "DOM",
              "description": "Dominican Republic"
            },
            {
              "code": "TLS",
              "description": "East Timor"
            },
            {
              "code": "ECU",
              "description": "Ecuador"
            },
            {
              "code": "EGY",
              "description": "Egypt"
            },
            {
              "code": "SLV",
              "description": "El Salvador"
            },
            {
              "code": "ENG",
              "description": "England"
            },
            {
              "code": "GNQ",
              "description": "Equatoria Guinea"
            },
            {
              "code": "ERI",
              "description": "Eritrea"
            },
            {
              "code": "EST",
              "description": "Estonia"
            },
            {
              "code": "ETH",
              "description": "Ethiopia"
            },
            {
              "code": "FLK",
              "description": "Falkland Islands"
            },
            {
              "code": "FRO",
              "description": "Faroe Islands"
            },
            {
              "code": "FSM",
              "description": "Federated States of Micronesia"
            },
            {
              "code": "FJI",
              "description": "Fiji"
            },
            {
              "code": "FIN",
              "description": "Finland"
            },
            {
              "code": "FRA",
              "description": "France"
            },
            {
              "code": "GUF",
              "description": "French Guiana"
            },
            {
              "code": "PYF",
              "description": "French Polynesia"
            },
            {
              "code": "ATF",
              "description": "French Southern Territories"
            },
            {
              "code": "GAB",
              "description": "Gabon"
            },
            {
              "code": "GMB",
              "description": "Gambia"
            },
            {
              "code": "GEO",
              "description": "Georgia"
            },
            {
              "code": "DEU",
              "description": "Germany"
            },
            {
              "code": "GHA",
              "description": "Ghana"
            },
            {
              "code": "GIB",
              "description": "Gibraltar"
            },
            {
              "code": "GRC",
              "description": "Greece"
            },
            {
              "code": "GRL",
              "description": "Greenland"
            },
            {
              "code": "GRD",
              "description": "Grenada"
            },
            {
              "code": "GLP",
              "description": "Guadeloupe"
            },
            {
              "code": "GUM",
              "description": "Guam"
            },
            {
              "code": "GTM",
              "description": "Guatemala"
            },
            {
              "code": "GGY",
              "description": "Guernsey"
            },
            {
              "code": "GIN",
              "description": "Guinea"
            },
            {
              "code": "GNB",
              "description": "Guinea-Bissau"
            },
            {
              "code": "GUY",
              "description": "Guyana"
            },
            {
              "code": "HTI",
              "description": "Haiti"
            },
            {
              "code": "HMD",
              "description": "Heard Island"
            },
            {
              "code": "HND",
              "description": "Honduras"
            },
            {
              "code": "HKG",
              "description": "Hong Kong"
            },
            {
              "code": "HUN",
              "description": "Hungary"
            },
            {
              "code": "ISL",
              "description": "Iceland"
            },
            {
              "code": "IND",
              "description": "India"
            },
            {
              "code": "IDN",
              "description": "Indonesia"
            },
            {
              "code": "IRN",
              "description": "Iran"
            },
            {
              "code": "IRQ",
              "description": "Iraq"
            },
            {
              "code": "IRL",
              "description": "Ireland"
            },
            {
              "code": "IMN",
              "description": "Isle of Man"
            },
            {
              "code": "ISR",
              "description": "Israel"
            },
            {
              "code": "ITA",
              "description": "Italy"
            },
            {
              "code": "JAM",
              "description": "Jamaica"
            },
            {
              "code": "JPN",
              "description": "Japan"
            },
            {
              "code": "JEY",
              "description": "Jersey"
            },
            {
              "code": "JOR",
              "description": "Jordan"
            },
            {
              "code": "KAZ",
              "description": "Kazakhstan"
            },
            {
              "code": "KEN",
              "description": "Kenya"
            },
            {
              "code": "KIR",
              "description": "Kiribati"
            },
            {
              "code": "KWT",
              "description": "Kuwait"
            },
            {
              "code": "KGZ",
              "description": "Kyrgyzstan"
            },
            {
              "code": "LAO",
              "description": "Laos"
            },
            {
              "code": "LVA",
              "description": "Latvia"
            },
            {
              "code": "LBN",
              "description": "Lebanon"
            },
            {
              "code": "LSO",
              "description": "Lesotho"
            },
            {
              "code": "LBR",
              "description": "Liberia"
            },
            {
              "code": "LBY",
              "description": "Libya"
            },
            {
              "code": "LIE",
              "description": "Liechtenstein"
            },
            {
              "code": "LTU",
              "description": "Lithuania"
            },
            {
              "code": "LUX",
              "description": "Luxembourg"
            },
            {
              "code": "MAC",
              "description": "Macao"
            },
            {
              "code": "MKD",
              "description": "Macedonia, Former Yogoslav Republic of"
            },
            {
              "code": "MDG",
              "description": "Madagascar"
            },
            {
              "code": "MWI",
              "description": "Malawi"
            },
            {
              "code": "MYS",
              "description": "Malaysia"
            },
            {
              "code": "MDV",
              "description": "Maldives"
            },
            {
              "code": "MLI",
              "description": "Mali"
            },
            {
              "code": "MLT",
              "description": "Malta"
            },
            {
              "code": "MHL",
              "description": "Marshall Islands"
            },
            {
              "code": "MTQ",
              "description": "Martinique"
            },
            {
              "code": "MRT",
              "description": "Mauritania"
            },
            {
              "code": "MUS",
              "description": "Mauritius"
            },
            {
              "code": "MYT",
              "description": "Mayotte"
            },
            {
              "code": "MEX",
              "description": "Mexico"
            },
            {
              "code": "MDA",
              "description": "Moldova"
            },
            {
              "code": "MCO",
              "description": "Monaco"
            },
            {
              "code": "MNG",
              "description": "Mongolia"
            },
            {
              "code": "MNE",
              "description": "Montenegro"
            },
            {
              "code": "MSR",
              "description": "Montserrat"
            },
            {
              "code": "MAR",
              "description": "Morocco"
            },
            {
              "code": "MOZ",
              "description": "Mozambique"
            },
            {
              "code": "MMR",
              "description": "Myanmar"
            },
            {
              "code": "NAM",
              "description": "Namibia"
            },
            {
              "code": "NRU",
              "description": "Nauru"
            },
            {
              "code": "NPL",
              "description": "Nepal"
            },
            {
              "code": "NLD",
              "description": "Netherlands"
            },
            {
              "code": "ANT",
              "description": "Netherlands Antilles"
            },
            {
              "code": "NCL",
              "description": "New Caledonia"
            },
            {
              "code": "NZL",
              "description": "New Zealand"
            },
            {
              "code": "NIC",
              "description": "Nicaragua"
            },
            {
              "code": "NER",
              "description": "Niger"
            },
            {
              "code": "NGA",
              "description": "Nigeria"
            },
            {
              "code": "NIU",
              "description": "Niue"
            },
            {
              "code": "NFK",
              "description": "Norfolk Island"
            },
            {
              "code": "PRK",
              "description": "North Korea"
            },
            {
              "code": "MNP",
              "description": "Northern Mariana Islands"
            },
            {
              "code": "NOR",
              "description": "Norway"
            },
            {
              "code": "NOT",
              "description": "Not Provided"
            },
            {
              "code": "UND",
              "description": "Not Provided/No Response"
            },
            {
              "code": "OMN",
              "description": "Oman"
            },
            {
              "code": "ART",
              "description": "Other"
            },
            {
              "code": "PAK",
              "description": "Pakistan"
            },
            {
              "code": "PLW",
              "description": "Palau"
            },
            {
              "code": "PSE",
              "description": "Palestinian Territory"
            },
            {
              "code": "PAN",
              "description": "Panama"
            },
            {
              "code": "PNG",
              "description": "Papua New Guinea"
            },
            {
              "code": "PRY",
              "description": "Paraguay"
            },
            {
              "code": "PER",
              "description": "Peru"
            },
            {
              "code": "PHL",
              "description": "Philippines"
            },
            {
              "code": "PCN",
              "description": "Pitcairn"
            },
            {
              "code": "POL",
              "description": "Poland"
            },
            {
              "code": "PRT",
              "description": "Portugal"
            },
            {
              "code": "MIS",
              "description": "Prefer Not to Answer"
            },
            {
              "code": "PRI",
              "description": "Puerto Rico"
            },
            {
              "code": "QAT",
              "description": "Qatar"
            },
            {
              "code": "REU",
              "description": "Reunion"
            },
            {
              "code": "ROU",
              "description": "Romania"
            },
            {
              "code": "RUS",
              "description": "Russia"
            },
            {
              "code": "RWA",
              "description": "Rwanda"
            },
            {
              "code": "BLM",
              "description": "Saint Barths"
            },
            {
              "code": "SHN",
              "description": "Saint Helena"
            },
            {
              "code": "KNA",
              "description": "Saint Kitts and Nevis"
            },
            {
              "code": "LCA",
              "description": "Saint Lucia"
            },
            {
              "code": "SPM",
              "description": "Saint Pierre"
            },
            {
              "code": "VCT",
              "description": "Saint Vincent"
            },
            {
              "code": "MAF",
              "description": "Saint-Martin"
            },
            {
              "code": "WSM",
              "description": "Samoa"
            },
            {
              "code": "SMR",
              "description": "San Marino"
            },
            {
              "code": "STP",
              "description": "Sao Tome and Principe"
            },
            {
              "code": "SAU",
              "description": "Saudi Arabia"
            },
            {
              "code": "SEN",
              "description": "Senegal"
            },
            {
              "code": "SRB",
              "description": "Serbia"
            },
            {
              "code": "SCG",
              "description": "Serbia and Montenegro"
            },
            {
              "code": "SYC",
              "description": "Seychelles"
            },
            {
              "code": "SLE",
              "description": "Sierra Leone"
            },
            {
              "code": "SGP",
              "description": "Singapore"
            },
            {
              "code": "SVK",
              "description": "Slovakia"
            },
            {
              "code": "SVN",
              "description": "Slovenia"
            },
            {
              "code": "SLB",
              "description": "Solomon Islands"
            },
            {
              "code": "SOM",
              "description": "Somalia"
            },
            {
              "code": "ZAF",
              "description": "South Africa"
            },
            {
              "code": "SGS",
              "description": "South Georgia and the South Sandwich Islands"
            },
            {
              "code": "KOR",
              "description": "South Korea"
            },
            {
              "code": "SSD",
              "description": "South Sudan"
            },
            {
              "code": "ESP",
              "description": "Spain"
            },
            {
              "code": "LKA",
              "description": "Sri Lanka"
            },
            {
              "code": "SDN",
              "description": "Sudan"
            },
            {
              "code": "SUR",
              "description": "Suriname"
            },
            {
              "code": "SJM",
              "description": "Svalbard and Jan Mayen Islands"
            },
            {
              "code": "SWZ",
              "description": "Swaziland"
            },
            {
              "code": "SWE",
              "description": "Sweden"
            },
            {
              "code": "CHE",
              "description": "Switzerland"
            },
            {
              "code": "SYR",
              "description": "Syria"
            },
            {
              "code": "TGO",
              "description": "TOGO"
            },
            {
              "code": "TWN",
              "description": "Taiwan"
            },
            {
              "code": "TJK",
              "description": "Tajikistan"
            },
            {
              "code": "THA",
              "description": "Thailand"
            },
            {
              "code": "TKL",
              "description": "Tokelau"
            },
            {
              "code": "TON",
              "description": "Tonga"
            },
            {
              "code": "TTO",
              "description": "Trinidad and Tobago"
            },
            {
              "code": "TUN",
              "description": "Tunisia"
            },
            {
              "code": "TUR",
              "description": "Turkey"
            },
            {
              "code": "TKM",
              "description": "Turkmenistan"
            },
            {
              "code": "TCA",
              "description": "Turks and Caicos Islands"
            },
            {
              "code": "TUV",
              "description": "Tuvalu"
            },
            {
              "code": "UGA",
              "description": "Uganda"
            },
            {
              "code": "UKR",
              "description": "Ukraine"
            },
            {
              "code": "ARE",
              "description": "United Arab Emirates"
            },
            {
              "code": "GBR",
              "description": "United Kingdom"
            },
            {
              "code": "TZA",
              "description": "United Republic of Tanzania"
            },
            {
              "code": "UMI",
              "description": "United States Minor Outlying Islands"
            },
            {
              "code": "USA",
              "description": "United States of America"
            },
            {
              "code": "UNK",
              "description": "Unknown"
            },
            {
              "code": "URY",
              "description": "Uruguay"
            },
            {
              "code": "UZB",
              "description": "Uzbekistan"
            },
            {
              "code": "VUT",
              "description": "Vanuatu"
            },
            {
              "code": "VAT",
              "description": "Vatican City"
            },
            {
              "code": "VEN",
              "description": "Venezuela (Bolivarian Republic of) / Venezuela"
            },
            {
              "code": "VNM",
              "description": "Viet Nam"
            },
            {
              "code": "VIR",
              "description": "Virgin Islands"
            },
            {
              "code": "WLF",
              "description": "Wallis and Futuna Islands"
            },
            {
              "code": "ESH",
              "description": "Western Sahara"
            },
            {
              "code": "YEM",
              "description": "Yemen"
            },
            {
              "code": "ZMB",
              "description": "Zambia"
            },
            {
              "code": "ZWE",
              "description": "Zimbabwe"
            }
          ]
        }
      ],
      "responseContext": {
        "success": true,
        "guid": 20324538,
        "responseTime": 60
      }
    }
  }
}