{
    "request": {
      "path": "getSiteKeyImages.json",
      "method": "get",
      "query": {
        "accountId": "CD.1111"
      }
    },
    "response": {
      "status": 200,
      "data":{"totalRecords":8,"responseContext":{"success":true,"guid":20319628,"responseTime":112},"siteImages":[{"imageIdentifier":"227","imageKey":"SITEKEY-227","mimeType":"image/png","image":null},{"imageIdentifier":"254","imageKey":"SITEKEY-254","mimeType":"image/png","image":null},{"imageIdentifier":"280","imageKey":"SITEKEY-280","mimeType":"image/png","image":null},{"imageIdentifier":"282","imageKey":"SITEKEY-282","mimeType":"image/png","image":null},{"imageIdentifier":"285","imageKey":"SITEKEY-285","mimeType":"image/png","image":null},{"imageIdentifier":"303","imageKey":"SITEKEY-303","mimeType":"image/png","image":null},{"imageIdentifier":"305","imageKey":"SITEKEY-305","mimeType":"image/png","image":null},{"imageIdentifier":"308","imageKey":"SITEKEY-308","mimeType":"image/png","image":null}]}
    }
  }
  
  