{
  "request": {
    "path": "getSecurityQuestions.json",
    "method": "get"
  },
  "response": {
    "status": 200,
    "data": {
      "challenges": [
        "What was your first pet's name?",
        "What is your oldest sibling's middle name?",
        "What was your childhood phone number including area code?",
        "In what city or town did your mother and father meet?",
        "In what city does your nearest sibling live?",
        "What is your maternal grandmother's maiden name?",
        "In what city or town was your first job?",
        "What is the name of the place your wedding reception was held?",
        "What model was your first car?",
        "What is your mother's name?",
        "In what city were you born?",
        "What elementary school did you first attend?",
        "What was your childhood nickname?",
        "In what city did you meet your spouse/significant other?",
        "What is the name of your favorite childhood friend?",
        "What is the middle name of your oldest child?"
      ],
      "responseContext": {
        "success": true,
        "guid": 20269286,
        "responseTime": 102
      }
    }
  }
}