{
    "request": {
        "path": "getActivityFeed.json",
        "cookies": {
            "theUserID": "BIAS123"
        }
    },
    "response": {
        "status": 200,
        "data": {
            "activityFeedList": [
                {
                    "sessionId": "21550212",
                    "deviceType": "DESKTOP",
                    "webBrowser": "Chrome",
                    "operSysName": "Windows 7",
                    "applnName": "WEB",
                    "relativeTimeDiffLastLogin": "4 minutes ago",
                    "userJourneyDetails": [
                        {
                            "pageDescription": "Landing Page",
                            "timeSpentOnPage": "08:52 AM",
                            "timeStamp": "02/01/2019 08:52 AM"
                        }
                    ]
                },
                {
                    "sessionId": "21550195",
                    "deviceType": "DESKTOP",
                    "webBrowser": "Chrome",
                    "operSysName": "Windows 7",
                    "applnName": "WEB",
                    "relativeTimeDiffLastLogin": "19 minutes ago",
                    "userJourneyDetails": [
                        {
                            "pageDescription": "Landing Page",
                            "timeSpentOnPage": "08:37 AM",
                            "timeStamp": "02/01/2019 08:37 AM"
                        }
                    ]
                },
                {
                    "sessionId": "21550170",
                    "deviceType": "DESKTOP",
                    "webBrowser": "Chrome",
                    "operSysName": "Windows 7",
                    "applnName": "WEB",
                    "relativeTimeDiffLastLogin": "38 minutes ago",
                    "userJourneyDetails": [
                        {
                            "pageDescription": "Landing Page",
                            "timeSpentOnPage": "08:18 AM",
                            "timeStamp": "02/01/2019 08:18 AM"
                        },
                        {
                            "pageDescription": "Landing Page",
                            "timeSpentOnPage": "0 Sec",
                            "timeStamp": "02/01/2019 08:18 AM"
                        }
                    ]
                },
                {
                    "sessionId": "21550156",
                    "deviceType": "MOBILE",
                    "webBrowser": null,
                    "operSysName": "Android",
                    "applnName": "APP",
                    "relativeTimeDiffLastLogin": "46 minutes ago",
                    "userJourneyDetails": [
                        {
                            "pageDescription": "Landing Page",
                            "timeSpentOnPage": "08:10 AM",
                            "timeStamp": "02/01/2019 08:10 AM"
                        }
                    ]
                },
                {
                    "sessionId": "21550151",
                    "deviceType": "DESKTOP",
                    "webBrowser": "Chrome",
                    "operSysName": "Windows 7",
                    "applnName": "WEB",
                    "relativeTimeDiffLastLogin": "47 minutes ago",
                    "userJourneyDetails": [
                        {
                            "pageDescription": "Landing Page",
                            "timeSpentOnPage": "08:09 AM",
                            "timeStamp": "02/01/2019 08:09 AM"
                        },
                        {
                            "pageDescription": "Landing Page",
                            "timeSpentOnPage": "1 Min 0 Sec",
                            "timeStamp": "02/01/2019 08:10 AM"
                        }
                    ]
                }
            ],
            "responseContext": {
                "success": true,
                "guid": 21550212,
                "responseTime": 71
            }
        }
    }
}