{
    "request": {
        "path": "getMemberAccountDetails.json",
        "cookies": {
            "theUserID": "BIAS123"
        }
    },
    "response": {
        "status": 200,
        "data": {
            "memberKey": {
                "subscriberId": "924228301",
                "dateOfBirth": "01/05/1973",
                "firstName": "TOBIAS",
                "lastName": "DIEGOMINT",
                "relationship": "18",
                "gender": "M"
            },
            "totalRecords": 1,
            "responseContext": {
                "success": true,
                "guid": 19616249,
                "responseTime": 753
            },
            "showAlert": true,
            "memberAccountDetails": [
                {
                    "accountId": "CD.1111",
                    "accountName": "IMD June Renewal",
                    "accountStatus": "ACTIVE",
                    "setAsPrimaryAccount": true,
                    "termDate": null,
                    "effectiveDate": "08/01/2016",
                    "productCategories": [
                        "MED",
                        "DEN",
                        "DRG",
                        "DMM"
                    ],
                    "paymentDue": false
                }
            ]
        }
    }
}