{
  "request": {
    "path": "getMemberAccountDetails.json",
    "cookies": {
      "theUserID": "ANNA100"
    }
  },
  "response": {
    "status": 200,
    "data": {
      "memberKey": {
        "subscriberId": "931880001",
        "dateOfBirth": "01/01/1952",
        "firstName": "YOSEF",
        "lastName": "KINLEY",
        "relationship": "18",
        "gender": "M"
      },
      "totalRecords": 1,
      "responseContext": {
        "success": true,
        "guid": 21012562,
        "responseTime": 255
      },
      "showAlert": true,
      "memberAccountDetails": [
        {
          "accountId": "000000001112126",
          "accountName": "Classic Coldspring East LLC ta Miss Shirley",
          "accountStatus": "ACTIVE",
          "setAsPrimaryAccount": false,
          "termDate": null,
          "effectiveDate": "07/27/2018",
          "productCategories": [
            "MED",
            "DEN",
            "VIS"
          ],
          "paymentDue": false
        }
      ]
    }
  }
}