{
  "request": {
    "path": "getMemberAccountDetails.json",
    "cookies": {
      "theUserID": "WELLNESS"
    }
  },
  "response": {
    "status": 200,
    "data": {
      "memberKey": {
        "subscriberId": "922929501",
        "dateOfBirth": "02/05/1967",
        "firstName": "MIKAYLA",
        "lastName": "WYNN",
        "relationship": "18",
        "gender": "M"
      },
      "totalRecords": 2,
      "responseContext": {
        "success": true,
        "guid": 20520216,
        "responseTime": 219
      },
      "showAlert": true,
      "memberAccountDetails": [
        {
          "accountId": "000000001000079",
          "accountName": "CareFirst BCBS Tom Sherlock Dental",
          "accountStatus": "ACTIVE",
          "setAsPrimaryAccount": false,
          "termDate": null,
          "effectiveDate": "05/01/2017",
          "productCategories": [
            "MED",
            "DRG",
            "VIS",
            "DMM",
            "WEL"
          ],
          "paymentDue": false
        },
        {
          "accountId": "000000001101291",
          "accountName": "CAMBRIDGE INTERNATIONAL INC",
          "accountStatus": "TERMED",
          "setAsPrimaryAccount": false,
          "termDate": "04/30/2017",
          "effectiveDate": null,
          "productCategories": [
            "MED",
            "DRG",
            "VIS"
          ],
          "paymentDue": false
        }
      ]
    }
  }
}