{
  "request": {
    "path": "getMemberAccountDetails.json",
    "cookies": {
      "theUserID": "SEARCHFAIL"
    }
  },
  "response": {
    "status": 200,
    "data": {
      "memberKey": {
        "subscriberId": "903126546",
        "dateOfBirth": "12/27/1969",
        "firstName": "CONSTONTINO",
        "lastName": "VERDAGUER",
        "relationship": "18",
        "gender": "M"
      },
      "accountSearchFailures": [
        {
          "groupId": "0QV4",
          "searchDate": "05/30/2016"
        }
      ],
      "totalRecords": 0,
      "responseContext": {
        "success": false,
        "guid": 19813488,
        "responseTime": 14398
      }
    }
  }
}