{
    "comment": "Get CareSelect SSO Link",
    "request": {
        "path": "getCareSelectSSOLink.json",
        "method": "get"
    },
    "response": {
        "status": 200,
        "data": {
            "SDURL": "https://webapptt.carefirst.com/FIM/sps/SAML2SaphDig/saml20/logininitial?RequestBinding=HTTPPost&PartnerId=https%3A%2F%2Fuat.carefirst.sapphirecareselect.com%2Fauth%2Fmetadata.xml&NameIdFormat=email",
            "responseContext": {
                "success": true,
                "guid": 12003696,
                "responseTime": 234
            },
            "URL": "FIM/sps/SAML2SaphDig/saml20/logininitial?RequestBinding=HTTPPost&PartnerId=https%3A%2F%2Fuat.carefirst.sapphirecareselect.com%2Fauth%2Fmetadata.xml&NameIdFormat=email"
        }
    }   
}


// https://webapptt.carefirst.com/FIM/sps/SAML2SaphDig/saml20/logininitial?RequestBinding=HTTPPost&PartnerId=https%3A%2F%2Fuat.carefirst.sapphirecareselect.com%2Fauth%2Fmetadata.xml&NameIdFormat=email 