{
    "comment": "Get invoice details",
    "request": {
        "path": "getSapphireDigitalUnsecured.json",
        "method": "get"
    },
    "response": {
        "status": 200,
        "data": {
            "unsecuredUrl": "https://demo.vitalschoice.com/?network_id=1000017&geo_location=39.3015664,-76.8941054&locale=en_us&ci=carefirst",
            "responseContext": {
                "success": true,
                "guid": 21375540,
                "responseTime":15 
            }
        }
    }
}