{
    "comment": "Get invoice details",
    "request": {
        "path": "getTeamsiteHelpCenterFaqsLinks.json",
        "method": "get"
    },
    "response": {
        "status": 200,
        "data": {  
            "Root":[  
               {  
                  "contentCategories":"",
                  "faq":{  
                     "category":"Claims",
                     "question":"How to appeal for a claim?",
                     "priority":"",
                     "answer":"To submit an appeal electronically, go to the Claims menu located at the top of landing page, then click View My Claims from the drop down list. On the Claim Details page, can click on the \"Appeal This Claim\" link located near the claim in question. This will compose a secure message that you can edit before sending. <br /><br />To appeal by mail, submit a written request to CareFirst BCBS Correspondence Unit P.O. Box 14114 Lexington KY 40512. Providers may submit appeal requests on behalf of a member. <br />Important: Please allow up to 60 days for a response.",
                     "link":{  
                        "text":"How to appeal for a claim",
                        "url":"https://membersita.carefirst.com/mos/#/claimsRedesign/detail",
                        "title":"How to appeal for a claim",
                        "target":"_self"
                     },
                     "video":null
                  }
               },
               {  
                  "contentCategories":"",
                  "faq":{  
                     "category":"Claims",
                     "question":"What is an EOB?",
                     "priority":"7",
                     "answer":"An EOB is a statement CareFirst sends to the policyholder that tells them the services submitted by your provider for you and your family member. This document details how the claim was processed on your behalf, using your benefits. This is not a bill however you may receive a bill from your provider of care if any balance is owed.<br /><br />You can search for an EOB with the EOB number or date the claim occurred.",
                     "link":{  
                        "text":"https://membersita.carefirst.com/mos/#/claimsRedesign/listing/eob",
                        "url":"https://membersita.carefirst.com/mos/#/claimsRedesign/listing/eob",
                        "title":"EOB",
                        "target":"_self"
                     },
                     "video":{  
                        "panoptoLinkType":"0",
                        "videoType":"Panopto-Public",
                        "panoptoVideoID":"32bbf37a-b141-4e3b-a916-380fef657022",
                        "image":{  
                           "path":"/carefirst-resources/images/banner-ad-need-insurance-4.png",
                           "alt":"A random image",
                           "title":"A random image"
                        }
                     }
                  }
               },
               {  
                  "contentCategories":"",
                  "faq":{  
                     "category":"Forms",
                     "question":"What is my deductible?",
                     "priority":"34",
                     "answer":"Deductible is the amount you pay for covered health care services before CareFirst starts to pay. Deductible amount is accrued from the beginning of your benefit period and will be reset after end of your benefit period.<br /><br />To view your deductible, go to the Claims Menu located at the top of landing page, then click Deductible/Out-of-Pocket from the drop down list. You will be navigated to Deductible/Out-of-Pocket page where you can view your deductible based on your plan with CareFirst. Also, you can see how much of your deductible have been met and how much of deductible amount is remaining.",
                     "link":{  
                        "text":"What is my deductible?",
                        "url":"https://membersita.carefirst.com/mos/#/deductible/home",
                        "title":"What is my deductible?",
                        "target":"_self"
                     },
                     "video":{  
                        "panoptoLinkType":"0",
                        "videoType":"Panopto-Public",
                        "panoptoVideoID":"32bbf37a-b141-4e3b-a916-380fef657022",
                        "image":{  
                           "path":"/carefirst-resources/images/img_mountains_wide.jpg",
                           "alt":"An image",
                           "title":"An image"
                        }
                     }
                  }
               },
               {  
                  "contentCategories":"",
                  "faq":{  
                     "category":"Billing",
                     "question":"Where I can find form?",
                     "priority":"10",
                     "answer":"To find forms, go to the My Documents located at the top of landing page, then click Forms from the drop down list. You will be navigated to My Forms page where you can find the forms. <br /><br />Forms present on the page will depend on your coverage with CareFirst.",
                     "link":{  
                        "text":"Where I can find form?",
                        "url":"https://membersita.carefirst.com/mos/#/pagecontent/home/%252Fmembers%252Fforms%252Fmy-forms.page/My%20Forms",
                        "title":"Where I can find form?",
                        "target":"_self"
                     },
                     "video":{  
                        "panoptoLinkType":"0",
                        "videoType":"Panopto-Public",
                        "panoptoVideoID":"32bbf37a-b141-4e3b-a916-380fef657022",
                        "image":{  
                           "path":"/carefirst-resources/images/img_lights_wide.jpg",
                           "alt":"Some image",
                           "title":"Some image"
                        }
                     }
                  }
               }
            ]
         }
    }
}