{
    "request": {
		"path": "getCVSDrugComponentLink.json",
		"method": "get"
    },
    "response": {
        "status": 200,
        "data": {		
			"URL": "https://sit1fast.caremark.com/FASTCheckDrugCosts/v3/#/?apiKey=daef0718-9dd1-4867-a393-b86167e2bf9c&apiSecret=&2a9dd23a-e933-496d-a4d6-e50cd80f2def&faststyle=carefirst&env=demo&tokenID=821493685B8C3DC59C255CFEC2840B8F",
			"responseContext": {
			"success": true,
			"guid": 11911194,
			"responseTime": 25979
			}
			
        }
    }
}