{
    "request": {
		"path": "getHCBOLink.json",
		"method": "get"
    },
    "response": {
        "status": 200,
        "data": {		
			"URL":"http://memberdev.carefirst.com/FIM/sps/SAML20HSP/saml20/logininitial?RequestBinding=HTTPPost&PartnerId=sp_carefirst&NameIdFormat=transient&Target=https%3A%2F%2Fimptstweb.healthsparq.com%2Ftreatment%2Findex.shtml%3FGUID%3D8a070021761c88f2bc895ae2f165948d0816f198a6c7b28a",
			"responseContext":{"success":true,"guid":4765245,"responseTime":72915}
        }
    }
}
