{
    "request": {
        "path": "getUserSiteKeyDetails.json",
        "query": {
            "userId": "EMERSYNCF123"
        }
    },
    "response": {
        "status": 200,
        "data": {
            "siteKey": {
                "text": "a",
                "imageId": "SITEKEY-303",
                "image": null
            },
            "responseContext": {
                "success": true,
                "guid": 19595458,
                "responseTime": 107
            }
        }
    }
}