{
    "request": {
        "path": "getUserSiteKeyDetails.json",
        "query": {
            "userId": "PETER08"
        }
    },
    "response": {
        "status": 200,
        "data": {
            "error" : {
                "msg" : "Another user session already exists in Browser. Please close the browser and try again.",
                "code" : "500.001"
            },
            "responseContext": {
                "success": false,
                "guid": "",
                "responseTime": 107
            }
        }
    }
}