{
	"comment": "Get Financial Summary data",
	"request": {
	  "path": "getClaimSummary.json",
	  "method": "get"
	},
	"response": {
	  "status": 200,
	  "data": {
		"responseContext": {
			"success": true,
			"guid": 22533898,
			"responseTime": 986
		},
		"claimSummary": [{
			"claimNumber": "728616564400",
			"memberID": "901118223",
			"claimSystemCode": "FAC",
			"claimType": {
				"code": "P",
				"desc": "MED"
			},
			"startDOS": "07/26/2017",
			"endDOS": "07/26/2017",
			"patient": {
				"id": "90111822301",
				"firstName": "Larel",
				"lastName": "Sayyaparaju",
				"midInitial": "O",
				"dob": "01/15/2015"
			},
			"typeOfBill": null,
			"providerName": "ARUNA V KHURANA",
			"provSpcltyCd": "130",
			"providerType": "Pediatrics",
			"claimITSIndicator": false,
			"claimAmount": {
				"copayAmount": 0.0,
				"deductibleAmount": 124.15,
				"nonCoveredAmount": 75.76,
				"coinsuranceAmount": 0.0,
				"allowedAmount": 209.24,
				"chargedAmount": 285.0,
				"patientLiabilityAmount": 124.15,
				"paidAmount": 85.09,
				"penaltyAmount": 0.0
			},
			"claimLines": [{
				"lineNumber": "1",
				"inoutNetworkCode": "I",
				"placeOfService": {
					"code": "11",
					"desc": "Office"
				},
				"typeOfService": {
					"code": "600",
					"desc": "MEDICAL CARE"
				},
				"startDOS": "07/26/2017",
				"endDOS": "07/26/2017",
				"claimsAmount": {
					"copayAmount": 0.0,
					"deductibleAmount": 0.0,
					"nonCoveredAmount": 64.91,
					"coinsuranceAmount": 0.0,
					"allowedAmount": 85.09,
					"chargedAmount": 150.0,
					"patientLiabilityAmount": 0.0,
					"paidAmount": 85.09,
					"penaltyAmount": 0.0
				}
			}, {
				"lineNumber": "2",
				"inoutNetworkCode": "I",
				"placeOfService": {
					"code": "11",
					"desc": "Office"
				},
				"typeOfService": {
					"code": "600",
					"desc": "MEDICAL CARE"
				},
				"startDOS": "07/26/2017",
				"endDOS": "07/26/2017",
				"claimsAmount": {
					"copayAmount": 0.0,
					"deductibleAmount": 124.15,
					"nonCoveredAmount": 10.85,
					"coinsuranceAmount": 0.0,
					"allowedAmount": 124.15,
					"chargedAmount": 135.0,
					"patientLiabilityAmount": 124.15,
					"paidAmount": 0.0,
					"penaltyAmount": 0.0
				}
			}]
		}, {
			"claimNumber": "701212462500",
			"memberID": "901118223",
			"claimSystemCode": "FAC",
			"claimType": {
				"code": "P",
				"desc": "MED"
			},
			"startDOS": "01/05/2017",
			"endDOS": "01/05/2017",
			"patient": {
				"id": "90111822300",
				"firstName": "Ryeanne",
				"lastName": "Sayyaparaju",
				"midInitial": "L",
				"dob": "03/24/1960"
			},
			"typeOfBill": null,
			"providerName": "WITHUHN, THOMAS F.",
			"provSpcltyCd": "-2",
			"providerType": "Other",
			"claimITSIndicator": false,
			"claimAmount": {
				"copayAmount": 0.0,
				"deductibleAmount": 7.45,
				"nonCoveredAmount": 211.55,
				"coinsuranceAmount": 0.0,
				"allowedAmount": 7.45,
				"chargedAmount": 219.0,
				"patientLiabilityAmount": 7.45,
				"paidAmount": 0.0,
				"penaltyAmount": 0.0
			},
			"claimLines": [{
				"lineNumber": "1",
				"inoutNetworkCode": "I",
				"placeOfService": {
					"code": "34",
					"desc": "Hospice"
				},
				"typeOfService": {
					"code": "800",
					"desc": "DIAG PATHOLOGY/LABORTORY"
				},
				"startDOS": "01/05/2017",
				"endDOS": "01/05/2017",
				"claimsAmount": {
					"copayAmount": 0.0,
					"deductibleAmount": 0.79,
					"nonCoveredAmount": 35.21,
					"coinsuranceAmount": 0.0,
					"allowedAmount": 0.79,
					"chargedAmount": 36.0,
					"patientLiabilityAmount": 0.79,
					"paidAmount": 0.0,
					"penaltyAmount": 0.0
				}
			}, {
				"lineNumber": "4",
				"inoutNetworkCode": "I",
				"placeOfService": {
					"code": "34",
					"desc": "Hospice"
				},
				"typeOfService": {
					"code": "800",
					"desc": "DIAG PATHOLOGY/LABORTORY"
				},
				"startDOS": "01/05/2017",
				"endDOS": "01/05/2017",
				"claimsAmount": {
					"copayAmount": 0.0,
					"deductibleAmount": 2.17,
					"nonCoveredAmount": 47.33,
					"coinsuranceAmount": 0.0,
					"allowedAmount": 2.17,
					"chargedAmount": 49.5,
					"patientLiabilityAmount": 2.17,
					"paidAmount": 0.0,
					"penaltyAmount": 0.0
				}
			}, {
				"lineNumber": "3",
				"inoutNetworkCode": "I",
				"placeOfService": {
					"code": "34",
					"desc": "Hospice"
				},
				"typeOfService": {
					"code": "800",
					"desc": "DIAG PATHOLOGY/LABORTORY"
				},
				"startDOS": "01/05/2017",
				"endDOS": "01/05/2017",
				"claimsAmount": {
					"copayAmount": 0.0,
					"deductibleAmount": 2.32,
					"nonCoveredAmount": 81.68,
					"coinsuranceAmount": 0.0,
					"allowedAmount": 2.32,
					"chargedAmount": 84.0,
					"patientLiabilityAmount": 2.32,
					"paidAmount": 0.0,
					"penaltyAmount": 0.0
				}
			}, {
				"lineNumber": "2",
				"inoutNetworkCode": "I",
				"placeOfService": {
					"code": "34",
					"desc": "Hospice"
				},
				"typeOfService": {
					"code": "800",
					"desc": "DIAG PATHOLOGY/LABORTORY"
				},
				"startDOS": "01/05/2017",
				"endDOS": "01/05/2017",
				"claimsAmount": {
					"copayAmount": 0.0,
					"deductibleAmount": 2.17,
					"nonCoveredAmount": 47.33,
					"coinsuranceAmount": 0.0,
					"allowedAmount": 2.17,
					"chargedAmount": 49.5,
					"patientLiabilityAmount": 2.17,
					"paidAmount": 0.0,
					"penaltyAmount": 0.0
				}
			}]
		}, {
			"claimNumber": "610990152702",
			"memberID": "901118223",
			"claimSystemCode": "FAC",
			"claimType": {
				"code": "N",
				"desc": "DEN"
			},
			"startDOS": "06/01/2017",
			"endDOS": "07/01/2017",
			"patient": {
				"id": "90111822303",
				"firstName": "Haaris",
				"lastName": "Sayyaparaju",
				"midInitial": "G",
				"dob": "10/18/2003"
			},
			"typeOfBill": null,
			"providerName": "Other",
			"provSpcltyCd": null,
			"providerType": null,
			"claimITSIndicator": false,
			"claimAmount": {
				"copayAmount": 0.0,
				"deductibleAmount": 0.0,
				"nonCoveredAmount": 0.0,
				"coinsuranceAmount": 0.0,
				"allowedAmount": 41.1,
				"chargedAmount": 41.1,
				"patientLiabilityAmount": 41.1,
				"paidAmount": 41.1,
				"penaltyAmount": 0.0
			},
			"claimLines": [{
				"lineNumber": "1",
				"inoutNetworkCode": "O",
				"placeOfService": {
					"code": "XXX",
					"desc": "Other"
				},
				"typeOfService": {
					"code": "9D0",
					"desc": "DENTAL CARE"
				},
				"startDOS": "06/01/2017",
				"endDOS": "07/01/2017",
				"claimsAmount": {
					"copayAmount": 0.0,
					"deductibleAmount": 0.0,
					"nonCoveredAmount": 0.0,
					"coinsuranceAmount": 0.0,
					"allowedAmount": 20.51,
					"chargedAmount": 20.51,
					"patientLiabilityAmount": 20.51,
					"paidAmount": 20.51,
					"penaltyAmount": 0.0
				}
			}, {
				"lineNumber": "2",
				"inoutNetworkCode": "O",
				"placeOfService": {
					"code": "XXX",
					"desc": "Other"
				},
				"typeOfService": {
					"code": "9D0",
					"desc": "DENTAL CARE"
				},
				"startDOS": "06/01/2017",
				"endDOS": "07/01/2017",
				"claimsAmount": {
					"copayAmount": 0.0,
					"deductibleAmount": 0.0,
					"nonCoveredAmount": 0.0,
					"coinsuranceAmount": 0.0,
					"allowedAmount": 20.59,
					"chargedAmount": 20.59,
					"patientLiabilityAmount": 20.59,
					"paidAmount": 20.59,
					"penaltyAmount": 0.0
				}
			}]
		}, {
			"claimNumber": "700960515601",
			"memberID": "901118223",
			"claimSystemCode": "FAC",
			"claimType": {
				"code": "N",
				"desc": "DEN"
			},
			"startDOS": "01/03/2017",
			"endDOS": "01/03/2017",
			"patient": {
				"id": "90111822301",
				"firstName": "Larel",
				"lastName": "Sayyaparaju",
				"midInitial": "O",
				"dob": "03/26/1998"
			},
			"typeOfBill": null,
			"providerName": "ANTOINE JOHNSON",
			"provSpcltyCd": null,
			"providerType": null,
			"claimITSIndicator": false,
			"claimAmount": {
				"copayAmount": 0.0,
				"deductibleAmount": 0.0,
				"nonCoveredAmount": 576.0,
				"coinsuranceAmount": 176.8,
				"allowedAmount": 884.0,
				"chargedAmount": 1460.0,
				"patientLiabilityAmount": 0.0,
				"paidAmount": 264.0,
				"penaltyAmount": 0.0
			},
			"claimLines": [{
				"lineNumber": "1",
				"inoutNetworkCode": "P",
				"placeOfService": {
					"code": "XXX",
					"desc": "Other"
				},
				"typeOfService": {
					"code": "9D0",
					"desc": "DENTAL CARE"
				},
				"startDOS": "01/03/2017",
				"endDOS": "01/03/2017",
				"claimsAmount": {
					"copayAmount": 0.0,
					"deductibleAmount": 0.0,
					"nonCoveredAmount": 144.0,
					"coinsuranceAmount": 44.2,
					"allowedAmount": 221.0,
					"chargedAmount": 365.0,
					"patientLiabilityAmount": 0.0,
					"paidAmount": 81.0,
					"penaltyAmount": 0.0
				}
			}, {
				"lineNumber": "4",
				"inoutNetworkCode": "P",
				"placeOfService": {
					"code": "XXX",
					"desc": "Other"
				},
				"typeOfService": {
					"code": "9D0",
					"desc": "DENTAL CARE"
				},
				"startDOS": "01/03/2017",
				"endDOS": "01/03/2017",
				"claimsAmount": {
					"copayAmount": 0.0,
					"deductibleAmount": 0.0,
					"nonCoveredAmount": 144.0,
					"coinsuranceAmount": 44.2,
					"allowedAmount": 221.0,
					"chargedAmount": 365.0,
					"patientLiabilityAmount": 0.0,
					"paidAmount": 61.0,
					"penaltyAmount": 0.0
				}
			}, {
				"lineNumber": "3",
				"inoutNetworkCode": "P",
				"placeOfService": {
					"code": "XXX",
					"desc": "Other"
				},
				"typeOfService": {
					"code": "9D0",
					"desc": "DENTAL CARE"
				},
				"startDOS": "01/03/2017",
				"endDOS": "01/03/2017",
				"claimsAmount": {
					"copayAmount": 0.0,
					"deductibleAmount": 0.0,
					"nonCoveredAmount": 144.0,
					"coinsuranceAmount": 44.2,
					"allowedAmount": 221.0,
					"chargedAmount": 365.0,
					"patientLiabilityAmount": 0.0,
					"paidAmount": 61.0,
					"penaltyAmount": 0.0
				}
			}, {
				"lineNumber": "2",
				"inoutNetworkCode": "P",
				"placeOfService": {
					"code": "XXX",
					"desc": "Other"
				},
				"typeOfService": {
					"code": "9D0",
					"desc": "DENTAL CARE"
				},
				"startDOS": "01/03/2017",
				"endDOS": "01/03/2017",
				"claimsAmount": {
					"copayAmount": 0.0,
					"deductibleAmount": 0.0,
					"nonCoveredAmount": 144.0,
					"coinsuranceAmount": 44.2,
					"allowedAmount": 221.0,
					"chargedAmount": 365.0,
					"patientLiabilityAmount": 0.0,
					"paidAmount": 61.0,
					"penaltyAmount": 0.0
				}
			}]
		}, {
			"claimNumber": "704680152703",
			"memberID": "901118223",
			"claimSystemCode": "FAC",
			"claimType": {
				"code": "N",
				"desc": "DEN"
			},
			"startDOS": "01/01/2017",
			"endDOS": "01/01/2017",
			"patient": {
				"id": "90111822303",
				"firstName": "Haaris",
				"lastName": "Sayyaparaju",
				"midInitial": "G",
				"dob": "10/18/2003"
			},
			"typeOfBill": null,
			"providerName": "HICKOR & SELNICK DDS",
			"provSpcltyCd": null,
			"providerType": null,
			"claimITSIndicator": false,
			"claimAmount": {
				"copayAmount": 0.0,
				"deductibleAmount": 0.0,
				"nonCoveredAmount": 0.0,
				"coinsuranceAmount": 0.0,
				"allowedAmount": 20.51,
				"chargedAmount": 20.51,
				"patientLiabilityAmount": 20.51,
				"paidAmount": 20.51,
				"penaltyAmount": 0.0
			},
			"claimLines": [{
				"lineNumber": "1",
				"inoutNetworkCode": "O",
				"placeOfService": {
					"code": "XXX",
					"desc": "Other"
				},
				"typeOfService": {
					"code": "9D0",
					"desc": "DENTAL CARE"
				},
				"startDOS": "01/01/2017",
				"endDOS": "01/01/2017",
				"claimsAmount": {
					"copayAmount": 0.0,
					"deductibleAmount": 0.0,
					"nonCoveredAmount": 0.0,
					"coinsuranceAmount": 0.0,
					"allowedAmount": 20.51,
					"chargedAmount": 20.51,
					"patientLiabilityAmount": 20.51,
					"paidAmount": 20.51,
					"penaltyAmount": 0.0
				}
			}]
		}]
	}
	}
}