{
	"comment": "Get Plan data",
	"request": {
		"path": "getPlanYears.json",
		"method": "get"
	},
	"response": {
		"status": 200,
		"data": {

			"findClaims":{
				"benefitPlanPeriod": 
                    [
                        {
                          "planYearStartDate": "01/01/2018",
                          "planYearEndDate": "12/31/2018",
                          "renewalMonth": "January"
                        },
                        {
                          "planYearStartDate": "01/01/2018",
                          "planYearEndDate": "12/31/2018",
                          "renewalMonth": "January"
                        },
                        {
                          "planYearStartDate": "01/01/2018",
                          "planYearEndDate": "12/31/2018",
                          "renewalMonth": "January"
                        }
                    ],
                  
                  "calendarPlanPeriod" : [
                    {
                          "planYearStartDate": "02/02/2018",
                          "planYearEndDate": "12/31/2018",
                          "renewalMonth": "January"
                    },
                    {
                          "planYearStartDate": "01/01/2018",
                          "planYearEndDate": "12/31/2018",
                          "renewalMonth": "January"
                    },
                    {
                          "planYearStartDate": "01/01/2018",
                          "planYearEndDate": "12/31/2018",
                          "renewalMonth": "January"
                    }
                  ]
                  
			 }
		}
	}
}