{
    "request": {
        "path": "getBenefitsMemberOptions.json",
        "method": "get",
        "query": {
            "accountId": "CD.1111"
        }
    },
    "response": {
        "status": 200,
        "data": {
            "memberOptions": [
                {
                    "dateOfBirth": "01/05/1973",
                    "firstName": "TOBIAS",
                    "lastName": "DIEGOMINT",
                    "optionName": "TOBIAS (01/05/1973)",
                    "memberIdentifier": "TOBIAS|DIEGOMINT|01/05/1973|M|18",
                    "relationshipCode": "18"
                },
                {
                    "dateOfBirth": "02/06/1980",
                    "firstName": "EMERSYN",
                    "lastName": "DIEGOMINT",
                    "optionName": "EMERSYN (02/06/1980)",
                    "memberIdentifier": "EMERSYN|DIEGOMINT|02/06/1980|F|01",
                    "relationshipCode": "01"
                },
                {
                    "dateOfBirth": "11/01/1997",
                    "firstName": "EMERY",
                    "lastName": "DIEGOMINT",
                    "optionName": "EMERY (11/01/1997)",
                    "memberIdentifier": "EMERY|DIEGOMINT|11/01/1997|M|19",
                    "relationshipCode": "19"
                },
                {
                    "dateOfBirth": "06/02/2000",
                    "firstName": "EMMALYN",
                    "lastName": "DIEGOMINT",
                    "optionName": "EMMALYN (06/02/2000)",
                    "memberIdentifier": "EMMALYN|DIEGOMINT|06/02/2000|F|19",
                    "relationshipCode": "19"
                }
            ],
            "responseContext": {
                "success": true,
                "guid": 20071875,
                "responseTime": 8
            }
        }
        
        }
    
}