{
    "request": {
        "path": "getMedicalServiceTypeCategories.json",
        "method": "get",
        "query": {
            "accountId": "CD.1111"
        }
    },
    "response": {
        "status": 200,
        "data": {
            "serviceTypeCategories": [
                {
                    "value": "DE",
                    "description": "Dental Services Covered Under Medical Coverage"
                },
                {
                    "value": "DP",
                    "description": "Diagnostic Lab/X-Ray"
                },
                {
                    "value": "PV",
                    "description": "Doctor Visits"
                },
                {
                    "value": "ES",
                    "description": "Emergency Services"
                },
                {
                    "value": "HR",
                    "description": "Hearing Services"
                },
                {
                    "value": "HE",
                    "description": "Inpatient/Outpatient Hospitalization and Hospital alternative"
                },
                {
                    "value": "MO",
                    "description": "Maternity/OB-GYN/ Fertility"
                },
                {
                    "value": "MH",
                    "description": "Mental Health Substance Abuse Care"
                },
                {
                    "value": "OM",
                    "description": "Miscellaneous Medical Care"
                },
                {
                    "value": "PD",
                    "description": "Pediatric Care"
                },
                {
                    "value": "OT",
                    "description": "Pharmacy Vision Services under Medical Coverage"
                },
                {
                    "value": "SA",
                    "description": "Surgery/Anesthesia"
                },
                {
                    "value": "TR",
                    "description": "Therapy/Rehabilitation/ Chiropractic"
                }
            ],          
            "responseContext": {
                "success": true,
                "guid": 20041146,
                "responseTime": 102
            }
        }
        
        }
    
}