{
    "request": {
        "path": "getMemberMedicalBenefitDetails.json",
        "method": "get",
        "query": {
            "accountId": "CD.1111"
        }
    },
    "response": {
        "status": 200,
        "data": {
            "memberBenefitServiceTypeDetails": {
                "memberBenefits": {
                    "230": {
                        "benefitNotCovered": false,
                        "additionalInfoMessage": null,
                        "doNotQuoteBenefit": false,
                        "benefitIdentifier": {
                            "value": "230",
                            "description": "Dental Services for Accidental Injury"
                        },
                        "memberBenefitCategoryList": [
                            {
                                "placeOfServiceDescription": "Office Visit",
                                "placeOfServiceCode": "11",
                                "benefitLineDetails": {
                                    "Professional": {
                                        "BlueChoice Primary Care Physician": {
                                            "inNetwork": true,
                                            "benefitLineDescriptor": [
                                                {
                                                    "benefitNotCovered": true,
                                                    "doNotQuoteBenefit": false,
                                                    "benefitsLine1": "This benefit is not covered",
                                                    "benefitsLine2": "",
                                                    "commentIdentifier": null
                                                }
                                            ]
                                        },
                                        "BlueChoice Specialist": {
                                            "inNetwork": true,
                                            "benefitLineDescriptor": [
                                                {
                                                    "benefitNotCovered": false,
                                                    "doNotQuoteBenefit": false,
                                                    "benefitsLine1": "$40.00 copay Per Provider Per Visit",
                                                    "benefitsLine2": "",
                                                    "commentIdentifier": [
                                                        "3"
                                                    ]
                                                }
                                            ]
                                        },
                                        "Out of Network": {
                                            "inNetwork": false,
                                            "benefitLineDescriptor": [
                                                {
                                                    "benefitNotCovered": false,
                                                    "doNotQuoteBenefit": false,
                                                    "benefitsLine1": "$125.00 copay Per Provider Per Day",
                                                    "benefitsLine2": "",
                                                    "commentIdentifier": [
                                                        "1",
                                                        "3"
                                                    ]
                                                }
                                            ]
                                        }
                                    }
                                }
                            },
                            {
                                "placeOfServiceDescription": "Outpatient Services",
                                "placeOfServiceCode": "22",
                                "benefitLineDetails": {
                                    "Professional": {
                                        "BlueChoice Primary Care Physician": {
                                            "inNetwork": true,
                                            "benefitLineDescriptor": [
                                                {
                                                    "benefitNotCovered": true,
                                                    "doNotQuoteBenefit": false,
                                                    "benefitsLine1": "This benefit is not covered",
                                                    "benefitsLine2": "",
                                                    "commentIdentifier": null
                                                }
                                            ]
                                        },
                                        "BlueChoice Specialist": {
                                            "inNetwork": true,
                                            "benefitLineDescriptor": [
                                                {
                                                    "benefitNotCovered": false,
                                                    "doNotQuoteBenefit": false,
                                                    "benefitsLine1": "$40.00 copay Per Provider Per Visit",
                                                    "benefitsLine2": "",
                                                    "commentIdentifier": [
                                                        "1",
                                                        "2",
                                                        "3"
                                                    ]
                                                }
                                            ]
                                        },
                                        "Out of Network": {
                                            "inNetwork": false,
                                            "benefitLineDescriptor": [
                                                {
                                                    "benefitNotCovered": false,
                                                    "doNotQuoteBenefit": false,
                                                    "benefitsLine1": "$125.00 copay Per Provider Per Day",
                                                    "benefitsLine2": "",
                                                    "commentIdentifier": [
                                                        "1",
                                                        "3"
                                                    ]
                                                }
                                            ]
                                        }
                                    },
                                    "Facility": {
                                        "BlueChoice Primary Care Physician": {
                                            "inNetwork": true,
                                            "benefitLineDescriptor": [
                                                {
                                                    "benefitNotCovered": true,
                                                    "doNotQuoteBenefit": false,
                                                    "benefitsLine1": "This benefit is not covered",
                                                    "benefitsLine2": "",
                                                    "commentIdentifier": null
                                                }
                                            ]
                                        },
                                        "BlueChoice Specialist": {
                                            "inNetwork": true,
                                            "benefitLineDescriptor": [
                                                {
                                                    "benefitNotCovered": false,
                                                    "doNotQuoteBenefit": false,
                                                    "benefitsLine1": "$40.00 copay Per Provider Per Day",
                                                    "benefitsLine2": "",
                                                    "commentIdentifier": [
                                                        "1",
                                                        "2",
                                                        "3"
                                                    ]
                                                }
                                            ]
                                        },
                                        "Out of Network": {
                                            "inNetwork": false,
                                            "benefitLineDescriptor": [
                                                {
                                                    "benefitNotCovered": false,
                                                    "doNotQuoteBenefit": false,
                                                    "benefitsLine1": "$125.00 copay Per Provider Per Day",
                                                    "benefitsLine2": "",
                                                    "commentIdentifier": [
                                                        "1",
                                                        "2",
                                                        "3"
                                                    ]
                                                }
                                            ]
                                        }
                                    }
                                }
                            },
                            {
                                "placeOfServiceDescription": "Inpatient Services",
                                "placeOfServiceCode": "21",
                                "benefitLineDetails": {
                                    "Professional": {
                                        "BlueChoice Primary Care Physician": {
                                            "inNetwork": true,
                                            "benefitLineDescriptor": [
                                                {
                                                    "benefitNotCovered": true,
                                                    "doNotQuoteBenefit": false,
                                                    "benefitsLine1": "This benefit is not covered",
                                                    "benefitsLine2": "",
                                                    "commentIdentifier": null
                                                }
                                            ]
                                        },
                                        "BlueChoice Specialist": {
                                            "inNetwork": true,
                                            "benefitLineDescriptor": [
                                                {
                                                    "benefitNotCovered": false,
                                                    "doNotQuoteBenefit": false,
                                                    "benefitsLine1": "$40.00 copay Per Provider Per Visit",
                                                    "benefitsLine2": "",
                                                    "commentIdentifier": [
                                                        "1",
                                                        "2",
                                                        "3"
                                                    ]
                                                }
                                            ]
                                        },
                                        "Out of Network": {
                                            "inNetwork": false,
                                            "benefitLineDescriptor": [
                                                {
                                                    "benefitNotCovered": false,
                                                    "doNotQuoteBenefit": false,
                                                    "benefitsLine1": "$125.00 copay Per Provider Per Day",
                                                    "benefitsLine2": "",
                                                    "commentIdentifier": [
                                                        "1",
                                                        "2",
                                                        "3"
                                                    ]
                                                }
                                            ]
                                        }
                                    },
                                    "Facility": {
                                        "BlueChoice Primary Care Physician": {
                                            "inNetwork": true,
                                            "benefitLineDescriptor": [
                                                {
                                                    "benefitNotCovered": true,
                                                    "doNotQuoteBenefit": false,
                                                    "benefitsLine1": "This benefit is not covered",
                                                    "benefitsLine2": "",
                                                    "commentIdentifier": null
                                                }
                                            ]
                                        },
                                        "BlueChoice Specialist": {
                                            "inNetwork": true,
                                            "benefitLineDescriptor": [
                                                {
                                                    "benefitNotCovered": false,
                                                    "doNotQuoteBenefit": false,
                                                    "benefitsLine1": "$450.00 copay Per Day",
                                                    "benefitsLine2": "",
                                                    "commentIdentifier": [
                                                        "1",
                                                        "2",
                                                        "3"
                                                    ]
                                                }
                                            ]
                                        },
                                        "Out of Network": {
                                            "inNetwork": false,
                                            "benefitLineDescriptor": [
                                                {
                                                    "benefitNotCovered": false,
                                                    "doNotQuoteBenefit": false,
                                                    "benefitsLine1": "$700.00 copay Per Day",
                                                    "benefitsLine2": "",
                                                    "commentIdentifier": [
                                                        "1",
                                                        "2",
                                                        "3"
                                                    ]
                                                }
                                            ]
                                        }
                                    }
                                }
                            }
                        ],
                        "comments": {
                            "1": "Deductible applies",
                            "2": "Pre-Authorization is required for this service.",
                            "3": "This benefit applies to your out-of-pocket maximum."
                        }
                    }
                },
                "serviceType": {
                    "value": "37",
                    "description": "Accidental Dental"
                },
                "relatedBenefitIdentifiers": [
                    {
                        "value": "230",
                        "description": "Dental Services for Accidental Injury"
                    }
                ],
                "selectedMemberIdentifier": "TOBIAS|DIEGOMINT|01/05/1973|M|18"
            },
            "responseContext": {
                "success": true,
                "guid": 20055109,
                "responseTime": 25612
            }
            
        }
        
    }    
}