{
    "request": {
        "path": "getMedicalServiceTypeDetails.json",
        "method": "get",
        "query": {
            "accountId": "CD.1111"
        }
    },
    "response": {
        "status": 200,
        "data": {
            "serviceTypeDetails": [
                {
                    "serviceType": {
                        "value": "37",
                        "description": "Accidental Dental"
                    },
                    "benefitIdentifiers": [
                        {
                            "value": "230",
                            "description": "Dental Services for Accidental Injury"
                        }
                    ]
                },
                {
                    "serviceType": {
                        "value": "23",
                        "description": "Non-Routine Dental"
                    },
                    "benefitIdentifiers": [
                        {
                            "value": "231",
                            "description": "Dental Care"
                        },
                        {
                            "value": "230",
                            "description": "Dental Services for Accidental Injury"
                        },
                        {
                            "value": "472",
                            "description": "Oral Surgery"
                        },
                        {
                            "value": "682",
                            "description": "Surgery for Temporomandibular Joint  Disorder(TMJ)"
                        }
                    ]
                }
            ],       
            "responseContext": {
                "success": true,
                "guid": 20041146,
                "responseTime": 102
            }
        }
        
        }
    
}