{
    "request": {
        "path": "getTeamsiteContentPageLinks.json",
        "method": "get"
    },
    "response": {
        "status": 200,
        "data": {
            "contentPageLinks": {
                "resource.ssnform": {
                    "name": "Provider Access Information",
                    "url": "/carefirst-resources/pdf/social-security-number-submission-form-individual-sum3120.pdf"
                }
            },
            "responseContext": {
                "success": true,
                "guid": 20316799,
                "responseTime": 29
            }
        }
    }
}