{
  "request": {
    "path": "searchMemberDocuments.json"
  },
  "response": {
    "status" : 200,
    "data": {
      "documents": [
        {
          "documentIdentifier": "20951A60-0000-CC19-A0A6-DC4EAFFA105C",
          "documentName": "CF_CDW_12022017_1113_929248201_00_BL-21555.pdf",
          "dateCreated": "12/02/2017",
          "dateLastModified": "12/02/2017",
          "mimeType": "application/pdf",
          "groupId": "99EE",
          "subject": "Member Contract Notification Postcard",
          "subjectDate": "12/02/2017"
        },
        {
          "documentIdentifier": "00941A60-0300-C1AF-9883-2BA5AFF200E9",
          "documentName": "CF_CDW_12022017_1112_929248201_00_BL-21554.pdf",
          "dateCreated": "12/02/2017",
          "dateLastModified": "12/02/2017",
          "mimeType": "application/pdf",
          "groupId": "99EE",
          "subject": "Welcome Letter",
          "subjectDate": "12/02/2017"
        },
        {
          "documentIdentifier": "D06E1A60-0000-CB1D-AD8E-B8319310C060",
          "documentName": "929248201_MD_08012017_Non-MSP_SB20_CON-964372_12022017_Contract.pdf",
          "dateCreated": "12/02/2017",
          "dateLastModified": "12/02/2017",
          "mimeType": "application/pdf",
          "groupId": "99EE",
          "subject": "2017 Member Contract",
          "subjectDate": null
        },
        {
          "documentIdentifier": "80B80660-0000-CA35-9863-66D109ADE18A",
          "documentName": "CF_CDW_11292017_240_929248201_00_BL-19960.pdf",
          "dateCreated": "11/29/2017",
          "dateLastModified": "11/29/2017",
          "mimeType": "application/pdf",
          "groupId": "99EE",
          "subject": "Welcome Letter",
          "subjectDate": "11/29/2017"
        },
        {
          "documentIdentifier": "B0B90660-0000-C213-95B2-9CBDA588BF92",
          "documentName": "CF_CDW_11292017_241_929248201_00_BL-19961.pdf",
          "dateCreated": "11/29/2017",
          "dateLastModified": "11/29/2017",
          "mimeType": "application/pdf",
          "groupId": "99EE",
          "subject": "Member Contract Notification Postcard",
          "subjectDate": "11/29/2017"
        },
        {
          "documentIdentifier": "30AA0660-0000-CA1F-A829-E3770D5AE30B",
          "documentName": "929248201_MD_08012017_Non-MSP_SB20_CON-960406_11292017_Contract.pdf",
          "dateCreated": "11/29/2017",
          "dateLastModified": "11/29/2017",
          "mimeType": "application/pdf",
          "groupId": "99EE",
          "subject": "2017 Member Contract",
          "subjectDate": null
        }
      ],
      "totalRecords": 6,
      "responseContext": {
        "success": true,
        "guid": 19557929,
        "responseTime": 2108
      }
    }
  }
}