<project xmlns="http://maven.apache.org/POM/4.0.0" xmlns:xsi="http://www.w3.org/2001/XMLSchema-instance"
       xsi:schemaLocation="http://maven.apache.org/POM/4.0.0
                             http://maven.apache.org/xsd/maven-4.0.0.xsd">
       <modelVersion>4.0.0</modelVersion>
       <groupId>com.carefirst.icentric.batch</groupId>
       <artifactId>ICentricMedAdvantageOutboundBatchParent</artifactId>
       <packaging>pom</packaging>
       <name>ICentricMedAdvantageOutboundBatchParent</name>
       <version>1.0.0-SNAPSHOT</version>
       <url>http://www.carefirst.com/</url>
       
       <!-- <parent>
              <groupId>com.carefirst.icentric.batch</groupId>
              <artifactId>ICentricBatchParent</artifactId>
              <version>1.0.0-SNAPSHOT</version>
          <relativePath>../ICentricBatchParent/pom.xml</relativePath> 
       </parent> -->
       
       <modules>
			<module>../ICentricBatchParent</module>
			<module>../ICentricMedAdvantageOutboundBatch</module>
       </modules>
       
		<build>
		   <plugins>
		          <plugin>
		             <artifactId>maven-clean-plugin</artifactId>
		             <configuration>
		               <skip>true</skip>
		             </configuration>
		           </plugin>
		  </plugins>
		</build>
</project>