{
    "request": {
        "path": "getMemberCobDetails.json",
        "method": "get"
    },
    "response": {
        "status": 200,
        "data": {
            "memberCobDetails": [
                {
                    "memberKey": {
                        "subscriberId": "920484401",
                        "dateOfBirth": "01/05/1973",
                        "firstName": "EIPHEASA",
                        "lastName": "AOBAERALLO",
                        "relationship": "18",
                        "gender": "M"
                    },
                    "sourceSystemMemberId": "168349901",
                    "othInsPolicyNum": "",
                    "othInsEfftDate": "04/01/2017",
                    "othInsTermDate": "12/31/9999",
                    "othInsVerfnDate": "07/16/2018",
                    "cobProdCatCode": "1",
                    "cobProdCatDesc": "MEDICAL",
                    "cobTypeCode": "01",
                    "cobTypeDesc": "COMMERCIAL",
                    "carrName": "No Other Insurance",
                    "carrAddress": {
                        "type": null,
                        "typeDesc": null,
                        "street1": "137 Dummy Street",
                        "street2": " ",
                        "street3": null,
                        "city": "WASHINGTON",
                        "state": "DC",
                        "zip": "20060",
                        "zipFour": null,
                        "county": " ",
                        "countyDesc": null,
                        "country": null
                    },
                    "carrPhoneNumber": " ",
                    "sourceRefreshed": "Y",
                    "cobDtrmnOrderCode": "02",
                    "cobDtrmnOrderDesc": "CAREFIRST IS SECONDARY"
                },
                {
                    "memberKey": {
                        "subscriberId": "920484401",
                        "dateOfBirth": "02/06/1980",
                        "firstName": "GIANNA",
                        "lastName": "AOBAERALLO",
                        "relationship": "01",
                        "gender": "F"
                    },
                    "sourceSystemMemberId": "168349902",
                    "othInsPolicyNum": "",
                    "othInsEfftDate": "04/01/2017",
                    "othInsTermDate": "12/31/9999",
                    "othInsVerfnDate": "07/16/2018",
                    "cobProdCatCode": "1",
                    "cobProdCatDesc": "MEDICAL",
                    "cobTypeCode": "01",
                    "cobTypeDesc": "COMMERCIAL",
                    "carrName": "No Other Insurance",
                    "carrAddress": {
                        "type": null,
                        "typeDesc": null,
                        "street1": "137 Dummy Street",
                        "street2": " ",
                        "street3": null,
                        "city": "WASHINGTON",
                        "state": "DC",
                        "zip": "20060",
                        "zipFour": null,
                        "county": " ",
                        "countyDesc": null,
                        "country": null
                    },
                    "carrPhoneNumber": " ",
                    "sourceRefreshed": "Y",
                    "cobDtrmnOrderCode": "02",
                    "cobDtrmnOrderDesc": "CAREFIRST IS SECONDARY"
                },
                {
                    "memberKey": {
                        "subscriberId": "920484401",
                        "dateOfBirth": "07/08/1994",
                        "firstName": "JAMES",
                        "lastName": "AOBAERALLO",
                        "relationship": "19",
                        "gender": "M"
                    },
                    "sourceSystemMemberId": "168349903",
                    "othInsPolicyNum": "",
                    "othInsEfftDate": "04/01/2017",
                    "othInsTermDate": "12/31/9999",
                    "othInsVerfnDate": "07/16/2018",
                    "cobProdCatCode": "1",
                    "cobProdCatDesc": "MEDICAL",
                    "cobTypeCode": "01",
                    "cobTypeDesc": "COMMERCIAL",
                    "carrName": "No Other Insurance",
                    "carrAddress": {
                        "type": null,
                        "typeDesc": null,
                        "street1": "137 Dummy Street",
                        "street2": " ",
                        "street3": null,
                        "city": "WASHINGTON",
                        "state": "DC",
                        "zip": "20060",
                        "zipFour": null,
                        "county": " ",
                        "countyDesc": null,
                        "country": null
                    },
                    "carrPhoneNumber": " ",
                    "sourceRefreshed": "Y",
                    "cobDtrmnOrderCode": "02",
                    "cobDtrmnOrderDesc": "CAREFIRST IS SECONDARY"
                },
                {
                    "memberKey": {
                        "subscriberId": "920484401",
                        "dateOfBirth": "06/02/2002",
                        "firstName": "SAVANNAH",
                        "lastName": "AOBAERALLO",
                        "relationship": "19",
                        "gender": "F"
                    },
                    "sourceSystemMemberId": "168349904",
                    "othInsPolicyNum": "",
                    "othInsEfftDate": "04/01/2017",
                    "othInsTermDate": "12/31/9999",
                    "othInsVerfnDate": "07/16/2018",
                    "cobProdCatCode": "1",
                    "cobProdCatDesc": "MEDICAL",
                    "cobTypeCode": "01",
                    "cobTypeDesc": "COMMERCIAL",
                    "carrName": "No Other Insurance",
                    "carrAddress": {
                        "type": null,
                        "typeDesc": null,
                        "street1": "137 Dummy Street",
                        "street2": " ",
                        "street3": null,
                        "city": "WASHINGTON",
                        "state": "DC",
                        "zip": "20060",
                        "zipFour": null,
                        "county": " ",
                        "countyDesc": null,
                        "country": null
                    },
                    "carrPhoneNumber": " ",
                    "sourceRefreshed": "Y",
                    "cobDtrmnOrderCode": "02",
                    "cobDtrmnOrderDesc": "CAREFIRST IS SECONDARY"
                }
            ],
            "responseContext": {
                "success": true,
                "guid": 20482523,
                "responseTime": 381
            }
        }
    }
}