{
    "comment" : "Forgot Username Unexpected Error",
    "request" : {
        "path": "findRegisteredMember.json",
        "method" : "get",
        "query" : {
            "subscriberId" : "testUser04"
        }
    },
    "response" : {
        "status" : 200,
        "data" : {
            "error":{
                "code":"002.001",
                "msg": "Unexpected error"
            },
            "responseContext": {
                "success":false,
                "guid":19731116,
                "responseTime":-1
            }
        }
    }
  }
   