{
  "comment" : "Forgot Username Success",
  "request" : {
      "path": "findRegisteredMember.json",
      "method" : "get"
  },
  "response" : {
      "status" : 200,
      "data" : {
          "message" : "findRegisteredMemberSuccessful",
          "emailAddress" : "test@test.com",
          "textPhoneNumber" : "4104882345",
          "challenges":["In what city were you born?",
            "In what city did you meet your spouse/significant other?"
            ],
          "responseContext": {
            "success": true,
            "guid": 19660472,
            "responseTime": 816
          }
      }
  }
}
 