{
    "comment" : "Forgot Username Failure Login",
    "request" : {
        "path": "findRegisteredMember.json",
        "method" : "get",
        "query" : {
            "subscriberId" : "testUser01"
        }
    },
    "response" : {
        "status" : 200,
        "data" : {
            "error":{
                "code":"003.003",
                "msg":"Errors were found while processing your request. The information you entered does not match our records. Please try again."
            },
            "responseContext": {
                "success":false,
                "guid":19731116,
                "responseTime":-1
            }
        }
    }
  }
   