{
    "comment" : "Forgot Username Account Locked",
    "request" : {
        "path": "findRegisteredMember.json",
        "method" : "get",
        "query" : {
            "subscriberId" : "testUser02"
        }
    },
    "response" : {
        "status" : 200,
        "data" : {
            "error":{
                "code":"003.008",
                "msg": "User account is locked. To unlock, please call Technical Support at 877-526-8390, Mon - Fri; 8am - 6pm (Eastern Time)."
             },
            "responseContext": {
                "success":false,
                "guid":19731116,
                "responseTime":-1
            }
        }
    }
  }
   