{
    "comment" : "Forgot Username Input Error",
    "request" : {
        "path": "findRegisteredMember.json",
        "method" : "get",
        "query" : {
            "subscriberId" : "testUser03"
        }
    },
    "response" : {
        "status" : 200,
        "data" : {
            "error":{
                "code":"003.005",
                "msg": "User Access input validation error" 
            },
            "responseContext": {
                "success":false,
                "guid":19731116,
                "responseTime":-1
            }
        }
    }
  }
   