{
    "comment": "Validation Security Locked",
    "request": {
        "path": "validateRandomChallengeQuestion.json",
        "method": "get",
        "query" : {
            "subscriberId" : "testUser06"
        }
    },
    "response": {
        "status": 200,
        "data": {
            "error":
            {
                "code": "003.008"
            },
            "responseContext": {
                "success": false,
                "guid": 19731116,
                "responseTime": -1
            }
        }
    }
}