{
    "comment": "Validation Responses Incorrect",
    "request": {
        "path": "validateRandomChallengeQuestion.json",
        "method": "get",
        "query" : {
            "subscriberId" : "testUser05"
        }
    },
    "response": {
        "status": 200,
        "data": {
            "error":
            {
                "code": "003.002",
                "msg": "Information submitted does not match our records. Please try again."
            },
            "responseContext": {
                "success": false,
                "guid": 19731116,
                "responseTime": -1
            }
        }
    }
}