[
  {
    "widget": [
      {
        "name": "Urgent Care",
        "path": "release_A5/assets/native-app-static/resources/deeplink/widget/widget-urgentCare.png",
        "link": "deeplink-/fadsdpublic/search/nativeurgentcare",
        "flagName": "showUrgentCare"
      },
      {
        "name": "Find a Doctor",
        "path": "release_A5/assets/native-app-static/resources/deeplink/widget/widget-fad.png",
        "link": "deeplink-/fadsd/search",
        "flagName": "showFindMyProviders"
      },
      {
        "name": "ID Cards",
        "path": "release_A5/assets/native-app-static/resources/deeplink/widget/widget-idCard.png",
        "link": "deeplink-/idcards/home",
        "flagName": "showViewPrintIdCards"
      },
      {
        "name": "Treatment Cost Estimator",
        "path": "release_A5/assets/native-app-static/resources/deeplink/widget/widget-payBill.png",
        "link": "deeplink-/sdtce/startpage",
        "flagName": "showTreatmentCostEstimator"
      }
    ],
    "touch": []
  }
]