{
    "comment": "Secure Messages for Archive",
    "request": {
        "path": "getSecureMessages.json",
        "method": "get",
        "query": {
            "messageFolder": "ARCHIVE",
            "chunkSize": 10,
            "startIndex": 1
        }
    },
    "response": {
        "status": 200,
        "data": {
            "responseContext": {
                "success": true,
                "guid": 19769159,
                "responseTime": 519
            },
            "messageFolderContents": {
                "secureMessages": [
                    {
                        "messageId": "89220cd2884acdce",
                        "createdDateTime": "02/12/2018 02:43 AM",
                        "updatedDateTime": null,
                        "subCaseId": "C18-0000042412",
                        "masterCaseId": "M-942676",
                        "subject": "Claims",
                        "subjectOther": "",
                        "hasAttachments": false,
                        "read": true
                    },
                    {
                        "messageId": "e76d4cdae8242154",
                        "createdDateTime": "10/05/2017 01:40 PM",
                        "updatedDateTime": null,
                        "subCaseId": "C17-0000929558",
                        "masterCaseId": "M-942676",
                        "subject": "Benefits",
                        "subjectOther": "",
                        "hasAttachments": false,
                        "read": true
                    },
                    {
                        "messageId": "c5a5a8786a52d93c",
                        "createdDateTime": "10/05/2017 11:41 AM",
                        "updatedDateTime": null,
                        "subCaseId": "C17-0000929558",
                        "masterCaseId": "M-942676",
                        "subject": "Benefits",
                        "subjectOther": "",
                        "hasAttachments": false,
                        "read": true
                    },
                    {
                        "messageId": "02ca2d0b2b418ab3",
                        "createdDateTime": "10/04/2017 06:39 AM",
                        "updatedDateTime": null,
                        "subCaseId": "C17-0000929222",
                        "masterCaseId": "M-942676",
                        "subject": "Benefits",
                        "subjectOther": "",
                        "hasAttachments": false,
                        "read": true
                    },
                    {
                        "messageId": "fe8307212dc1af4a",
                        "createdDateTime": "09/27/2017 05:33 AM",
                        "updatedDateTime": null,
                        "subCaseId": "C17-0000843614",
                        "masterCaseId": "M-942676",
                        "subject": "Technical Support Question/Issue",
                        "subjectOther": "",
                        "hasAttachments": false,
                        "read": true
                    },
                    {
                        "messageId": "1d3828eb9f50206b",
                        "createdDateTime": "09/27/2017 05:33 AM",
                        "updatedDateTime": null,
                        "subCaseId": "C17-0000843613",
                        "masterCaseId": "M-942676",
                        "subject": "Benefits",
                        "subjectOther": "",
                        "hasAttachments": false,
                        "read": true
                    },
                    {
                        "messageId": "70d9780c546c939d",
                        "createdDateTime": "09/27/2017 05:32 AM",
                        "updatedDateTime": null,
                        "subCaseId": "C17-0000843612",
                        "masterCaseId": "M-942676",
                        "subject": "Benefits",
                        "subjectOther": "",
                        "hasAttachments": false,
                        "read": true
                    },
                    {
                        "messageId": "5e49c52a6d34a50f",
                        "createdDateTime": "09/27/2017 05:32 AM",
                        "updatedDateTime": null,
                        "subCaseId": "C17-0000843611",
                        "masterCaseId": "M-942676",
                        "subject": "Benefits",
                        "subjectOther": "",
                        "hasAttachments": false,
                        "read": true
                    },
                    {
                        "messageId": "bb45586584305036",
                        "createdDateTime": "09/27/2017 05:29 AM",
                        "updatedDateTime": null,
                        "subCaseId": "C17-0000843610",
                        "masterCaseId": "M-942676",
                        "subject": "Benefits",
                        "subjectOther": "",
                        "hasAttachments": false,
                        "read": true
                    }
                ],
                "messageFolder": "ARCHIVE",
                "totalMessages": "9",
                "totalUnreadMessages": ""
            }
        }
    }
}