{
    "comment": "Secure Messages for Sent 10-13",
    "request": {
        "path": "getSecureMessages.json",
        "method": "get",
        "query": {
            "messageFolder": "SENTITEMS",
            "chunkSize": 10,
            "startIndex": 10
        }
    },
    "response": {
        "status": 200,
        "data": {
            "responseContext": {
                "success": true,
                "guid": 19769159,
                "responseTime": 200
            },
            "messageFolderContents": {
                "secureMessages": [
                    {
                        "messageId": "04c027e94a119dbb",
                        "createdDateTime": "10/13/2017 07:07 AM",
                        "updatedDateTime": null,
                        "subCaseId": "C17-0001168998",
                        "masterCaseId": "M-942676",
                        "subject": "Benefits",
                        "subjectOther": "",
                        "hasAttachments": false,
                        "read": true
                    },
                    {
                        "messageId": "9fd4874b24428825",
                        "createdDateTime": "10/10/2017 10:14 AM",
                        "updatedDateTime": null,
                        "subCaseId": "C17-0001018910",
                        "masterCaseId": "M-942676",
                        "subject": "Claims",
                        "subjectOther": "",
                        "hasAttachments": false,
                        "read": true
                    },
                    {
                        "messageId": "09dde5d8e5fe4f13",
                        "createdDateTime": "10/09/2017 08:42 AM",
                        "updatedDateTime": null,
                        "subCaseId": "C17-0000931333",
                        "masterCaseId": "M-942676",
                        "subject": "Claims",
                        "subjectOther": "",
                        "hasAttachments": false,
                        "read": true
                    }
                ],
                "messageFolder": "SENTITEMS",
                "totalMessages": "13",
                "totalUnreadMessages": ""
            }
        }
    }
}