{
    "comment": "Secure Messages for Sent 1-10",
    "request": {
        "path": "getSecureMessages.json",
        "method": "get",
        "query": {
            "messageFolder": "SENTITEMS",
            "chunkSize": 10,
            "startIndex": 1
        }
    },
    "response": {
        "status": 200,
        "data": {
            "responseContext": {
                "success": true,
                "guid": 19769159,
                "responseTime": 537
            },
            "messageFolderContents": {
                "secureMessages": [
                    {
                        "messageId": "332abcff53f12174",
                        "createdDateTime": "03/28/2018 02:35 AM",
                        "updatedDateTime": null,
                        "subCaseId": "C18-0000057646",
                        "masterCaseId": "M-942676",
                        "subject": "Benefits",
                        "subjectOther": "",
                        "hasAttachments": true,
                        "read": true
                    },
                    {
                        "messageId": "ec1b40d84a04238a",
                        "createdDateTime": "03/28/2018 02:14 AM",
                        "updatedDateTime": null,
                        "subCaseId": "C18-0000057645",
                        "masterCaseId": "M-942676",
                        "subject": "Benefits",
                        "subjectOther": "",
                        "hasAttachments": true,
                        "read": true
                    },
                    {
                        "messageId": "8aa1269a56572385",
                        "createdDateTime": "03/28/2018 02:13 AM",
                        "updatedDateTime": null,
                        "subCaseId": "C18-0000057644",
                        "masterCaseId": "M-942676",
                        "subject": "Benefits",
                        "subjectOther": "",
                        "hasAttachments": true,
                        "read": true
                    },
                    {
                        "messageId": "8e3abd040fddffbb",
                        "createdDateTime": "03/28/2018 02:08 AM",
                        "updatedDateTime": null,
                        "subCaseId": "C18-0000057643",
                        "masterCaseId": "M-942676",
                        "subject": "Benefits",
                        "subjectOther": "",
                        "hasAttachments": true,
                        "read": true
                    },
                    {
                        "messageId": "77e3b7aa52fd1e31",
                        "createdDateTime": "03/28/2018 02:06 AM",
                        "updatedDateTime": null,
                        "subCaseId": "C18-0000057642",
                        "masterCaseId": "M-942676",
                        "subject": "Benefits",
                        "subjectOther": "",
                        "hasAttachments": false,
                        "read": true
                    },
                    {
                        "messageId": "89d3383dc199fce3",
                        "createdDateTime": "03/28/2018 01:59 AM",
                        "updatedDateTime": null,
                        "subCaseId": "C18-0000057641",
                        "masterCaseId": "M-942676",
                        "subject": "Benefits",
                        "subjectOther": "",
                        "hasAttachments": false,
                        "read": true
                    },
                    {
                        "messageId": "638c2190db4559a6",
                        "createdDateTime": "03/28/2018 01:58 AM",
                        "updatedDateTime": null,
                        "subCaseId": "C18-0000057640",
                        "masterCaseId": "M-942676",
                        "subject": "Benefits",
                        "subjectOther": "",
                        "hasAttachments": false,
                        "read": true
                    },
                    {
                        "messageId": "94271556e4ade01a",
                        "createdDateTime": "03/28/2018 01:57 AM",
                        "updatedDateTime": null,
                        "subCaseId": "C18-0000057639",
                        "masterCaseId": "M-942676",
                        "subject": "Benefits",
                        "subjectOther": "",
                        "hasAttachments": false,
                        "read": true
                    },
                    {
                        "messageId": "b4cec3b82106d195",
                        "createdDateTime": "02/05/2018 06:58 AM",
                        "updatedDateTime": null,
                        "subCaseId": "C18-0000042412",
                        "masterCaseId": "M-942676",
                        "subject": "Claims",
                        "subjectOther": "",
                        "hasAttachments": false,
                        "read": true
                    },
                    {
                        "messageId": "dbb76a74f2c5167c",
                        "createdDateTime": "11/29/2017 06:00 AM",
                        "updatedDateTime": null,
                        "subCaseId": "C17-0001258262",
                        "masterCaseId": "M-942676",
                        "subject": "Claims",
                        "subjectOther": "",
                        "hasAttachments": false,
                        "read": true
                    }
                ],
                "messageFolder": "SENTITEMS",
                "totalMessages": "13",
                "totalUnreadMessages": ""
            }
        }
    }
}