{
    "comment": "Secure Messages for Inbox",
    "request": {
        "path": "getSecureMessages.json",
        "method": "get",
        "query": {
            "messageFolder": "INBOX",
            "chunkSize": 10,
            "startIndex": 1
        }
    },
    "response": {
        "status": 200,
        "data": {
            "responseContext": {
                "success": true,
                "guid": 19769159,
                "responseTime": 242
            },
            "messageFolderContents": {
                "secureMessages": [
                    {
                        "messageId": "393a1436af31a933",
                        "createdDateTime": "12/28/2017 04:10 AM",
                        "updatedDateTime": null,
                        "subCaseId": "C17-0000843610",
                        "masterCaseId": "M-942676",
                        "subject": "Benefits",
                        "subjectOther": "",
                        "hasAttachments": true,
                        "read": true
                    },
                    {
                        "messageId": "1b435879ff47da63",
                        "createdDateTime": "12/28/2017 02:18 AM",
                        "updatedDateTime": null,
                        "subCaseId": "C17-0001258262",
                        "masterCaseId": "M-942676",
                        "subject": "Claims",
                        "subjectOther": "",
                        "hasAttachments": false,
                        "read": false
                    },
                    {
                        "messageId": "88f9b697c538bca9",
                        "createdDateTime": "12/27/2017 02:02 AM",
                        "updatedDateTime": null,
                        "subCaseId": "C17-0001329621",
                        "masterCaseId": "M-942676",
                        "subject": "Dental",
                        "subjectOther": "",
                        "hasAttachments": false,
                        "read": false
                    },
                    {
                        "messageId": "e88dea76f877b8b7",
                        "createdDateTime": "10/06/2017 07:32 AM",
                        "updatedDateTime": null,
                        "subCaseId": "C17-0000843614",
                        "masterCaseId": "M-942676",
                        "subject": "Technical Support Question/Issue",
                        "subjectOther": "",
                        "hasAttachments": false,
                        "read": true
                    },
                    {
                        "messageId": "df5a46338e3e49cb",
                        "createdDateTime": "10/06/2017 07:31 AM",
                        "updatedDateTime": null,
                        "subCaseId": "C17-0000929222",
                        "masterCaseId": "M-942676",
                        "subject": "Benefits",
                        "subjectOther": "",
                        "hasAttachments": false,
                        "read": true
                    }
                ],
                "messageFolder": "INBOX",
                "totalMessages": "5",
                "totalUnreadMessages": "2"
            }
        }
    }
}