{
    "comment": "Secure Messages for Inbox",
    "request": {
        "path": "viewSecureMessage.json",
        "method": "get"
    },
    "response": {
        "status": 200,
        "data": {
            "secureMessage": {
                "subject": "Benefits",
                "subjectOther": "null",
                "messageBody": "There??",
                "createdDateTime": "05/21/2018 05:19 AM",
                "attachments": [
                    {
                        "attachmentName": "DE1109_retest.docx",
                        "attachmentType": "docx",
                        "attachmentId": "A0FE8163-0000-C614-BB6E-DDA93B172D5C"
                    },
                    {
                        "attachmentName": "Chrysanthemum.jpg",
                        "attachmentType": "jpg",
                        "attachmentId": "D0FE8163-0000-C012-B0B9-8F435BDB6922"
                    }
                ],
                "caseNumber": "C18-0000085034",
                "replyTrackingList": [
                    {
                        "recipentAddress": "CareFirst Customer Service Representative",
                        "senderAddress": "KRISHNA HARISH",
                        "subject": "Benefits",
                        "subjectOther": "null",
                        "messageBody": "thank you",
                        "createdDateTime": "05/21/2018 05:16 AM"
                    },
                    {
                        "recipentAddress": "KRISHNA HARISH",
                        "senderAddress": "CareFirst Customer Service Representative",
                        "subject": "Benefits",
                        "subjectOther": "null",
                        "messageBody": "<p class=\"MsoNormal\" style=\"TEXT-ALIGN: justify; MARGIN: 0in 0in 10pt\"><span style=\"FONT-SIZE: 12pt; FONT-FAMILY: &quot;Arial&quot;,&quot;sans-serif&quot;; LINE-HEIGHT: 115%\">Dear &lt;writer of email&gt;:<o:p></o:p></span></p>\n\n<p class=\"MsoNormal\" style=\"TEXT-ALIGN: justify; MARGIN: 0in 0in 10pt\"><span style=\"FONT-SIZE: 12pt; FONT-FAMILY: &quot;Arial&quot;,&quot;sans-serif&quot;; LINE-HEIGHT: 115%\"><o:p>&nbsp;</o:p></span></p>\n\n<p class=\"MsoNormal\" style=\"TEXT-ALIGN: justify; MARGIN: 0in 0in 10pt\"><span style=\"FONT-SIZE: 12pt; FONT-FAMILY: &quot;Arial&quot;,&quot;sans-serif&quot;; LINE-HEIGHT: 115%\">Thank you for your email dated May 18, 2018 8:19:34 AM .<span style=\"mso-spacerun: yes\">&nbsp; </span>CareFirst Blue Cross Blue Shield works to resolve all inquiries timely.<span style=\"mso-spacerun: yes\">&nbsp; </span>Once your inquiry has been resolved, you will receive an email giving you an update or a resolution.<span style=\"mso-spacerun: yes\">&nbsp; </span>We appreciate your patience during the review process.<o:p></o:p></span></p>\n\n<p class=\"MsoNormal\" style=\"MARGIN: 0in 0in 6pt; TEXT-AUTOSPACE: \"><span style=\"FONT-SIZE: 12pt; FONT-FAMILY: &quot;Arial&quot;,&quot;sans-serif&quot;; LINE-HEIGHT: 115%\">Sincerely,<o:p></o:p></span></p>\n\n<p class=\"MsoNormal\" style=\"MARGIN: 0in 0in 6pt; TEXT-AUTOSPACE: \"><span style=\"FONT-SIZE: 12pt; FONT-FAMILY: &quot;Arial&quot;,&quot;sans-serif&quot;; LINE-HEIGHT: 115%\">Consumer Direct Customer Service<br />\n<br />\n<o:p></o:p></span></p>\n\n<p class=\"MsoNormal\" style=\"MARGIN: 0in 0in 0pt; LINE-HEIGHT: normal; TEXT-AUTOSPACE: ; mso-layout-grid-align: none\"><span style=\"FONT-SIZE: 12pt; FONT-FAMILY: &quot;Arial&quot;,&quot;sans-serif&quot;; COLOR: black\">Sign up to go paperless and receive electronic communications through <i style=\"mso-bidi-font-style: normal\">My Account</i>! It&rsquo;s a great way to help reduce the amount of paper you take home. <o:p></o:p></span></p>\n\n<p class=\"MsoNormal\" style=\"MARGIN: 0in 0in 0pt; LINE-HEIGHT: normal; TEXT-AUTOSPACE: ; mso-layout-grid-align: none\"><span style=\"FONT-SIZE: 12pt; FONT-FAMILY: &quot;Arial&quot;,&quot;sans-serif&quot;; COLOR: black\"><o:p>&nbsp;</o:p></span></p>\n\n<p class=\"MsoListParagraph\" style=\"MARGIN: 0in 0in 0pt 0.5in; TEXT-AUTOSPACE: ; TEXT-INDENT: -0.25in; mso-list: l1 level1 lfo1\"><bold><span style=\"FONT-SIZE: 11pt; FONT-FAMILY: Symbol; COLOR: #000000; mso-fareast-font-family: Symbol; mso-bidi-font-family: Symbol\"><span style=\"mso-list: Ignore\"><bold>&middot;</bold><span style=\"FONT: 7pt &quot;Times New Roman&quot;\">&nbsp;&nbsp;&nbsp;&nbsp;&nbsp;&nbsp;&nbsp;&nbsp; </span></span></span><span style=\"FONT-SIZE: 11pt; FONT-FAMILY: &quot;Arial&quot;,&quot;sans-serif&quot;; COLOR: windowtext\">Visit </span><a href=\"http://www.carefirst.com/myaccount\"><b><span style=\"FONT-SIZE: 11pt; TEXT-DECORATION: none; FONT-FAMILY: &quot;Arial&quot;,&quot;sans-serif&quot;; COLOR: #000000; text-underline: none\">www.carefirst.com/myaccount</span></b></a><span style=\"FONT-SIZE: 11pt; FONT-FAMILY: &quot;Arial&quot;,&quot;sans-serif&quot;; COLOR: windowtext\">&nbsp;and log in with your username and password.<o:p></o:p></span></bold></p>\n\n<p class=\"MsoListParagraph\" style=\"MARGIN: 0in 0in 0pt 0.5in; TEXT-AUTOSPACE: ; TEXT-INDENT: -0.25in; mso-list: l1 level1 lfo1\"><bold><span style=\"FONT-SIZE: 11pt; FONT-FAMILY: Symbol; COLOR: #000000; mso-fareast-font-family: Symbol; mso-bidi-font-family: Symbol\"><span style=\"mso-list: Ignore\"><bold>&middot;</bold><span style=\"FONT: 7pt &quot;Times New Roman&quot;\">&nbsp;&nbsp;&nbsp;&nbsp;&nbsp;&nbsp;&nbsp;&nbsp; </span></span></span><span style=\"FONT-SIZE: 11pt; FONT-FAMILY: &quot;Arial&quot;,&quot;sans-serif&quot;; COLOR: windowtext\">Click on the settings wheel at the top of the home page, then select <i>My Profile.</i><o:p></o:p></span></bold></p>\n\n<p class=\"MsoListParagraph\" style=\"MARGIN: 0in 0in 0pt 0.5in; TEXT-AUTOSPACE: ; TEXT-INDENT: -0.25in; mso-list: l1 level1 lfo1\"><bold><span style=\"FONT-SIZE: 11pt; FONT-FAMILY: Symbol; COLOR: #000000; mso-fareast-font-family: Symbol; mso-bidi-font-family: Symbol\"><span style=\"mso-list: Ignore\"><bold>&middot;</bold><span style=\"FONT: 7pt &quot;Times New Roman&quot;\">&nbsp;&nbsp;&nbsp;&nbsp;&nbsp;&nbsp;&nbsp;&nbsp; </span></span></span><span style=\"FONT-SIZE: 11pt; FONT-FAMILY: &quot;Arial&quot;,&quot;sans-serif&quot;; COLOR: windowtext\">Select the <i>Electronic Consent</i> tab and elect to go paperless.<o:p></o:p></span></bold></p>\n\n<table>\n\t<tbody>\n\t\t<tr>\n\t\t\t<td style=\"padding:0 0 0 0;border:none;\">&nbsp;</td>\n\t\t</tr>\n\t</tbody>\n</table>\n\n<p style=\"font-size:12 pt;font-family:arial;\"><br />\n******************************************************************************<br />\n<br />\nUnauthorized interception of this communication could be a violation of Federal and State Law. This communication and any files transmitted with it are confidential and may contain protected health information. This communication is solely for the use of the person or entity to whom it was addressed. If you are not the intended recipient, any use, distribution, printing or acting in reliance on the contents of this message is strictly prohibited. If you have received this message in error, please notify the sender and destroy any and all copies. Thank you.<br />\n<br />\nATENCI&Oacute;N: si habla espa&ntilde;ol, tiene a su disposici&oacute;n servicios gratuitos de asistencia ling&uuml;&iacute;stica. Llame al 855-258-6518<br />\n<br />\næ³¨æï¼å¦ææ¨ä½¿ç¨ç¹é«ä¸­æï¼æ¨å¯ä»¥åè²»ç²å¾èªè¨æ´å©æåãè«è´é» 855-258-6518<br />\n<br />\nCareFirst BlueCross BlueShield and CareFirst BlueChoice, Inc. (CareFirst) complies with applicable Federal civil rights laws and does not discriminate on the basis of race, color, national origin, age, disability, or sex.<br />\n<br />\n*******************************************************************************</p>",
                        "createdDateTime": "05/18/2018 08:23 AM"
                    },
                    {
                        "recipentAddress": "CareFirst Customer Service Representative",
                        "senderAddress": "KRISHNA HARISH",
                        "subject": "Benefits",
                        "subjectOther": null,
                        "messageBody": "U der??\n",
                        "createdDateTime": "05/18/2018 08:19 AM"
                    },
                    {
                        "recipentAddress": "KRISHNA HARISH",
                        "senderAddress": "CareFirst Customer Service Representative",
                        "subject": "Benefits",
                        "subjectOther": null,
                        "messageBody": "Hello u too",
                        "createdDateTime": "05/18/2018 08:18 AM"
                    },
                    {
                        "recipentAddress": "KRISHNA HARISH",
                        "senderAddress": "CareFirst Customer Service",
                        "subject": "Benefits",
                        "subjectOther": null,
                        "messageBody": "<p class=\"MsoNormal\" style=\"margin: 0in 0in 6pt;\"><span style=\"line-height: 115%; font-family: &quot;Arial&quot;,&quot;sans-serif&quot;; font-size: 12pt;\">Dear_________:<!--?xml:namespace prefix = \"o\" ns = \"urn:schemas-microsoft-com:office:office\" /--><o:p></o:p></span></p>\n\n<p class=\"MsoNormal\" style=\"margin: 0in 0in 6pt;\"><span style=\"line-height: 115%; font-family: &quot;Arial&quot;,&quot;sans-serif&quot;; font-size: 12pt;\"><o:p>&nbsp;</o:p></span></p>\n\n<p class=\"MsoNormal\" style=\"margin: 0in 0in 6pt;\"><span style=\"line-height: 115%; font-family: &quot;Arial&quot;,&quot;sans-serif&quot;; font-size: 12pt;\">This response is in reference to your email inquiry dated_________. Your current benefit period runs (<span style=\"color: red;\">Calendar</span>) year. For ______ benefits, services are considered at ______________ of the allowance when rendered in-network. Services rendered out-of-network may be subject to balance billing. Please note the information given is not a guarantee of payment; benefits are subject to medical necessity and contract guidelines.<o:p></o:p></span></p>\n\n<p class=\"MsoNormal\" style=\"margin: 0in 0in 6pt;\"><span style=\"line-height: 115%; font-family: &quot;Arial&quot;,&quot;sans-serif&quot;; font-size: 12pt;\"><o:p>&nbsp;</o:p></span></p>\n\n<p class=\"MsoNormal\" style=\"margin: 0in 0in 6pt;\"><span style=\"line-height: 115%; font-family: &quot;Arial&quot;,&quot;sans-serif&quot;; font-size: 12pt;\">The &ldquo;Find a Doctor<i>&rdquo; </i>feature is available for use at </span><a href=\"http://www.carefirst.com/\"><b><span style=\"color: windowtext; line-height: 115%; font-family: &quot;Arial&quot;,&quot;sans-serif&quot;; font-size: 12pt; text-decoration: none; text-underline: none;\">www.carefirst.com</span></b></a><span style=\"line-height: 115%; font-family: &quot;Arial&quot;,&quot;sans-serif&quot;; font-size: 12pt;\"> to confirm a provider&rsquo;s participation status with your _________ plan.&nbsp; Our Customer Service Representatives are also available to verify this information on your behalf. <o:p></o:p></span></p>\n\n<p class=\"MsoNormal\" style=\"margin: 0in 0in 10pt; text-align: justify;\"><span style=\"line-height: 115%; font-family: &quot;Arial&quot;,&quot;sans-serif&quot;; font-size: 12pt;\"><o:p>&nbsp;</o:p></span></p>\n\n<p class=\"MsoNormal\" style=\"margin: 0in 0in 10pt; text-align: justify;\"><span style=\"line-height: 115%; font-family: &quot;Arial&quot;,&quot;sans-serif&quot;; font-size: 12pt;\">If you have any questions about your account, please contact Customer Service by calling the telephone number on the back of your member ID card. <o:p></o:p></span></p>\n\n<p class=\"MsoNormal\" style=\"margin: 0in 0in 10pt; text-align: justify;\"><span style=\"line-height: 115%; font-family: &quot;Arial&quot;,&quot;sans-serif&quot;; font-size: 12pt;\"><o:p>&nbsp;</o:p></span></p>\n\n<p class=\"MsoNormal\" style=\"margin: 0in 0in 6pt;\"><span style=\"line-height: 115%; font-family: &quot;Arial&quot;,&quot;sans-serif&quot;; font-size: 12pt;\">Sincerely,<o:p></o:p></span></p>\n\n<p class=\"MsoNormal\" style=\"margin: 0in 0in 6pt;\"><span style=\"line-height: 115%; font-family: &quot;Arial&quot;,&quot;sans-serif&quot;; font-size: 12pt;\">Consumer Direct Customer Service<o:p></o:p></span></p>\n\n<p class=\"MsoNormal\" style=\"margin: 0in 0in 6pt;\"><span style=\"line-height: 115%; font-family: &quot;Arial&quot;,&quot;sans-serif&quot;; font-size: 12pt;\"><o:p>&nbsp;</o:p></span></p>\n\n<p class=\"MsoNormal\" style=\"margin: 0in 0in 10pt;\"><span style=\"font-family: &quot;Arial&quot;,&quot;sans-serif&quot;; font-size: 11pt;\">Sign up to go paperless and receive electronic communications through <i>My Account</i><span style=\"font-size: 11pt;\">! It&rsquo;s a great way to help reduce the amount of paper you take home. <o:p></o:p></span></span></p>\n\n<p class=\"MsoNormal\" style=\"margin: 0in 0in 10pt;\"><span style=\"font-family: &quot;Arial&quot;,&quot;sans-serif&quot;;\"><o:p><font size=\"3\">&nbsp;</font></o:p></span></p>\n\n<p class=\"MsoListParagraph\" style=\"margin: 0in 0in 0pt 0.5in; text-indent: -0.25in; mso-list: l1 level1 lfo1;\"><bold><span style=\"color: rgb(0, 0, 0); font-family: Symbol; font-size: 11pt; mso-bidi-font-family: Symbol; mso-fareast-font-family: Symbol;\"><span style=\"mso-list: Ignore;\"><bold>&middot;</bold><span style=\"font: 7pt/normal &quot;Times New Roman&quot;; font-size-adjust: none; font-stretch: normal;\">&nbsp;&nbsp;&nbsp;&nbsp;&nbsp;&nbsp;&nbsp;&nbsp; </span></span></span><span style=\"color: windowtext; font-family: &quot;Arial&quot;,&quot;sans-serif&quot;; font-size: 11pt;\">Visit </span><a href=\"http://www.carefirst.com/myaccount\"><b><span style=\"color: rgb(0, 0, 0); font-family: &quot;Arial&quot;,&quot;sans-serif&quot;; font-size: 11pt; text-decoration: none; text-underline: none;\">www.carefirst.com/myaccount</span></b></a><span style=\"color: windowtext; font-family: &quot;Arial&quot;,&quot;sans-serif&quot;; font-size: 11pt;\">&nbsp;and log in with your username and password.<o:p></o:p></span></bold></p>\n\n<p class=\"MsoListParagraph\" style=\"margin: 0in 0in 0pt 0.5in; text-indent: -0.25in; mso-list: l1 level1 lfo1;\"><bold><span style=\"color: rgb(0, 0, 0); font-family: Symbol; font-size: 11pt; mso-bidi-font-family: Symbol; mso-fareast-font-family: Symbol;\"><span style=\"mso-list: Ignore;\"><bold>&middot;</bold><span style=\"font: 7pt/normal &quot;Times New Roman&quot;; font-size-adjust: none; font-stretch: normal;\">&nbsp;&nbsp;&nbsp;&nbsp;&nbsp;&nbsp;&nbsp;&nbsp; </span></span></span><span style=\"color: windowtext; font-family: &quot;Arial&quot;,&quot;sans-serif&quot;; font-size: 11pt;\">Click on the settings wheel at the top of the home page, then select <i>My Profile.</i><o:p></o:p></span></bold></p>\n\n<p class=\"MsoListParagraph\" style=\"margin: 0in 0in 0pt 0.5in; text-indent: -0.25in; mso-list: l1 level1 lfo1;\"><bold><span style=\"color: rgb(0, 0, 0); font-family: Symbol; font-size: 11pt; mso-bidi-font-family: Symbol; mso-fareast-font-family: Symbol;\"><span style=\"mso-list: Ignore;\"><bold>&middot;</bold><span style=\"font: 7pt/normal &quot;Times New Roman&quot;; font-size-adjust: none; font-stretch: normal;\">&nbsp;&nbsp;&nbsp;&nbsp;&nbsp;&nbsp;&nbsp;&nbsp; </span></span></span><span style=\"color: windowtext; font-family: &quot;Arial&quot;,&quot;sans-serif&quot;; font-size: 11pt;\">Select the <i>Electronic Consent</i> tab and elect to go paperless.<o:p></o:p></span></bold></p>\n\n<table>\n\t<tbody>\n\t\t<tr>\n\t\t\t<td style=\"padding: 0px; border: currentColor; border-image: none;\">&nbsp;</td>\n\t\t</tr>\n\t</tbody>\n</table>\n\n<p style=\"font-size:12 pt;font-family:arial;\"><br />\n******************************************************************************<br />\n<br />\nUnauthorized interception of this communication could be a violation of Federal and State Law. This communication and any files transmitted with it are confidential and may contain protected health information. This communication is solely for the use of the person or entity to whom it was addressed. If you are not the intended recipient, any use, distribution, printing or acting in reliance on the contents of this message is strictly prohibited. If you have received this message in error, please notify the sender and destroy any and all copies. Thank you.<br />\n<br />\nATENCI&Oacute;N: si habla espa&ntilde;ol, tiene a su disposici&oacute;n servicios gratuitos de asistencia ling&uuml;&iacute;stica. Llame al 855-258-6518<br />\n<br />\nÃ¦Â³Â¨Ã¦ÂÂÃ¯Â¼ÂÃ¥Â¦ÂÃ¦ÂÂÃ¦ÂÂ¨Ã¤Â½Â¿Ã§ÂÂ¨Ã§Â¹ÂÃ©Â«ÂÃ¤Â¸Â­Ã¦ÂÂÃ¯Â¼ÂÃ¦ÂÂ¨Ã¥ÂÂ¯Ã¤Â»Â¥Ã¥ÂÂÃ¨Â²Â»Ã§ÂÂ²Ã¥Â¾ÂÃ¨ÂªÂÃ¨Â¨ÂÃ¦ÂÂ´Ã¥ÂÂ©Ã¦ÂÂÃ¥ÂÂÃ£ÂÂÃ¨Â«ÂÃ¨ÂÂ´Ã©ÂÂ» 855-258-6518<br />\n<br />\nCareFirst BlueCross BlueShield and CareFirst BlueChoice, Inc. (CareFirst) complies with applicable Federal civil rights laws and does not discriminate on the basis of race, color, national origin, age, disability, or sex.<br />\n<br />\n*******************************************************************************</p>",
                        "createdDateTime": "05/18/2018 08:16 AM"
                    },
                    {
                        "recipentAddress": "CareFirst Customer Service Representative",
                        "senderAddress": "KRISHNA HARISH",
                        "subject": "Benefits",
                        "subjectOther": null,
                        "messageBody": "hello",
                        "createdDateTime": "05/18/2018 08:12 AM"
                    }
                ],
                "messageId": "af425132b0c17ffd",
                "requestType": "SecureMessageFromAPI"
            },
            "responseContext": {
                "success": true,
                "guid": 20093113,
                "responseTime": 283
            }
        }
    }
}