 {
	"comment": "Update Payment Details",
	"request": {
		"path": "deletePaymentMethod.json",
		"method": "post"
	},
	"response": {
		"status": 200,
        "data":{
    "deletePaymentMethodResponse" : {
			"deletePaymentMethodResponse": {
				"status": "success/failure",
				"statusMessage": "success or error message"
			},
			"responseContext": {
				"success": true,
				"guid": 23535453,
				"responseTime": 4486
			},
			"currentSystemTime" :"01/27/2017 12:09"
		}
        }
    }
 }