{
	"comment": "Add Payment Method",
	"request": {
		"path": "disablePaymentMethods.json",
		"method": "post"
	},
	"response": {
		"status": 200,
		"data":{
"disablePaymentMethodResponse" : {
			   "disablePaymentMethodResponse":    {
				      "status": "Success",
				      "statusMessage": "Account disabled successfully but unable to disable  AutoPay details as it does not exist",
				      "bankAccountEntityId": null
				   },
				   "responseContext":    {
				      "success": true,
				      "guid": 13552504,
				      "responseTime": null
				   }
				}
				}
			}
}

