{
	"comment": "Get current invoice details",
	"request": {
		"path": "getCurrentInvoices.json",
		"method": "get"
	},
	"response": {
		"status": 200,
		"data": {
			"currentInvoiceResponse": {
				"totalAmount": 224.1,
				"invoiceSummaryDetails": {
					"99D7": {
						"policyGroupId": "99D7",
						"policyName": "DENTAL",
						"billType": "Monthly",
						"policyStatus": "ACTIVE",
						"coverageStartDate": "07/01/2019",
						"coverageEndDate": "06/30/2020",
						"productName": "Dental HMO (IND 20)",
						"invoiceNumber": "123456789321",
						"invoiceDueDate": "08/01/2019",
						"currentAmtDue": 112.0,
						"totalAmtDue": null,
						"invoiceCreatedDate": null,
						"paidThruDate": "07/31/2019",
						"billPeriodStartDate": "07/01/2019",
						"billPeriodEndDate": "07/31/2019",
						"scheduledDate": "09/06/2019",
						"onHealthExchange": false,
						"initialPremiumPaid": true,
						"lastPaymentDetails": {
							"paymentAmount": 1.12,
							"paymentDate": "06/18/2019",
							"paymentStatus": "PENDING",
							"paymentType": "ONLINE_PAYMENT",
							"appliedDate": null
						},
						"recentPendingPayment": true
					},
					"99D8": {
						"policyGroupId": "99D8",
						"policyName": "MEDICAL",
						"billType": "Yearly",
						"policyStatus": "ACTIVE",
						"coverageStartDate": "07/01/2019",
						"coverageEndDate": "06/30/2020",
						"productName": "Medical HMO (IND 20)",
						"invoiceNumber": "123456789322",
						"invoiceDueDate": "02/01/2020",
						"currentAmtDue": 112.1,
						"totalAmtDue": null,
						"invoiceCreatedDate": null,
						"paidThruDate": "01/31/2019",
						"billPeriodStartDate": "07/01/2019",
						"billPeriodEndDate": "07/31/2019",
						"scheduledDate": "09/06/2019",
						"onHealthExchange": false,
						"initialPremiumPaid": true,
						"lastPaymentDetails": {
							"paymentAmount": 1.13,
							"paymentDate": "06/18/2019",
							"paymentStatus": "PROCESSED",
							"paymentType": "ONLINE_PAYMENT",
							"appliedDate": null
						},
						"recentPendingPayment": true
					}
				}
			},
			"responseContext": {
				"success": true,
				"guid": 23199335,
				"responseTime": 496
			}
		}
	}
}