{
	"comment": "Get invoice details",
	"request": {
		"path": "getInvoiceDetails.json",
		"method": "get"
	},
	"response": {
		"status": 200,
		"data": {
			"getInvoiceDetailsResponse": {
				"invoiceType": "CURRENT",
				"subscriberName": "Kimsa   Steven",
				"subscriberId": "930836401",
				"addressDetails": {
					"addressLine1": "D No 87",
					"addressLine2": "",
					"addressLine3": "",
					"city": "Owings Mills",
					"state": "MD",
					"zipCode": "21117"
				},
				"invoiceSummary": {
					"policyGroupId": "99D8",
					"policyName": "MEDICAL",
					"billType": "Yearly",
					"policyStatus": "ACTIVE",
					"coverageStartDate": "07/01/2019",
					"coverageEndDate": "06/30/2020",
					"productName": "Medical HMO (IND 20)",
					"invoiceNumber": "123456789322",
					"invoiceDueDate": "02/01/2020",
					"currentAmtDue": 112.1,
					"totalAmtDue": null,
					"invoiceCreatedDate": "01/01/2019",
					"paidThruDate": "01/31/2019",
					"billPeriodStartDate": "07/01/2019",
					"billPeriodEndDate": "07/31/2019",
					"scheduledDate": "09/06/2019",
					"onHealthExchange": false,
					"initialPremiumPaid": true,
					"lastPaymentDetails": {
						"paymentAmount": 1.13,
						"paymentDate": "06/18/2019",
						"paymentStatus": "PROCESSED",
						"paymentType": "ONLINE_PAYMENT",
						"appliedDate": null
					}
				},
				"paymentDueSummary": {
					"priorAmtBilled": 764.6,
					"priorAmtBilledDate": "05/06/2018",
					"paymentRecvdAdjustments": 0.0,
					"paymentRecvdAdjustmentsDate": "",
					"priorRcptAdjustments": null,
					"priorRcptAdjustmentsDate": null,
					"priorRcptAdjustmentsDesc": null,
					"approvedCharge": null,
					"approvedChargedate": null,
					"approvedCredit": null,
					"approvedCreditDate": null,
					"creditDesc": "",
					"balanceFwd": 764.6,
					"totAmtForCovPeriod": 339.1,
					"totalAmtDueDate": "07/01/2018",
					"totalAmtDue": 1103.7,
					"subsidyAmount": null,
					"priorSubsidyAmount": null,
					"priorSubsidyAmtBeginDate": "",
					"priorSubsidyAmtEndDate": ""
				},
				"totalAmtCovPeriod": [
					{
						"coverageType": "Medical",
						"currentAmt": 339.1,
						"retroActivityAmt": 0.0,
						"totalAmount": 339.1,
						"coverageDate": "",
						"retroActiveAdjustmentDetails": []
					},
					{
						"coverageType": "Drug",
						"currentAmt": null,
						"retroActivityAmt": null,
						"totalAmount": null,
						"coverageDate": "",
						"retroActiveAdjustmentDetails": []
					},
					{
						"coverageType": "Vision",
						"currentAmt": null,
						"retroActivityAmt": null,
						"totalAmount": null,
						"coverageDate": "",
						"retroActiveAdjustmentDetails": []
					}
				],
				"invoiceDocAvailable": "N",
				"miscellaneousAmt": null,
				"miscellaneousCurrAmt": null,
				"serviceRepName": "IMD Enrollment Team",
				"serviceRepPhone": "4437382934",
				"serviceRepPhoneExt": " ",
				"discountApplied": null
			},
			"responseContext": {
				"success": true,
				"guid": 20673456,
				"responseTime": 1692
			}
		}
	}
}