{
	"comment": "Get invoice history",
	"request": {
		"path": "getInvoiceHistory.json",
		"method": "get"
	},
	"response": {
		"status": 200,
		"data": {
			"invoiceHistoryResponse": {
				"99D8": {
					"policyInfo": {
						"policyGroupId": "99D8",
						"policyName": "MEDICAL",
						"coverageStartDate": "07/01/2019",
						"coverageEndDate": "06/30/2020",
						"productName": "Medical HMO (IND 20)",
						"policyStatus": "ACTIVE",
						"currentAmtDue": 112.1,
						"paymentDueDate": null,
						"paymentDue": null,
						"invoiceNumber": "123456789322",
						"lastPaymentDetails": {
							"paymentAmount": 1.13,
							"paymentDate": "06/18/2019",
							"paymentStatus": "PROCESSED",
							"paymentType": "ONLINE_PAYMENT",
							"appliedDate": null
						},
						"onExchange": false,
						"scheduledDate": "09/06/2019"
					},
					"invoicesList": [
						{
							"invoiceNumber": "172010000864",
							"invoiceCreatedDate": "07/20/2017"
						},
						{
							"invoiceNumber": "172010000866",
							"invoiceCreatedDate": "07/20/2017"
						},
						{
							"invoiceNumber": "172010000867",
							"invoiceCreatedDate": "07/20/2017"
						},
						{
							"invoiceNumber": "172010000868",
							"invoiceCreatedDate": "07/20/2017"
						},
						{
							"invoiceNumber": "172010000870",
							"invoiceCreatedDate": "07/20/2017"
						},
						{
							"invoiceNumber": "172010000871",
							"invoiceCreatedDate": "07/20/2017"
						},
						{
							"invoiceNumber": "172010000865",
							"invoiceCreatedDate": "07/20/2017"
						},
						{
							"invoiceNumber": "172010000869",
							"invoiceCreatedDate": "07/20/2017"
						},
						{
							"invoiceNumber": "172330000116",
							"invoiceCreatedDate": "08/20/2017"
						},
						{
							"invoiceNumber": "172640007675",
							"invoiceCreatedDate": "09/20/2017"
						}
					]
				},
				"9901": {
					"policyInfo": {
						"policyGroupId": "9901",
						"policyName": "MEDICAL",
						"coverageStartDate": "01/01/2018",
						"coverageEndDate": "12/31/2018",
						"productName": "Medigap B",
						"policyStatus": "ACTIVE",
						"currentAmtDue": null,
						"paymentDueDate": null,
						"paymentDue": null,
						"invoiceNumber": null,
						"lastPaymentDetails": null,
						"onExchange": false,
						"scheduledDate": null
					},
					"invoicesList": [
						{
							"invoiceNumber": "172010000903",
							"invoiceCreatedDate": "07/20/2017"
						},
						{
							"invoiceNumber": "172010000906",
							"invoiceCreatedDate": "07/20/2017"
						},
						{
							"invoiceNumber": "172010000908",
							"invoiceCreatedDate": "07/20/2017"
						},
						{
							"invoiceNumber": "172330000119",
							"invoiceCreatedDate": "08/20/2017"
						},
						{
							"invoiceNumber": "172640007682",
							"invoiceCreatedDate": "09/20/2017"
						},
						{
							"invoiceNumber": "172930000459",
							"invoiceCreatedDate": "10/19/2017"
						}
					]
				},
				"99D1": {
					"policyInfo": {
						"policyGroupId": "99D1",
						"policyName": "DENTAL",
						"coverageStartDate": "01/01/2018",
						"coverageEndDate": "12/31/2018",
						"productName": "BlueDental Preferred High",
						"policyStatus": "ACTIVE",
						"currentAmtDue": null,
						"paymentDueDate": null,
						"paymentDue": null,
						"invoiceNumber": null,
						"lastPaymentDetails": null,
						"onExchange": false,
						"scheduledDate": null
					},
					"invoicesList": [
						{
							"invoiceNumber": "172010000841",
							"invoiceCreatedDate": "07/20/2017"
						},
						{
							"invoiceNumber": "172010000842",
							"invoiceCreatedDate": "07/20/2017"
						},
						{
							"invoiceNumber": "172010000844",
							"invoiceCreatedDate": "07/20/2017"
						},
						{
							"invoiceNumber": "172010000845",
							"invoiceCreatedDate": "07/20/2017"
						},
						{
							"invoiceNumber": "172010000846",
							"invoiceCreatedDate": "07/20/2017"
						},
						{
							"invoiceNumber": "172010000840",
							"invoiceCreatedDate": "07/20/2017"
						},
						{
							"invoiceNumber": "172010000843",
							"invoiceCreatedDate": "07/20/2017"
						},
						{
							"invoiceNumber": "172010000847",
							"invoiceCreatedDate": "07/20/2017"
						},
						{
							"invoiceNumber": "172430001109",
							"invoiceCreatedDate": "08/30/2017"
						},
						{
							"invoiceNumber": "172430001108",
							"invoiceCreatedDate": "08/30/2017"
						},
						{
							"invoiceNumber": "172430001112",
							"invoiceCreatedDate": "08/30/2017"
						},
						{
							"invoiceNumber": "172430001107",
							"invoiceCreatedDate": "08/30/2017"
						},
						{
							"invoiceNumber": "172430001110",
							"invoiceCreatedDate": "08/30/2017"
						},
						{
							"invoiceNumber": "172430001111",
							"invoiceCreatedDate": "08/30/2017"
						},
						{
							"invoiceNumber": "172430001114",
							"invoiceCreatedDate": "08/30/2017"
						},
						{
							"invoiceNumber": "172430001102",
							"invoiceCreatedDate": "08/30/2017"
						},
						{
							"invoiceNumber": "172430001105",
							"invoiceCreatedDate": "08/30/2017"
						},
						{
							"invoiceNumber": "172020000464",
							"invoiceCreatedDate": "07/21/2017"
						},
						{
							"invoiceNumber": "172640007642",
							"invoiceCreatedDate": "09/20/2017"
						}
					]
				}
			},
			"responseContext": {
				"success": true,
				"guid": 20127422,
				"responseTime": 104
			}
		}
	}
}