{
	"comment": "Member Communication Info Method",
	"request": {
		"path": "getMemberCommunicationInfo.json",
		"method": "get"
	},
	"response": {
		"status": 200,
		"data": {
      "communicationAndConsentDetails": {
          "emailCommunicationInfo": {
            "attentionNeeded": false,
            "primaryEmailInfo": {
              "emailSet": true,
              "emailAddress": "SUDHAKAR.KANDE@CAREFIRST.COM",
              "emailStatusCode": "Confirmed"
            },
            "secondaryEmailInfo": {
              "emailSet": false,
              "emailAddress": "",
              "emailStatusCode": null
            }
          },
          "phoneCommunicationInfo": {
            "mostRecentPhoneInfo": {
              "phoneNoSet": false,
              "phoneNo": "",
              "phoneNoStatusCode": ""
            },
            "activePhoneInfo": {
              "phoneNoSet": false,
              "phoneNo": "",
              "phoneNoStatusCode": ""
            }
          },
          "eCommunicationConsentInfo": {
            "consentIndicator": "Y",
            "phoneConsentIndicator": "N",
            "consentSet": true,
            "consentEffectiveDate": "08/09/2017",
            "phoneConsentEffectiveDate": "08/09/2017",
            "phoneNumber": null,
            "granularConsents": [
              {
                "consentType": "EOB",
                "consentName": "Electronic EOB",
                "consentDescription": "Select Electronic Explanation of Benefits to receive your EOB online instead of getting paper mailed to you",
                "consentSet": true,
                "emailConsentValue": true,
                "smsConsentValue": false,
                "pushConsentValue": false,
                "showEmailConsent": true,
                "showSmsConsent": true,
                "showPushConsent": true
              },
              {
                "consentType": "NEWS",
                "consentName": "Newsletters & Announcements",
                "consentDescription": "Select  Newsletters  to receive newsletters, periodicals, and announcements from CareFirst electronically",
                "consentSet": true,
                "emailConsentValue": true,
                "smsConsentValue": false,
                "pushConsentValue": false,
                "showEmailConsent": true,
                "showSmsConsent": true,
                "showPushConsent": true
              },
              {
                "consentType": "PLAN",
                "consentName": "Plan & Product Services",
                "consentDescription": "Select Plan  Services to receive information on CareFirst programs and services that may be of interest to you",
                "consentSet": true,
                "emailConsentValue": true,
                "smsConsentValue": false,
                "pushConsentValue": false,
                "showEmailConsent": true,
                "showSmsConsent": true,
                "showPushConsent": true
              },
              {
                "consentType": "RX",
                "consentName": "Drug Reminders",
                "consentDescription": "Select Drug Information  to receive updates on drug related information or drug recalls that may be of interest to you",
                "consentSet": true,
                "emailConsentValue": true,
                "smsConsentValue": false,
                "pushConsentValue": false,
                "showEmailConsent": true,
                "showSmsConsent": true,
                "showPushConsent": true
              },
              {
                "consentType": "TIN",
                "consentName": "1095-B Forms (TIN)",
                "consentDescription": "Select Taxpayer Identification Number to receive TIN information mailed to you",
                "consentSet": true,
                "emailConsentValue": true,
                "smsConsentValue": false,
                "pushConsentValue": false,
                "showEmailConsent": true,
                "showSmsConsent": true,
                "showPushConsent": true
              }
            ]
          }
        },
        "responseContext": {
          "success": true,
          "guid": 14981693,
          "responseTime": 108
        }
      }
}
}