{
	"comment": "Get Payment Methods",
	"request": {
		"path": "listPaymentMethods.json",
		"method": "get"
	},
	"response": {
		"status": 200,
		"data": {"listPaymentMethodsResponse":{"creditCardDetails":[{"cardType":"VISA","cardNumber":"2223","cardHolderName":"testing","companyName":null,"expiryDate":"1219","primaryPaymentMethod":"N","autoPayEnabled":"N","status":"ACTIVE","cardEntityId":"31305","history":null,"pendingPayment":"N"},{"cardType":"VISA","cardNumber":"9996","cardHolderName":"Test_user","companyName":null,"expiryDate":"1219","primaryPaymentMethod":"N","autoPayEnabled":"N","status":"ACTIVE","cardEntityId":"31306","history":null,"pendingPayment":"N"},{"cardType":"VISA","cardNumber":"9997","cardHolderName":"Test_member","companyName":null,"expiryDate":"1219","primaryPaymentMethod":"N","autoPayEnabled":"N","status":"ACTIVE","cardEntityId":"31345","history":null,"pendingPayment":"N"}],"bankDetails":[{"bankName":"DEF","accountHolderName":"ABC","accountNumber":"5246895678952536","accountType":"SAVINGS","routingNumber":"122105155","primaryPaymentMethod":"Y","autoPayEnabled":"N","bankAccountEntityId":"31209","status":"ACTIVE","history":null,"pendingPayment":"Y"},{"bankName":"icici","accountHolderName":"Norbort","accountNumber":"12345678912234566","accountType":"CHECKING","routingNumber":"074900783","primaryPaymentMethod":"N","autoPayEnabled":"N","bankAccountEntityId":"31210","status":"ACTIVE","history":null,"pendingPayment":"Y"}]},"responseContext":{"success":true,"guid":23199335,"responseTime":123}}
	}
}