	{
		"comment": "Get Payment Details",
		"request": {
			"path": "listPaymentDetailswithReceipt.json",
			"method": "get"
		},
		"response": {
			"status": 200,
			"data": {
				"responseContext": {
					"success": true,
					"guid": 3452437497,
					"responseTime": 55
				},
				"paymentHistoryResponse": {
					"99M1": {
						"policyInfo": {
							"policyGroupId": "99M1",
							"policyName": "MEDICAL",
							"coverageStartDate": "01/01/2020",
							"coverageEndDate": "12/31/2020",
							"productName": "Comprehensive Major Medical",
							"policyStatus": "ACTIVE",
							"currentAmtDue": null,
							"paymentDueDate": null,
							"paymentDue": null,
							"invoiceNumber": null,
							"lastPaymentDetails": null,
							"onExchange": false,
							"scheduledDate": null,
							"recentPendingPayment": false
						},
						"paymentHistoryList": [
							{
								"paymentType": "CREDIT_DEBIT_CARD_PAYMENT",
								"appliedDate": "03/10/2020",
								"eventDate": null,
								"receiptId": "200700002436",
								"reason": "",
								"billingCycle": null,
								"invoiceNumber": null,
								"paymentAmount": 897.0,
								"confirmationNumber": "5248265",
								"paymentStatus": "APPLIED",
								"paymentBy": "aad1141",
								"paymentMethodType": "VISA",
								"paymentAccountNumber": "7392436133289262",
								"policyInformation": null,
								"policyGroupId": "99M1",
								"paymentDate": "03/10/2020 12:47",
								"paymentAccountType": null,
								"entityId": "192436",
								"processedDate": "03/10/2020"
							},
							{
								"paymentType": "CREDIT_DEBIT_CARD_PAYMENT",
								"appliedDate": "02/12/2020",
								"eventDate": null,
								"receiptId": "200430001925",
								"reason": "",
								"billingCycle": null,
								"invoiceNumber": null,
								"paymentAmount": 897.0,
								"confirmationNumber": "5117881",
								"paymentStatus": "APPLIED",
								"paymentBy": "aad3925",
								"paymentMethodType": "VISA",
								"paymentAccountNumber": "7392436133289262",
								"policyInformation": null,
								"policyGroupId": "99M1",
								"paymentDate": "02/12/2020 09:59",
								"paymentAccountType": null,
								"entityId": "192436",
								"processedDate": "02/12/2020"
							},
							{
								"paymentType": "CREDIT_DEBIT_CARD_PAYMENT",
								"appliedDate": "01/09/2020",
								"eventDate": null,
								"receiptId": "200090001885",
								"reason": "",
								"billingCycle": null,
								"invoiceNumber": null,
								"paymentAmount": 897.0,
								"confirmationNumber": "4976219",
								"paymentStatus": "APPLIED",
								"paymentBy": "aab9035",
								"paymentMethodType": "VISA",
								"paymentAccountNumber": "7392436133289262",
								"policyInformation": null,
								"policyGroupId": "99M1",
								"paymentDate": "01/09/2020 09:26",
								"paymentAccountType": null,
								"entityId": "192436",
								"processedDate": "01/09/2020"
							},
							{
								"paymentType": "CREDIT_DEBIT_CARD_PAYMENT",
								"appliedDate": "12/03/2019",
								"eventDate": null,
								"receiptId": "193370004600",
								"reason": "",
								"billingCycle": null,
								"invoiceNumber": null,
								"paymentAmount": 915.0,
								"confirmationNumber": "4752279",
								"paymentStatus": "APPLIED",
								"paymentBy": "aad3206",
								"paymentMethodType": "VISA",
								"paymentAccountNumber": "7392436133289262",
								"policyInformation": null,
								"policyGroupId": "99M1",
								"paymentDate": "12/03/2019 12:55",
								"paymentAccountType": null,
								"entityId": "192436",
								"processedDate": "12/03/2019"
							},
							{
								"paymentType": "CREDIT_DEBIT_CARD_PAYMENT",
								"appliedDate": "11/06/2019",
								"eventDate": null,
								"receiptId": "193100013725",
								"reason": "",
								"billingCycle": null,
								"invoiceNumber": null,
								"paymentAmount": 879.0,
								"confirmationNumber": "4638648",
								"paymentStatus": "APPLIED",
								"paymentBy": "aac4383",
								"paymentMethodType": "VISA",
								"paymentAccountNumber": "7392436133289262",
								"policyInformation": null,
								"policyGroupId": "99M1",
								"paymentDate": "11/06/2019 10:38",
								"paymentAccountType": null,
								"entityId": "192436",
								"processedDate": "11/06/2019"
							},
							{
								"paymentType": "CREDIT_DEBIT_CARD_PAYMENT",
								"appliedDate": "10/11/2019",
								"eventDate": null,
								"receiptId": "192840006249",
								"reason": "",
								"billingCycle": null,
								"invoiceNumber": null,
								"paymentAmount": 897.0,
								"confirmationNumber": "4595244",
								"paymentStatus": "APPLIED",
								"paymentBy": "aac1039",
								"paymentMethodType": "VISA",
								"paymentAccountNumber": "7392436133289262",
								"policyInformation": null,
								"policyGroupId": "99M1",
								"paymentDate": "10/10/2019 16:00",
								"paymentAccountType": null,
								"entityId": "192436",
								"processedDate": "10/10/2019"
							},
							{
								"paymentType": "CREDIT_DEBIT_CARD_PAYMENT",
								"appliedDate": "09/11/2019",
								"eventDate": null,
								"receiptId": "192540004305",
								"reason": "",
								"billingCycle": null,
								"invoiceNumber": null,
								"paymentAmount": 897.0,
								"confirmationNumber": "4460145",
								"paymentStatus": "APPLIED",
								"paymentBy": "aac0808",
								"paymentMethodType": "VISA",
								"paymentAccountNumber": "7392436133289262",
								"policyInformation": null,
								"policyGroupId": "99M1",
								"paymentDate": "09/10/2019 15:16",
								"paymentAccountType": null,
								"entityId": "192436",
								"processedDate": "09/10/2019"
							},
							{
								"paymentType": "CREDIT_DEBIT_CARD_PAYMENT",
								"appliedDate": "08/06/2019",
								"eventDate": null,
								"receiptId": "192180003004",
								"reason": "",
								"billingCycle": null,
								"invoiceNumber": null,
								"paymentAmount": 897.0,
								"confirmationNumber": "4263193",
								"paymentStatus": "APPLIED",
								"paymentBy": "aac1035",
								"paymentMethodType": "VISA",
								"paymentAccountNumber": "7392436133289262",
								"policyInformation": null,
								"policyGroupId": "99M1",
								"paymentDate": "08/06/2019 09:43",
								"paymentAccountType": null,
								"entityId": "192436",
								"processedDate": "08/06/2019"
							},
							{
								"paymentType": "CREDIT_DEBIT_CARD_PAYMENT",
								"appliedDate": "07/17/2019",
								"eventDate": null,
								"receiptId": "191980003065",
								"reason": "",
								"billingCycle": null,
								"invoiceNumber": null,
								"paymentAmount": 897.0,
								"confirmationNumber": "4226559",
								"paymentStatus": "APPLIED",
								"paymentBy": "aab4481",
								"paymentMethodType": "VISA",
								"paymentAccountNumber": "7392436133289262",
								"policyInformation": null,
								"policyGroupId": "99M1",
								"paymentDate": "07/17/2019 09:51",
								"paymentAccountType": null,
								"entityId": "192436",
								"processedDate": "07/17/2019"
							},
							{
								"paymentType": "CREDIT_DEBIT_CARD_PAYMENT",
								"appliedDate": "06/18/2019",
								"eventDate": null,
								"receiptId": "191690004768",
								"reason": "",
								"billingCycle": null,
								"invoiceNumber": null,
								"paymentAmount": 897.0,
								"confirmationNumber": "4090309",
								"paymentStatus": "APPLIED",
								"paymentBy": "aac6821",
								"paymentMethodType": "VISA",
								"paymentAccountNumber": "7392436133289262",
								"policyInformation": null,
								"policyGroupId": "99M1",
								"paymentDate": "06/17/2019 15:08",
								"paymentAccountType": null,
								"entityId": "192436",
								"processedDate": "06/17/2019"
							},
							{
								"paymentType": "CREDIT_DEBIT_CARD_PAYMENT",
								"appliedDate": "05/14/2019",
								"eventDate": null,
								"receiptId": "191340002843",
								"reason": "",
								"billingCycle": null,
								"invoiceNumber": null,
								"paymentAmount": 897.0,
								"confirmationNumber": "3963658",
								"paymentStatus": "APPLIED",
								"paymentBy": "aab4481",
								"paymentMethodType": "VISA",
								"paymentAccountNumber": "7392436133289262",
								"policyInformation": null,
								"policyGroupId": "99M1",
								"paymentDate": "05/13/2019 15:19",
								"paymentAccountType": null,
								"entityId": "192436",
								"processedDate": "05/13/2019"
							},
							{
								"paymentType": "CREDIT_DEBIT_CARD_PAYMENT",
								"appliedDate": "04/18/2019",
								"eventDate": null,
								"receiptId": "191080004160",
								"reason": "",
								"billingCycle": null,
								"invoiceNumber": null,
								"paymentAmount": 897.0,
								"confirmationNumber": "3847879",
								"paymentStatus": "APPLIED",
								"paymentBy": "aab9035",
								"paymentMethodType": "VISA",
								"paymentAccountNumber": "7392436133289262",
								"policyInformation": null,
								"policyGroupId": "99M1",
								"paymentDate": "04/18/2019 10:59",
								"paymentAccountType": null,
								"entityId": "192436",
								"processedDate": "04/18/2019"
							},
							{
								"paymentType": "CREDIT_DEBIT_CARD_PAYMENT",
								"appliedDate": "03/13/2019",
								"eventDate": null,
								"receiptId": "190720005887",
								"reason": "",
								"billingCycle": null,
								"invoiceNumber": null,
								"paymentAmount": 897.0,
								"confirmationNumber": "3702707",
								"paymentStatus": "APPLIED",
								"paymentBy": "aab8772",
								"paymentMethodType": "VISA",
								"paymentAccountNumber": "7392436133289262",
								"policyInformation": null,
								"policyGroupId": "99M1",
								"paymentDate": "03/13/2019 10:25",
								"paymentAccountType": null,
								"entityId": "192436",
								"processedDate": "03/13/2019"
							},
							{
								"paymentType": "CREDIT_DEBIT_CARD_PAYMENT",
								"appliedDate": "02/19/2019",
								"eventDate": null,
								"receiptId": "190500003481",
								"reason": "",
								"billingCycle": null,
								"invoiceNumber": null,
								"paymentAmount": 686.0,
								"confirmationNumber": "3585889",
								"paymentStatus": "APPLIED",
								"paymentBy": "aaa7074",
								"paymentMethodType": "VISA",
								"paymentAccountNumber": "7392436133289262",
								"policyInformation": null,
								"policyGroupId": "99M1",
								"paymentDate": "02/19/2019 09:40",
								"paymentAccountType": null,
								"entityId": "192436",
								"processedDate": "02/19/2019"
							},
							{
								"paymentType": "CREDIT_DEBIT_CARD_AUTOPAY",
								"appliedDate": "01/06/2019",
								"eventDate": null,
								"receiptId": "190060002305",
								"reason": "",
								"billingCycle": null,
								"invoiceNumber": null,
								"paymentAmount": 897.0,
								"confirmationNumber": "3414595",
								"paymentStatus": "APPLIED",
								"paymentBy": "CareFirst Credit/Debit Card AutoPay",
								"paymentMethodType": "VISA",
								"paymentAccountNumber": "7392436133289262",
								"policyInformation": null,
								"policyGroupId": "99M1",
								"paymentDate": "01/06/2019 15:00",
								"paymentAccountType": null,
								"entityId": "192436",
								"processedDate": "01/06/2019"
							},
							{
								"paymentType": "CREDIT_DEBIT_CARD_AUTOPAY",
								"appliedDate": "12/06/2018",
								"eventDate": null,
								"receiptId": "183400005386",
								"reason": "",
								"billingCycle": null,
								"invoiceNumber": null,
								"paymentAmount": 686.0,
								"confirmationNumber": "3268102",
								"paymentStatus": "APPLIED",
								"paymentBy": "CareFirst Credit/Debit Card AutoPay",
								"paymentMethodType": "VISA",
								"paymentAccountNumber": "7392436133289262",
								"policyInformation": null,
								"policyGroupId": "99M1",
								"paymentDate": "12/06/2018 15:01",
								"paymentAccountType": null,
								"entityId": "192436",
								"processedDate": "12/06/2018"
							},
							{
								"paymentType": "CREDIT_DEBIT_CARD_AUTOPAY",
								"appliedDate": "11/06/2018",
								"eventDate": null,
								"receiptId": "183110003424",
								"reason": "",
								"billingCycle": null,
								"invoiceNumber": null,
								"paymentAmount": 686.0,
								"confirmationNumber": "3144240",
								"paymentStatus": "APPLIED",
								"paymentBy": "CareFirst Credit/Debit Card AutoPay",
								"paymentMethodType": "VISA",
								"paymentAccountNumber": "7392436133289262",
								"policyInformation": null,
								"policyGroupId": "99M1",
								"paymentDate": "11/06/2018 15:01",
								"paymentAccountType": null,
								"entityId": "192436",
								"processedDate": "11/06/2018"
							},
							{
								"paymentType": "CREDIT_DEBIT_CARD_AUTOPAY",
								"appliedDate": "10/06/2018",
								"eventDate": null,
								"receiptId": "182790002478",
								"reason": "",
								"billingCycle": null,
								"invoiceNumber": null,
								"paymentAmount": 686.0,
								"confirmationNumber": "3014667",
								"paymentStatus": "APPLIED",
								"paymentBy": "CareFirst Credit/Debit Card AutoPay",
								"paymentMethodType": "VISA",
								"paymentAccountNumber": "7392436133289262",
								"policyInformation": null,
								"policyGroupId": "99M1",
								"paymentDate": "10/06/2018 15:00",
								"paymentAccountType": null,
								"entityId": "192436",
								"processedDate": "10/06/2018"
							},
							{
								"paymentType": "CREDIT_DEBIT_CARD_AUTOPAY",
								"appliedDate": "09/06/2018",
								"eventDate": null,
								"receiptId": "182490007977",
								"reason": "",
								"billingCycle": null,
								"invoiceNumber": null,
								"paymentAmount": 686.0,
								"confirmationNumber": "2915614",
								"paymentStatus": "APPLIED",
								"paymentBy": "CareFirst Credit/Debit Card AutoPay",
								"paymentMethodType": "VISA",
								"paymentAccountNumber": "7392436133289262",
								"policyInformation": null,
								"policyGroupId": "99M1",
								"paymentDate": "09/06/2018 15:01",
								"paymentAccountType": null,
								"entityId": "192436",
								"processedDate": "09/06/2018"
							},
							{
								"paymentType": "CREDIT_DEBIT_CARD_AUTOPAY",
								"appliedDate": "08/06/2018",
								"eventDate": null,
								"receiptId": "182180005764",
								"reason": "",
								"billingCycle": null,
								"invoiceNumber": null,
								"paymentAmount": 686.0,
								"confirmationNumber": "2786169",
								"paymentStatus": "APPLIED",
								"paymentBy": "CareFirst Credit/Debit Card AutoPay",
								"paymentMethodType": "VISA",
								"paymentAccountNumber": "7392436133289262",
								"policyInformation": null,
								"policyGroupId": "99M1",
								"paymentDate": "08/06/2018 15:01",
								"paymentAccountType": null,
								"entityId": "192436",
								"processedDate": "08/06/2018"
							},
							{
								"paymentType": "CREDIT_DEBIT_CARD_AUTOPAY",
								"appliedDate": "07/06/2018",
								"eventDate": null,
								"receiptId": "181870007113",
								"reason": "",
								"billingCycle": null,
								"invoiceNumber": null,
								"paymentAmount": 686.0,
								"confirmationNumber": "2676631",
								"paymentStatus": "APPLIED",
								"paymentBy": "CareFirst Credit/Debit Card AutoPay",
								"paymentMethodType": "VISA",
								"paymentAccountNumber": "7392436133289262",
								"policyInformation": null,
								"policyGroupId": "99M1",
								"paymentDate": "07/06/2018 15:00",
								"paymentAccountType": null,
								"entityId": "192436",
								"processedDate": "07/06/2018"
							},
							{
								"paymentType": "CREDIT_DEBIT_CARD_AUTOPAY",
								"appliedDate": "06/06/2018",
								"eventDate": null,
								"receiptId": "181570006663",
								"reason": "",
								"billingCycle": null,
								"invoiceNumber": null,
								"paymentAmount": 686.0,
								"confirmationNumber": "2540020",
								"paymentStatus": "APPLIED",
								"paymentBy": "CareFirst Credit/Debit Card AutoPay",
								"paymentMethodType": "VISA",
								"paymentAccountNumber": "7392436133289262",
								"policyInformation": null,
								"policyGroupId": "99M1",
								"paymentDate": "06/06/2018 15:16",
								"paymentAccountType": null,
								"entityId": "192436",
								"processedDate": "06/06/2018"
							},
							{
								"paymentType": "CREDIT_DEBIT_CARD_AUTOPAY",
								"appliedDate": "05/06/2018",
								"eventDate": null,
								"receiptId": "181260002199",
								"reason": "",
								"billingCycle": null,
								"invoiceNumber": null,
								"paymentAmount": 686.0,
								"confirmationNumber": "2388837",
								"paymentStatus": "APPLIED",
								"paymentBy": "CareFirst Credit/Debit Card AutoPay",
								"paymentMethodType": "VISA",
								"paymentAccountNumber": "7392436133289262",
								"policyInformation": null,
								"policyGroupId": "99M1",
								"paymentDate": "05/06/2018 15:01",
								"paymentAccountType": null,
								"entityId": "192436",
								"processedDate": "05/06/2018"
							}
						],
						"subscriberName": "Rubeena   Hosain"
					}
				},
				"currentSystemTime": "04/26/2020 10:36:46"
			}
		}
	}