{
	"comment": "Update Payment Details",
	"request": {
		"path": "updatePaymentDetails.json",
		"method": "post"
	},
	"response": {
		"status": 200,
		"data": {
			"updatePaymentDetailsResponse": {
				  "status": "success",
				  "statusMessage": "Payment Details added successfully ",
				  "confirmationNumber": "100000003693",
				  "groupId": "99E1"
				},
				"responseContext": {
				  "success": "true",
				  "guid": "23535453",
				  "responseTime": "448"
				},
				"currentSystemTime": "01/27/201712: 09"
			  }
	}
}