{
    "comment": "Get List of Alerts",
    "request": {
        "path": "getListAlert.json",
        "method": "get"
    },
    "response": {
        "status": 200,
        "data": {
            "alertSummary": {
                "accountCount": 9,
                "alerts": [
                    {
                        "alertId": "11",
                        "transactionId": "570420",
                        "alertUserActivityId": "5017",
                        "alertCategory": "Claims",
                        "alertName": null,
                        "createdDate": "04/12/2018",
                        "priority": "3",
                        "alertSubject": "Your EOB is available online.",
                        "message": "An EOB is ready for you to view. The EOB document number is <a target=\"_blank\" href=\"/mas/sec/viewMemberEOBDocument.pdf?accountId=000000001092871&documentIdentifier=09251610185050696003\">09251610185050696003</a>. You can view, print or save this document for your records."
                    },
                    {
                        "alertId": "11",
                        "transactionId": "570421",
                        "alertUserActivityId": "5018",
                        "alertCategory": "Claims",
                        "alertName": null,
                        "createdDate": "04/12/2018",
                        "priority": "3",
                        "alertSubject": "Your EOB is available online.",
                        "message": "An EOB is ready for you to view. The EOB document number is <a target=\"_blank\" href=\"/mas/sec/viewMemberEOBDocument.pdf?accountId=000000001092871&documentIdentifier=09251610185050696003\">09251610185050696003</a>. You can view, print or save this document for your records."
                    },
                    {
                        "alertId": "11",
                        "transactionId": "570422",
                        "alertUserActivityId": "5019",
                        "alertCategory": "Claims",
                        "alertName": null,
                        "createdDate": "04/12/2018",
                        "priority": "3",
                        "alertSubject": "Your EOB is available online.",
                        "message": "An EOB is ready for you to view. The EOB document number is <a target=\"_blank\" href=\"/mas/sec/viewMemberEOBDocument.pdf?accountId=000000001092871&documentIdentifier=09251610185050696003\">09251610185050696003</a>. You can view, print or save this document for your records."
                    },
                    {
                        "alertId": "11",
                        "transactionId": "570423",
                        "alertUserActivityId": "5020",
                        "alertCategory": "Claims",
                        "alertName": null,
                        "createdDate": "04/12/2018",
                        "priority": "3",
                        "alertSubject": "Your EOB is available online.",
                        "message": "An EOB is ready for you to view. The EOB document number is <a target=\"_blank\" href=\"/mas/sec/viewMemberEOBDocument.pdf?accountId=000000001092871&documentIdentifier=09251610185050696003\">09251610185050696003</a>. You can view, print or save this document for your records."
                    },
                    {
                        "alertId": "11",
                        "transactionId": "570424",
                        "alertUserActivityId": "5021",
                        "alertCategory": "Claims",
                        "alertName": null,
                        "createdDate": "04/12/2018",
                        "priority": "3",
                        "alertSubject": "Your EOB is available online.",
                        "message": "An EOB is ready for you to view. The EOB document number is <a target=\"_blank\" href=\"/mas/sec/viewMemberEOBDocument.pdf?accountId=000000001092871&documentIdentifier=09251610185050696003\">09251610185050696003</a>. You can view, print or save this document for your records."
                    },
                    {
                        "alertId": "11",
                        "transactionId": "570402",
                        "alertUserActivityId": "5010",
                        "alertCategory": "Claims",
                        "alertName": null,
                        "createdDate": "04/09/2018",
                        "priority": "3",
                        "alertSubject": "Your EOB is available online.",
                        "message": "An EOB is ready for you to view. The EOB document number is <a target=\"_blank\" href=\"/mas/sec/viewMemberEOBDocument.pdf?accountId=000000001092871&documentIdentifier=09251610185050696003\">09251610185050696003</a>. You can view, print or save this document for your records."
                    },
                    {
                        "alertId": "11",
                        "transactionId": "570403",
                        "alertUserActivityId": "5011",
                        "alertCategory": "Claims",
                        "alertName": null,
                        "createdDate": "04/09/2018",
                        "priority": "3",
                        "alertSubject": "Your EOB is available online.",
                        "message": "An EOB is ready for you to view. The EOB document number is <a target=\"_blank\" href=\"/mas/sec/viewMemberEOBDocument.pdf?accountId=000000001092871&documentIdentifier=09251610185050696003\">09251610185050696003</a>. You can view, print or save this document for your records."
                    },
                    {
                        "alertId": "11",
                        "transactionId": "570404",
                        "alertUserActivityId": "5012",
                        "alertCategory": "Claims",
                        "alertName": null,
                        "createdDate": "04/09/2018",
                        "priority": "3",
                        "alertSubject": "Your EOB is available online.",
                        "message": "An EOB is ready for you to view. The EOB document number is <a target=\"_blank\" href=\"/mas/sec/viewMemberEOBDocument.pdf?accountId=000000001092871&documentIdentifier=09251610185050696003\">09251610185050696003</a>. You can view, print or save this document for your records."
                    },
                    {
                        "alertId": "11",
                        "transactionId": "570405",
                        "alertUserActivityId": "5013",
                        "alertCategory": "Claims",
                        "alertName": null,
                        "createdDate": "04/09/2018",
                        "priority": "3",
                        "alertSubject": "Your EOB is available online.",
                        "message": "An EOB is ready for you to view. The EOB document number is <a target=\"_blank\" href=\"/mas/sec/viewMemberEOBDocument.pdf?accountId=000000001092871&documentIdentifier=09251610185050696003\">09251610185050696003</a>. You can view, print or save this document for your records."
                    }
                ]
            },
            "responseContext": {
                "success": true,
                "guid": 19881023,
                "responseTime": 192
            }
        }
    }
}