{
    "comment": "Get Available time slots",
    "request": {
        "path": "confirmEmailAddressEncrypted.json",
        "method": "get"
    },
    "response": {
        "status": 200,
        "data": {
            "error": {
                "code": "010.008",
                "msg": "Email Id has been already confirmed"
            },
            "mKey": {
                "emailId": "AAD9842@CAREFIRST.COM"
            },
            "identifierFlag": "CYRY",
            "responseContext": {
                "success": false,
                "guid": 20442337,
                "responseTime": -1
            }
        }
    }
}