{
    "comment": "Get Available time slots",
    "request": {
        "path": "updateMemberConsent.json",
        "method": "get"
    },
    "response": {
        "status": 200,
        "data": {
            "error": {
                "code": "001.002",
                "msg": "Required parameter is not present"
            },
            "responseContext": {
                "success": false,
                "guid": 20452564,
                "responseTime": -1
            }
        }
    }
}