{
    "comment" : "Get Contact Us Details",
    "request" : {
        "path": "getContactUsDetails.json",
        "method" : "get"
    },
    "response" : {
        "status" : 200,
        "data" : {
            "customerServiceDetails": [
              {
                "phoneTypeDesc": "Medical",
                "phoneNumber": "888-456-2024"
              },
              {
                "phoneTypeDesc": "Medical",
                "phoneNumber": "855-444-3122"
              }
            ],
            "responseContext": {
              "success": true,
              "guid": 20036864,
              "responseTime": 4125
            }
          }
    }
  }