{
    "comment": "Get Contact Us Details",
    "request": {
        "path": "getScheduledCallDetails.json",
        "method": "get"
    },
    "response": {
        "status": 200,
        "delay": 3000,
        "data": {
            "scheduledCallDetails": {
                "callScheduled": true,
                "eligibleForCallback": true,
                "callDetails": [
                    {
                        "callIdentifier": "V468B000000266629062018012720039",
                        "callBackName": "asdasda",
                        "callBackNbr": "8007222467",
                        "scheduledCallTime": {
                            "day": 3,
                            "month": "July",
                            "year": 2018,
                            "weekDay": "Tuesday",
                            "hour": "02",
                            "minute": "00",
                            "meridian": "AM"
                        }
                    }
                ],
                "servicePhoneDetails": [
                    {
                        "servicePhnNumber": "800-722-2467",
                        "servicePhnType": "Medical"
                    }
                ]
            },
            "responseContext": {
                "success": true,
                "guid": 20377350,
                "responseTime": 10553
            }
        }
    }
}