{
    "request": {
        "path": "getHolisticMemberProfile.json",
        "query" : {
            "accountId" : "333333"
        }
    },
    "response": {
        "status": 200,
        "data": {
            "holisticMemberProfile": {
                "impersonation": false,
                "accountId": "333333",
                "accountName": "IMD June Renewal",
                "memberKey": {
                    "subscriberId": "924228301",
                    "dateOfBirth": "01/05/1973",
                    "firstName": "TOBIAS",
                    "lastName": "DIEGOMINT",
                    "relationship": "18",
                    "gender": "M"
                },
                "memberFeatureFlags": {
                    "showWhosCovered": true,
                    "showWhatsCovered": true,
                    "showNascoWhatsCovered": false,
                    "showNascoEBSWhatsCovered": false,
                    "showDentalWhatsCovered": true,
                    "showClaims": true,
                    "showMedicalClaims": true,
                    "showDentalClaims": true,
                    "showDrugClaims": true,
                    "showCatastrophicClaims": false,
                    "showEOB": true,
                    "showDedOOPs": true,
                    "showUpdateCOB": true,
                    "showOtherInsuranceInformation": true,
                    "showUploadMedicalClaim": true,
                    "showUploadForms": true,
                    "showMyDoctors": false,
                    "needGlobalConsent": false,
                    "needStepUpAuth": false,
                    "showOrderIdCards": true,
                    "showViewPrintIdCards": true,
                    "showEmailIdCards": true,
                    "showFaxIdCards": true,
                    "showVOC": true,
                    "showFindMyProviders": true,
                    "showChangePCP": true,
                    "showBlueRewardsVideoResources": true,
                    "allowBlueRewardsIncentiveRewardOptionChange": false,
                    "allowBlueRewardsIncentiveBalancesTransactionsPF": false,
                    "allowBlueRewardsIncentiveBalancesTransactionsBW": false,
                    "allowBlueRewardsIncentiveBalancesTrnstnsTermedBW": false,
                    "allowBlueRewardsIncentiveBalancesTransactions": false,
                    "allowBlueRewardsIncentiveBalancesTrnstnsTermed": false,
                    "showBlueRewards": true,
                    "showBlueRewardsAlert": false,
                    "showBlueRewardsBannerAd": true,
                    "showOpinionCentralInivitationBannerAd": true,
                    "showWebconnectBannerAd": false,
                    "showHealthAssesmentBannerAd": false,
                    "showDrugAndPharmacyResourcesBannerAd": true,
                    "showTreatmentCostEstimatorBannerAd": true,
                    "showMobileAppBannerAd": true,
                    "showFearlessVideoBannerAd": true,
                    "showBlueRewardsHIPAAConsent": true,
                    "showBlueRewardsHFIT": false,
                    "showWellnessHFIT": false,
                    "showBlueRewardsHW": false,
                    "showWellnessHW": false,
                    "showCYC": false,
                    "showACSMellon": false,
                    "showCDACSMellon": false,
                    "showFundAdmin": false,
                    "showFundAdminPayments": false,
                    "showFundAdminClaims": false,
                    "showPayMyBill": false,
                    "showHCBO": false,
                    "showHCBOCoverageBenefits": false,
                    "showHCBODeductiblesMaximums": false,
                    "showHCBOVOC": false,
                    "showCVSCaremark": true,
                    "showCVSClaims": false,
                    "showCVSDrugAndPharmacyResources": true,
                    "showCVSDrugCoverageAndCost": true,
                    "showCVSOrderAndRefillPrescriptions": true,
                    "showCVSFindAPharmacy": true,
                    "showCVSViewPrescriptinHistory": true,
                    "showCVSMyPharmacyHome": true,
                    "showCVSPlanSummary": true,
                    "showCVSEmailUpdates": true,
                    "showCVSMyDrugForms": true,
                    "showTreatmentCostEstimator": true,
                    "showHospitalComparisonTool": true,
                    "showAskOurNurses": true,
                    "showArgusClaims": false,
                    "showMemberHelpFAQ": true,
                    "showMemberHandbook": false,
                    "showFindMyForms": true,
                    "showForms": false,
                    "showVitality": true,
                    "showNeedToBuyInsurance": false,
                    "showIndAndFamilyPlans": false,
                    "showMediGap": false,
                    "showPartDPlans": false,
                    "showMyCarefirst": true,
                    "showDiscountOnWellness": true,
                    "showHowToUseOnlineDirectory": true,
                    "showResearchingADoctor": true,
                    "showTipsForChoosingPCP": false,
                    "showHowToChangePCP": false,
                    "showWhatSpecialist": true,
                    "showPreferedDrugList": false,
                    "showProviderDirectoryFeedback": true,
                    "showFindADavisVisionProvider": false,
                    "showFindAPharmacy": true,
                    "showFindADentist": true,
                    "showMessageCenter": true,
                    "showMagellan": true,
                    "showLabcorp": true,
                    "showSBC": true,
                    "showSBCMessage": false,
                    "showMHR": true,
                    "showPCMH": true,
                    "showContactUs": true,
                    "showUserProfile": true,
                    "showUrgentCare": true,
                    "showBlueButton": true,
                    "showBlue365": true,
                    "allowWebConnectCallScheduling": false,
                    "showManageMyDocuments": true,
                    "showAddDependentMember": true,
                    "showRemoveDependentMember": true,
                    "showAddRemoveDependentInformation": false,
                    "showPersonalInformationUpdate": true,
                    "showPMBDelinquencyMessage": false,
                    "showHRABannerAd": false,
                    "showBroadcastMessage": true,
                    "showBroadcastMessageOne": false,
                    "showBroadcastMessageTwo": true,
                    "showBroadcastMessageThree": false,
                    "showBroadcastMessageFour": false,
                    "showBroadcastMessageFive": false,
                    "showBroadcastMessageSix": true,
                    "showBroadcastMessageSeven": true,
                    "showBroadcastMessageEight": true,
                    "showBroadcastMessageNine": true,
                    "showBroadcastMessageTen": true,
                    "showViewPaymentOptions": true,
                    "showSOMDLNF": false,
                    "preActiveMembersSupport": true,
                    "ancillaryRegistrationSupport": true,
                    "contactUsPhoneNumbersSupport": true,
                    "wellnessSupport": true,
                    "showEOYEOB": true,
                    "voidedForNonPaymentSupport": true,
                    "showBRIRSHSAAlert": true,
                    "showBRCarryOverPCP": true,
                    "showUpdateTIN": false,
                    "viewTINInformation": true,
                    "showBRPCMHPlus": false,
                    "showDentalPCP": true,
                    "serviceSourceWorkflowCaseCreation": true,
                    "cobSourceWorkflowCaseCreation": true,
                    "serviceLotusNotesCaseCreation": true,
                    "cobLotusNotesCaseCreation": true,
                    "showHSAClaimPayment": false,
                    "showHSAOD": false,
                    "showCVSCDCComponent": true,
                    "viewTINForm": true,
                    "showMemberRefund": false,
                    "showEnrollmentMaintenance": false,
                    "showLifeEventChanges": false,
                    "showDemographicUpdateChanges": false,
                    "showStudentHealthPlanWaiver": false,
                    "exceptionCaught": false,
                    "showFAPOfficeHours": true,
                    "showFAPNameSuggestion": true,
                    "showFAPProviderWebsite": true,
                    "showMedigapSilverSneakers": false,
                    "showFAPBehaviouralHealth": true,
                    "showFAPFindAMedicalProvider": true,
                    "showFAPDavisVisionSpecificFeature": true,
                    "showFAPNationalProvidersSearch": true,
                    "showFAPFindAVisionProvider": true,
                    "showFAPFindAPharmacySection": true,
                    "showFAPFindADentist": true,
                    "showFAPMediGap": true,
                    "showFAPPCMH": true,
                    "showFAPUrgentCare": true,
                    "showFAPBDC": true,
                    "showUploadDentalClaim": true,
                    "showOLFloatingIcon": true,
                    "showOLInlineIcon": true,
                    "showOLLogoutFeedback": true,
                    "showOLInviteFeedback": true,
                    "showVideoVisitAd": true,
                    "showAccountRecovery": true,
                    "showFAPSleepApnea": true,
                    "showFAPGlobalLink": true,
                    "showFAPAlternateBehaviour": true,
                    "showUpdateRELICC": true,
                    "showContracts": true,
                    "viewRELICCInformation": true,
                    "showAlert": true,
                    "showExperianLink": false,
                    "showGINAAuth": false,
                    "showHIPAAAuth": false,
                    "showBRAuth": true,
                    "showFAPFindAPharmacyProvider": true,
                    "showBlueRewardsUpdateHA": false,
                    "showFAPEmailSearchProvider": true,
                    "showBillingPayment": true,
                    "showBillingPaymentPromotion": true,
                    "supportCreditCardPaymentMethod": true,
                    "supportACHPaymentMethod": true,
                    "showUpdateSubscriberGenderInformation": false,
                    "showNeedHelp": true,
                    "showFAPEmailSingleProvider": true,
                    "showHelpWithClaimsVideo": true,
                    "showTakeATourLink": true,
                    "showEnhancedClaims": true,
                    "showDavisVisionSSO": true,
                    "showMultiFactorAuthConsent": true,
                    "showRedesignLanding": true,
                    "secureEmailNCompassServiceWorkItemCreation": false,
                    "secureEmailNascoInteractSrcWrkflwCaseCreation": true,
                    "updateCOBNCompassServiceWorkItemCreation": false,
                    "updateCOBNascoInteractSrcWrkflwCaseCreation": true,
                    "changePCPNCompassServiceWorkItemCreation": false,
                    "changePCPNascoInteractSrcWrkflwCaseCreation": true,
                    "orderIdCardNascoInteractSrcWrkflwCaseCreation": true,
                    "orderIdCardNCompassServiceWorkItemCreation": true,
                    "showOnlineChat": true,
                    "contactEmailConfirmed": true,
                    "contactPhoneConfirmed": false,
                    "showBlueRewardsCard": true,
                    "showExportPassLink": false,
                    "showSelectAccountSso": false
                },
                "memberCoverageFlags": {
                    "medicalCoverageActive": true,
                    "medicalCoveragePreactive": false,
                    "medicalHistoryAvailable": true,
                    "dentalCoverageActive": true,
                    "dentalCoveragePreactive": false,
                    "dentalHistoryAvailable": true,
                    "pediatricDentalCoverageActive": false,
                    "pediatricDentalCoveragePreactive": false,
                    "drugCoverageActive": true,
                    "drugCoveragePreactive": false,
                    "drugHistoryAvailable": true,
                    "catastrophicCoverageActive": false,
                    "catastrophicCoveragePreactive": false,
                    "catastrophicHistoryAvailable": false,
                    "visionCoverageActive": false,
                    "visionCoveragePreactive": false,
                    "pediatricVisionCoverageActive": false,
                    "pediatricVisionCoveragePreactive": false,
                    "adultEmbeddedVisionCoverageActive": false,
                    "adultEmbeddedVisionCoveragePreactive": false,
                    "wellnessCoverageActive": false,
                    "wellnessCoveragePreactive": false,
                    "diseaseManagementCoverageActive": false,
                    "diseaseManagementCoveragePreactive": false,
                    "voidedForNoBinderPayment": false
                },
                "memberAttributes": {
                    "eligibleMemberIdentifier": "TOBIAS|DIEGOMINT|01/05/1973|M|18",
                    "memberSuffix": "00",
                    "eligibilityDateOfService": "02/19/2018",
                    "planStartDate": "June 1, 2017",
                    "planEndDate": "May 31, 2018",
                    "planType": "HealthyBlue 2.0",
                    "dentalPlanType": "Dental HMO",
                    "groupId": "9906",
                    "subGroupId": "MDUA",
                    "groupSectionCode": null,
                    "groupName": "IMD June Renewal",
                    "productId": "HCNMCN01",
                    "bsbsCode": "BGA5",
                    "productCategory": "MED",
                    "ppoProduct": false,
                    "pcpProduct": true,
                    "acaProduct": false,
                    "medigapProduct": false,
                    "acaMetalLevel": "",
                    "consumerDirectGroup": true,
                    "healthExchangeGroup": false,
                    "houseAccount": false,
                    "congressional": false,
                    "potus": false,
                    "asuIndicator": "IMD",
                    "coverageLevel": "Family",
                    "pcpProviderId": "T4630001",
                    "pcpFullName": "PANKAJ DESAI",
                    "pcpAddress": {
                        "type": null,
                        "typeDesc": null,
                        "street1": "90 PAINTERS MILL ROAD",
                        "street2": "SUITE 205-206",
                        "street3": null,
                        "city": "Owings Mills",
                        "state": "MD",
                        "zip": "21117",
                        "zipFour": null,
                        "county": null,
                        "countyDesc": null,
                        "country": null
                    },
                    "pcpPhoneNumber": "4103561575",
                    "pcpEffectiveDate": "01/02/2017",
                    "pcpTerminationDate": "12/31/9999",
                    "publicSubscriberId": "924228301",
                    "subscriberAddress": {
                        "type": "H",
                        "typeDesc": null,
                        "street1": "176 se st",
                        "street2": "Menn Road",
                        "street3": null,
                        "city": "Owings Mills",
                        "state": "MD",
                        "zip": "21117",
                        "zipFour": null,
                        "county": null,
                        "countyDesc": null,
                        "country": null
                    },
                    "subscriberNamePrefix": null,
                    "subscriberFirstName": "TOBIAS",
                    "subscriberMiddleName": null,
                    "subscriberLastName": "DIEGOMINT",
                    "subscriberNameSuffix": null,
                    "subscriberDateOfBirth": "01/05/1973",
                    "subscriberContactNumber": "2355435345",
                    "subscriberWorkNumber": "",
                    "subscriberGender": "M",
                    "active": true,
                    "preactive": false,
                    "prospective": false,
                    "voidedNonBinderPaymentOnAnyCoverage": false,
                    "logoNames": null,
                    "drugFormularyName": "CareFirst Formulary 2",
                    "idCardMemberOptionsDisplay": "ShowAllMembers",
                    "welWadsVendorIndicator": null,
                    "dmWadsVendorIndicator": "HW",
                    "healthyBlueProduct": true,
                    "incnProgName": "Blue Rewards",
                    "incnModelLogicalName": "2017_Blue_Rewards_CD_Standard",
                    "pcpStepLogicalName": "Select_PCMH_PCP",
                    "incnRewardType": "BlueRewards Card",
                    "incnActCompleted": false,
                    "overallIncnActCompletionStatus": "EXPR",
                    "memberIncnActCompletionStatus": "EXPR",
                    "incnActExpectedCompDate": "09/28/2017",
                    "incnActExpectedCompDateApplicable": true,
                    "totalApplicableIncnTasks": 4,
                    "totalCompleteIncnTasks": 1,
                    "totalReviewIncnTasks": 1,
                    "totalPendingIncnTasks": 2,
                    "haConsentApplicable": false,
                    "brEConsentApplicable": true,
                    "famIncnMaxAmount": 400,
                    "famIncnParticipationMaxAmount": 400,
                    "famIncnOutcomeMaxAmount": 0,
                    "indIncnMaxAmount": 150,
                    "lowerIndIncnParticipationMaxAmount": 150,
                    "lowerIndIncnOutcomeMaxAmount": 0,
                    "higherIndIncnParticipationMaxAmount": 150,
                    "higherIndIncnOutcomeMaxAmount": 0,
                    "adultIncnMaxAmount": 0,
                    "childIncnMaxAmount": 0,
                    "pcmhIndIncnMaxAmount": 150,
                    "pcmhAdultIncnMaxAmount": 0,
                    "pcmhChildIncnMaxAmount": 0,
                    "pcmhPlusIndIncnMaxAmount": 0,
                    "nonPCMHIndIncnMaxAmount": 0,
                    "ooaIndIncnMaxAmount": 0,
                    "learnMoreURL": "cdmem-eeoc",
                    "riskGroup": true,
                    "jurisdictionValue": "MD",
                    "brandingTypeCode": "BR",
                    "cdhType": null,
                    "modelCustVal": null,
                    "brMemberRenewalInd": true,
                    "brEEOCApplicableInd": true,
                    "modelPCPType": "",
                    "blueChoiceProduct": false,
                    "mposProduct": false,
                    "brCVSMinuteClinicApplicable": true,
                    "brOnsiteScreeningApplicable": true,
                    "ginaAuthOptionalInd": false,
                    "hipaaAuthOptionalInd": false,
                    "brTermsAuthOptionalInd": false,
                    "ginaAuthStatusInd": false,
                    "hipaaAuthStatusInd": false,
                    "brTermsAuthStatusInd": true,
                    "enrlMaintTransNumber": null,
                    "enrlMaintTransType": null,
                    "enrlMaintTransStatus": null,
                    "enrlMaintTransSubmitEntity": null,
                    "enrlMaintTransSubmitedBy": null,
                    "enrlMaintTransLastMaintTimestamp": null,
                    "enrlMaintTransBenefitStartDate": null,
                    "enrlMaintTransPeriodStartDate": null,
                    "enrlMaintTransPeriodEndDate": null,
                    "lifeEventChgTransNumber": null,
                    "lifeEventChgTransType": null,
                    "lifeEventChgTransStatus": null,
                    "lifeEventChgTransSubmitEntity": null,
                    "lifeEventChgTransSubmitedBy": null,
                    "lifeEventChgTransLastMaintTimestamp": null,
                    "lifeEventChgTransBenefitStartDate": null,
                    "lifeEventChgTransPeriodStartDate": null,
                    "lifeEventChgTransPeriodEndDate": null,
                    "wellnessPrimacyInd": null,
                    "wellnessPrimaryWithCFSameSID": null,
                    "wellnessPrimaryWithCFDiffSID": null,
                    "studentHealthPlan": false,
                    "registrationDate": "01/07/2018",
                    "managePaymentMethods": true,
                    "makePayment": true,
                    "makePaymentForTermedPolicies": false,
                    "manageAutopay": true,
                    "cdHubSubscriber": true,
                    "multiFactorConsent": "EN"
                }
            },
            "responseContext": {
                "success": true,
                "guid": 19608251,
                "responseTime": 33166
            }
        }
    }
}