{
  "request": {
    "path": "getHolisticMemberProfile.json",
    "query": {
      "accountId": "000000001112126"
    }
  },
  "response": {
    "status": 200,
    "data": {
      "holisticMemberProfile": {
        "impersonation": false,
        "accountId": "000000001112126",
        "accountName": "Classic Coldspring East LLC ta Miss Shirley",
        "memberKey": {
          "subscriberId": "931880001",
          "dateOfBirth": "01/01/1952",
          "firstName": "YOSEF",
          "lastName": "KINLEY",
          "relationship": "18",
          "gender": "M"
        },
        "memberFeatureFlags": {
          "showWhosCovered": true,
          "showWhatsCovered": true,
          "showNascoWhatsCovered": false,
          "showNascoEBSWhatsCovered": false,
          "showDentalWhatsCovered": true,
          "showClaims": true,
          "showMedicalClaims": true,
          "showDentalClaims": true,
          "showDrugClaims": false,
          "showCatastrophicClaims": false,
          "showEOB": true,
          "showDedOOPs": true,
          "showUpdateCOB": true,
          "showOtherInsuranceInformation": true,
          "showUploadMedicalClaim": true,
          "showUploadForms": true,
          "showMyDoctors": false,
          "needGlobalConsent": false,
          "needStepUpAuth": true,
          "showOrderIdCards": true,
          "showViewPrintIdCards": true,
          "showEmailIdCards": true,
          "showFaxIdCards": true,
          "showVOC": false,
          "showFindMyProviders": true,
          "showCareSelect": true,
          "showChangePCP": true,
          "showBlueRewardsVideoResources": false,
          "allowBlueRewardsIncentiveRewardOptionChange": false,
          "allowBlueRewardsIncentiveBalancesTransactionsPF": false,
          "allowBlueRewardsIncentiveBalancesTransactionsBW": false,
          "allowBlueRewardsIncentiveBalancesTrnstnsTermedBW": false,
          "allowBlueRewardsIncentiveBalancesTransactions": false,
          "allowBlueRewardsIncentiveBalancesTrnstnsTermed": false,
          "showBlueRewards": false,
          "showBlueRewardsAlert": false,
          "showBlueRewardsBannerAd": false,
          "showOpinionCentralInivitationBannerAd": true,
          "showWebconnectBannerAd": true,
          "showHealthAssesmentBannerAd": false,
          "showDrugAndPharmacyResourcesBannerAd": false,
          "showTreatmentCostEstimatorBannerAd": true,
          "showMobileAppBannerAd": true,
          "showFearlessVideoBannerAd": true,
          "showBlueRewardsHIPAAConsent": true,
          "showBlueRewardsHFIT": false,
          "showWellnessHFIT": false,
          "showBlueRewardsHW": false,
          "showWellnessHW": false,
          "showShareCareSSO": false,
          "showShareCareSSOPopUp": false,
          "showCYC": false,
          "showACSMellon": false,
          "showCDACSMellon": false,
          "showFundAdmin": false,
          "showFundAdminPayments": false,
          "showFundAdminClaims": false,
          "showPayMyBill": false,
          "showHCBO": false,
          "showHCBOCoverageBenefits": false,
          "showHCBODeductiblesMaximums": false,
          "showHCBOVOC": false,
          "showCVSCaremark": false,
          "showCVSClaims": false,
          "showCVSDrugAndPharmacyResources": false,
          "showCVSDrugCoverageAndCost": false,
          "showCVSOrderAndRefillPrescriptions": false,
          "showCVSFindAPharmacy": false,
          "showCVSViewPrescriptinHistory": false,
          "showCVSMyPharmacyHome": false,
          "showCVSPlanSummary": false,
          "showCVSEmailUpdates": false,
          "showCVSMyDrugForms": false,
          "showCVSRequestNewMailOrderPrescription": false,
          "showCVSRefillMailOrderPrescription": false,
          "showCVSMailOrderStatus": false,
          "showCVSDrugSavingsOpportunities": false,
          "showTreatmentCostEstimator": true,
          "showHospitalComparisonTool": true,
          "showAskOurNurses": true,
          "showArgusClaims": false,
          "showMemberHelpFAQ": true,
          "showMemberHandbook": true,
          "showFindMyForms": true,
          "showForms": false,
          "showVitality": true,
          "showNeedToBuyInsurance": false,
          "showIndAndFamilyPlans": false,
          "showMediGap": false,
          "showPartDPlans": false,
          "showMyCarefirst": true,
          "showDiscountOnWellness": true,
          "showHowToUseOnlineDirectory": true,
          "showResearchingADoctor": true,
          "showTipsForChoosingPCP": true,
          "showHowToChangePCP": true,
          "showWhatSpecialist": true,
          "showPreferedDrugList": true,
          "showProviderDirectoryFeedback": true,
          "showFindADavisVisionProvider": true,
          "showFindAPharmacy": false,
          "showFindADentist": false,
          "showMessageCenter": true,
          "showMagellan": true,
          "showLabcorp": true,
          "showSBC": true,
          "showSBCMessage": false,
          "showMHR": true,
          "showPCMH": true,
          "showContactUs": true,
          "showUserProfile": true,
          "showUrgentCare": true,
          "showBlueButton": true,
          "showBlue365": true,
          "allowWebConnectCallScheduling": true,
          "showManageMyDocuments": true,
          "showAddDependentMember": false,
          "showRemoveDependentMember": false,
          "showAddRemoveDependentInformation": true,
          "showPersonalInformationUpdate": false,
          "showPMBDelinquencyMessage": false,
          "showHRABannerAd": false,
          "showBroadcastMessage": true,
          "showBroadcastMessageOne": true,
          "showBroadcastMessageTwo": true,
          "showBroadcastMessageThree": true,
          "showBroadcastMessageFour": true,
          "showBroadcastMessageFive": true,
          "showBroadcastMessageSix": true,
          "showBroadcastMessageSeven": true,
          "showBroadcastMessageEight": true,
          "showBroadcastMessageNine": true,
          "showBroadcastMessageTen": true,
          "showViewPaymentOptions": false,
          "showSOMDLNF": false,
          "preActiveMembersSupport": true,
          "ancillaryRegistrationSupport": true,
          "contactUsPhoneNumbersSupport": true,
          "wellnessSupport": true,
          "showEOYEOB": true,
          "voidedForNonPaymentSupport": true,
          "showBRIRSHSAAlert": true,
          "showBRCarryOverPCP": true,
          "showUpdateTIN": false,
          "viewTINInformation": true,
          "showBRPCMHPlus": false,
          "showDentalPCP": false,
          "serviceSourceWorkflowCaseCreation": false,
          "cobSourceWorkflowCaseCreation": true,
          "serviceLotusNotesCaseCreation": true,
          "cobLotusNotesCaseCreation": true,
          "showHSAClaimPayment": true,
          "showHSAOD": true,
          "showCVSCDCComponent": false,
          "viewTINForm": true,
          "showMemberRefund": false,
          "showEnrollmentMaintenance": false,
          "showLifeEventChanges": false,
          "showDemographicUpdateChanges": false,
          "showStudentHealthPlanWaiver": false,
          "showCOBRAEnrollmentMaintenance": false,
          "exceptionCaught": false,
          "showFAPOfficeHours": true,
          "showFAPNameSuggestion": true,
          "showFAPProviderWebsite": true,
          "showMedigapSilverSneakers": false,
          "showFAPBehaviouralHealth": false,
          "showFAPFindAMedicalProvider": false,
          "showFAPDavisVisionSpecificFeature": false,
          "showFAPNationalProvidersSearch": true,
          "showFAPFindAVisionProvider": false,
          "showFAPFindAPharmacySection": false,
          "showFAPFindADentist": true,
          "showFAPMediGap": true,
          "showFAPPCMH": true,
          "showFAPUrgentCare": true,
          "showFAPBDC": true,
          "showUploadDentalClaim": true,
          "showOLFloatingIcon": true,
          "showOLInlineIcon": true,
          "showOLLogoutFeedback": true,
          "showOLInviteFeedback": true,
          "showVideoVisitAd": true,
          "showAccountRecovery": true,
          "showFAPSleepApnea": true,
          "showFAPGlobalLink": true,
          "showFAPAlternateBehaviour": true,
          "showUpdateRELICC": true,
          "showContracts": true,
          "viewRELICCInformation": true,
          "showAlert": true,
          "showExperianLink": false,
          "showGINAAuth": false,
          "showHIPAAAuth": false,
          "showBRAuth": false,
          "showFAPFindAPharmacyProvider": false,
          "showBlueRewardsUpdateHA": false,
          "showFAPEmailSearchProvider": true,
          "showBillingPayment": false,
          "showBillingPaymentPromotion": false,
          "supportCreditCardPaymentMethod": false,
          "supportACHPaymentMethod": false,
          "showUpdateSubscriberGenderInformation": false,
          "showNeedHelp": true,
          "showFAPEmailSingleProvider": true,
          "showHelpWithClaimsVideo": true,
          "showTakeATourLink": true,
          "showEnhancedClaims": true,
          "showDavisVisionSSO": true,
          "showMultiFactorAuthConsent": true,
          "showRedesignLanding": true,
          "secureEmailNCompassServiceWorkItemCreation": false,
          "secureEmailNascoInteractSrcWrkflwCaseCreation": true,
          "updateCOBNCompassServiceWorkItemCreation": false,
          "updateCOBNascoInteractSrcWrkflwCaseCreation": true,
          "changePCPNCompassServiceWorkItemCreation": false,
          "changePCPNascoInteractSrcWrkflwCaseCreation": true,
          "orderIdCardNascoInteractSrcWrkflwCaseCreation": true,
          "orderIdCardNCompassServiceWorkItemCreation": true,
          "showOnlineChat": false,
          "contactEmailConfirmed": false,
          "contactPhoneConfirmed": false,
          "showBlueRewardsCard": false,
          "showExportPassLink": false,
          "showSelectAccountSso": true,
          "showIDCardsToPreActiveMembers": false,
          "showFutureEffectiveIDCards": true,
          "showClaimsCalendarView": true,
          "showExperianlinkActivationcode": true,
          "showAngular5Portal": false,
          "showClaimsSpendingAccountBalances": true
        },
        "memberCoverageFlags": {
          "medicalCoverageActive": true,
          "medicalCoveragePreactive": false,
          "medicalHistoryAvailable": true,
          "dentalCoverageActive": true,
          "dentalCoveragePreactive": false,
          "dentalHistoryAvailable": true,
          "pediatricDentalCoverageActive": false,
          "pediatricDentalCoveragePreactive": false,
          "drugCoverageActive": false,
          "drugCoveragePreactive": false,
          "drugHistoryAvailable": false,
          "catastrophicCoverageActive": false,
          "catastrophicCoveragePreactive": false,
          "catastrophicHistoryAvailable": false,
          "visionCoverageActive": true,
          "visionCoveragePreactive": false,
          "pediatricVisionCoverageActive": false,
          "pediatricVisionCoveragePreactive": false,
          "adultEmbeddedVisionCoverageActive": false,
          "adultEmbeddedVisionCoveragePreactive": false,
          "wellnessCoverageActive": false,
          "wellnessCoveragePreactive": false,
          "diseaseManagementCoverageActive": false,
          "diseaseManagementCoveragePreactive": false,
          "voidedForNoBinderPayment": false
        },
        "memberAttributes": {
          "eligibleMemberIdentifier": "YOSEF|KINLEY|01/01/1952|M|18",
          "memberSuffix": "00",
          "eligibilityDateOfService": "10/03/2018",
          "planStartDate": "July 27, 2018",
          "planEndDate": "January 31, 2019",
          "planType": "BlueChoice Opt Out Open Access",
          "dentalPlanType": "",
          "groupId": "KN03",
          "subGroupId": "0001",
          "groupSectionCode": null,
          "groupName": "CF SMMD HSA_HRA Blue fund 2",
          "productId": "BTAMCL04",
          "bsbsCode": "AGA4",
          "productCategory": "MED",
          "ppoProduct": false,
          "pcpProduct": true,
          "acaProduct": false,
          "medigapProduct": false,
          "acaMetalLevel": "",
          "consumerDirectGroup": false,
          "healthExchangeGroup": false,
          "houseAccount": false,
          "congressional": false,
          "potus": false,
          "asuIndicator": "SM",
          "coverageLevel": "Subscriber and Spouse",
          "pcpProviderId": null,
          "pcpFullName": null,
          "pcpAddress": null,
          "pcpPhoneNumber": null,
          "pcpEffectiveDate": null,
          "pcpTerminationDate": null,
          "publicSubscriberId": "931880001",
          "subscriberAddress": {
            "type": "05",
            "typeDesc": null,
            "street1": "CHARLES ST 55",
            "street2": null,
            "street3": null,
            "city": "OWINGS MILLS",
            "state": "MD",
            "zip": "21117",
            "zipFour": null,
            "county": null,
            "countyDesc": null,
            "country": null
          },
          "subscriberNamePrefix": null,
          "subscriberFirstName": "YOSEF",
          "subscriberMiddleName": null,
          "subscriberLastName": "KINLEY",
          "subscriberNameSuffix": null,
          "subscriberDateOfBirth": "01/01/1952",
          "subscriberContactNumber": "4657815826",
          "subscriberWorkNumber": "",
          "subscriberGender": "M",
          "active": true,
          "preactive": false,
          "prospective": false,
          "voidedNonBinderPaymentOnAnyCoverage": false,
          "logoNames": null,
          "idCardMemberOptionsDisplay": "ShowAllMembers",
          "welWadsVendorIndicator": null,
          "dmWadsVendorIndicator": null,
          "healthyBlueProduct": false,
          "incnProgName": "",
          "incnModelLogicalName": "",
          "pcpStepLogicalName": null,
          "incnRewardType": "",
          "incnActCompleted": false,
          "overallIncnActCompletionStatus": null,
          "memberIncnActCompletionStatus": null,
          "incnActExpectedCompDate": null,
          "incnActExpectedCompDateApplicable": false,
          "totalApplicableIncnTasks": 0,
          "totalCompleteIncnTasks": 0,
          "totalReviewIncnTasks": 0,
          "totalPendingIncnTasks": 0,
          "haConsentApplicable": false,
          "brEConsentApplicable": false,
          "famIncnMaxAmount": 0,
          "famIncnParticipationMaxAmount": 0,
          "famIncnOutcomeMaxAmount": 0,
          "indIncnMaxAmount": 0,
          "lowerIndIncnParticipationMaxAmount": 0,
          "lowerIndIncnOutcomeMaxAmount": 0,
          "higherIndIncnParticipationMaxAmount": 0,
          "higherIndIncnOutcomeMaxAmount": 0,
          "adultIncnMaxAmount": 0,
          "childIncnMaxAmount": 0,
          "pcmhIndIncnMaxAmount": 0,
          "pcmhAdultIncnMaxAmount": 0,
          "pcmhChildIncnMaxAmount": 0,
          "pcmhPlusIndIncnMaxAmount": 0,
          "nonPCMHIndIncnMaxAmount": 0,
          "ooaIndIncnMaxAmount": 0,
          "learnMoreURL": null,
          "riskGroup": true,
          "jurisdictionValue": "MD",
          "brandingTypeCode": null,
          "cdhType": "HSA",
          "modelCustVal": null,
          "brMemberRenewalInd": false,
          "brEEOCApplicableInd": false,
          "modelPCPType": null,
          "blueChoiceProduct": true,
          "mposProduct": false,
          "brCVSMinuteClinicApplicable": false,
          "brOnsiteScreeningApplicable": false,
          "ginaAuthOptionalInd": false,
          "hipaaAuthOptionalInd": false,
          "brTermsAuthOptionalInd": false,
          "ginaAuthStatusInd": false,
          "hipaaAuthStatusInd": false,
          "brTermsAuthStatusInd": false,
          "enrlMaintTransNumber": null,
          "enrlMaintTransType": null,
          "enrlMaintTransStatus": null,
          "enrlMaintTransSubmitEntity": null,
          "enrlMaintTransSubmitedBy": null,
          "enrlMaintTransLastMaintTimestamp": null,
          "enrlMaintTransBenefitStartDate": null,
          "enrlMaintTransPeriodStartDate": null,
          "enrlMaintTransPeriodEndDate": null,
          "lifeEventChgTransNumber": null,
          "lifeEventChgTransType": null,
          "lifeEventChgTransStatus": null,
          "lifeEventChgTransSubmitEntity": null,
          "lifeEventChgTransSubmitedBy": null,
          "lifeEventChgTransLastMaintTimestamp": null,
          "lifeEventChgTransBenefitStartDate": null,
          "lifeEventChgTransPeriodStartDate": null,
          "lifeEventChgTransPeriodEndDate": null,
          "wellnessPrimacyInd": null,
          "wellnessPrimaryWithCFSameSID": null,
          "wellnessPrimaryWithCFDiffSID": null,
          "studentHealthPlan": false,
          "registrationDate": "08/03/2018",
          "managePaymentMethods": true,
          "makePayment": true,
          "makePaymentForTermedPolicies": false,
          "manageAutopay": false,
          "cdHubSubscriber": false,
          "multiFactorConsent": "NA"
        }
      },
      "broadcastMessages": [
        {
          "message": "Broad cast message 3-Testing",
          "type": "INFO",
          "pages": [
            "bluerewards.home",
            "tin.home",
            "sitemap",
            "identityProtection.home",
            "accountRecovery.home",
            "myProfileHome",
            "securedHome"
          ]
        },
        {
          "message": "#$&^^%$%$-Code   .",
          "type": "ALERT",
          "pages": [
            "selfServiceHome.password",
            "securedHome"
          ]
        },
        {
          "message": "6546544654164654    874897456",
          "type": "ALERT",
          "pages": [
            "securedHome"
          ]
        },
        {
          "message": "Broadcast Message 6",
          "type": "INFO",
          "pages": [
            "tin.home",
            "identityProtection.home",
            "onlineClaims.savedSubmitted",
            "bluerewards.hawefResults"
          ]
        },
        {
          "message": "Broadcast Message 7",
          "type": "ALERT",
          "pages": []
        },
        {
          "message": "Broadcast Message 8",
          "type": "INFO",
          "pages": [
            "securedHome",
            "cvsdrug.home",
            "billHistory"
          ]
        }
      ],
      "responseContext": {
        "success": true,
        "guid": 21012562,
        "responseTime": 733
      }
    }
  }
}