{
  "request": {
    "path": "getHolisticMemberProfile.json",
    "query": {
      "accountId": "000000001000079"
    }
  },
  "response": {
    "status": 200,
    "data": {
      "holisticMemberProfile": {
        "impersonation": false,
        "accountId": "000000001000079",
        "accountName": "CareFirst BCBS Tom Sherlock Dental",
        "memberKey": {
          "subscriberId": "922929501",
          "dateOfBirth": "02/05/1967",
          "firstName": "MIKAYLA",
          "lastName": "WYNN",
          "relationship": "18",
          "gender": "M"
        },
        "memberFeatureFlags": {
          "showWhosCovered": true,
          "showWhatsCovered": false,
          "showNascoWhatsCovered": false,
          "showNascoEBSWhatsCovered": true,
          "showDentalWhatsCovered": false,
          "showClaims": true,
          "showMedicalClaims": true,
          "showDentalClaims": false,
          "showDrugClaims": true,
          "showCatastrophicClaims": false,
          "showEOB": true,
          "showDedOOPs": true,
          "showUpdateCOB": true,
          "showOtherInsuranceInformation": true,
          "showUploadMedicalClaim": true,
          "showUploadForms": true,
          "showMyDoctors": false,
          "needGlobalConsent": false,
          "needStepUpAuth": false,
          "showOrderIdCards": true,
          "showViewPrintIdCards": true,
          "showEmailIdCards": true,
          "showFaxIdCards": true,
          "showVOC": true,
          "showFindMyProviders": true,
          "showChangePCP": false,
          "showBlueRewardsVideoResources": true,
          "allowBlueRewardsIncentiveRewardOptionChange": false,
          "allowBlueRewardsIncentiveBalancesTransactionsPF": false,
          "allowBlueRewardsIncentiveBalancesTransactionsBW": false,
          "allowBlueRewardsIncentiveBalancesTrnstnsTermedBW": false,
          "allowBlueRewardsIncentiveBalancesTransactions": false,
          "allowBlueRewardsIncentiveBalancesTrnstnsTermed": false,
          "showBlueRewards": true,
          "showBlueRewardsAlert": true,
          "showBlueRewardsBannerAd": false,
          "showOpinionCentralInivitationBannerAd": true,
          "showWebconnectBannerAd": false,
          "showHealthAssesmentBannerAd": false,
          "showDrugAndPharmacyResourcesBannerAd": true,
          "showTreatmentCostEstimatorBannerAd": false,
          "showMobileAppBannerAd": true,
          "showFearlessVideoBannerAd": true,
          "showBlueRewardsHIPAAConsent": true,
          "showBlueRewardsHFIT": false,
          "showWellnessHFIT": false,
          "showBlueRewardsHW": false,
          "showWellnessHW": false,
          "showCYC": false,
          "showACSMellon": false,
          "showCDACSMellon": false,
          "showFundAdmin": false,
          "showFundAdminPayments": false,
          "showFundAdminClaims": false,
          "showPayMyBill": false,
          "showHCBO": true,
          "showHCBOCoverageBenefits": true,
          "showHCBODeductiblesMaximums": true,
          "showHCBOVOC": false,
          "showCVSCaremark": true,
          "showCVSClaims": true,
          "showCVSDrugAndPharmacyResources": true,
          "showCVSDrugCoverageAndCost": true,
          "showCVSOrderAndRefillPrescriptions": true,
          "showCVSFindAPharmacy": true,
          "showCVSViewPrescriptinHistory": true,
          "showCVSMyPharmacyHome": true,
          "showCVSPlanSummary": true,
          "showCVSEmailUpdates": true,
          "showCVSMyDrugForms": false,
          "showCVSRequestNewMailOrderPrescription": true,
          "showCVSRefillMailOrderPrescription": true,
          "showCVSMailOrderStatus": true,
          "showCVSDrugSavingsOpportunities": true,
          "showTreatmentCostEstimator": true,
          "showHospitalComparisonTool": true,
          "showAskOurNurses": true,
          "showArgusClaims": false,
          "showMemberHelpFAQ": true,
          "showMemberHandbook": false,
          "showFindMyForms": true,
          "showForms": false,
          "showVitality": true,
          "showNeedToBuyInsurance": false,
          "showIndAndFamilyPlans": false,
          "showMediGap": false,
          "showPartDPlans": false,
          "showMyCarefirst": true,
          "showDiscountOnWellness": true,
          "showHowToUseOnlineDirectory": true,
          "showResearchingADoctor": true,
          "showTipsForChoosingPCP": false,
          "showHowToChangePCP": false,
          "showWhatSpecialist": true,
          "showPreferedDrugList": true,
          "showProviderDirectoryFeedback": false,
          "showFindADavisVisionProvider": true,
          "showFindAPharmacy": true,
          "showFindADentist": false,
          "showMessageCenter": true,
          "showMagellan": false,
          "showLabcorp": false,
          "showSBC": false,
          "showSBCMessage": true,
          "showMHR": true,
          "showPCMH": false,
          "showContactUs": true,
          "showUserProfile": true,
          "showUrgentCare": true,
          "showBlueButton": true,
          "showBlue365": true,
          "allowWebConnectCallScheduling": false,
          "showManageMyDocuments": true,
          "showAddDependentMember": false,
          "showRemoveDependentMember": false,
          "showAddRemoveDependentInformation": true,
          "showPersonalInformationUpdate": false,
          "showPMBDelinquencyMessage": false,
          "showHRABannerAd": false,
          "showBroadcastMessage": true,
          "showBroadcastMessageOne": true,
          "showBroadcastMessageTwo": true,
          "showBroadcastMessageThree": true,
          "showBroadcastMessageFour": true,
          "showBroadcastMessageFive": true,
          "showBroadcastMessageSix": true,
          "showBroadcastMessageSeven": true,
          "showBroadcastMessageEight": true,
          "showBroadcastMessageNine": true,
          "showBroadcastMessageTen": true,
          "showViewPaymentOptions": false,
          "showSOMDLNF": false,
          "preActiveMembersSupport": true,
          "ancillaryRegistrationSupport": true,
          "contactUsPhoneNumbersSupport": true,
          "wellnessSupport": true,
          "showEOYEOB": true,
          "voidedForNonPaymentSupport": true,
          "showBRIRSHSAAlert": true,
          "showBRCarryOverPCP": true,
          "showUpdateTIN": false,
          "viewTINInformation": false,
          "showBRPCMHPlus": true,
          "showDentalPCP": false,
          "serviceSourceWorkflowCaseCreation": true,
          "cobSourceWorkflowCaseCreation": true,
          "serviceLotusNotesCaseCreation": false,
          "cobLotusNotesCaseCreation": false,
          "showHSAClaimPayment": false,
          "showHSAOD": false,
          "showCVSCDCComponent": true,
          "viewTINForm": false,
          "showMemberRefund": true,
          "showEnrollmentMaintenance": false,
          "showLifeEventChanges": false,
          "showDemographicUpdateChanges": false,
          "showStudentHealthPlanWaiver": false,
          "showCOBRAEnrollmentMaintenance": true,
          "exceptionCaught": false,
          "showFAPOfficeHours": true,
          "showFAPNameSuggestion": true,
          "showFAPProviderWebsite": true,
          "showMedigapSilverSneakers": false,
          "showFAPBehaviouralHealth": true,
          "showFAPFindAMedicalProvider": true,
          "showFAPDavisVisionSpecificFeature": true,
          "showFAPNationalProvidersSearch": true,
          "showFAPFindAVisionProvider": true,
          "showFAPFindAPharmacySection": true,
          "showFAPFindADentist": true,
          "showFAPMediGap": false,
          "showFAPPCMH": true,
          "showFAPUrgentCare": false,
          "showFAPBDC": true,
          "showUploadDentalClaim": false,
          "showOLFloatingIcon": false,
          "showOLInlineIcon": true,
          "showOLLogoutFeedback": true,
          "showOLInviteFeedback": true,
          "showVideoVisitAd": true,
          "showAccountRecovery": true,
          "showFAPSleepApnea": false,
          "showFAPGlobalLink": true,
          "showFAPAlternateBehaviour": true,
          "showUpdateRELICC": false,
          "showContracts": false,
          "viewRELICCInformation": false,
          "showAlert": true,
          "showExperianLink": false,
          "showGINAAuth": true,
          "showHIPAAAuth": true,
          "showBRAuth": true,
          "showFAPFindAPharmacyProvider": true,
          "showBlueRewardsUpdateHA": false,
          "showFAPEmailSearchProvider": true,
          "showBillingPayment": false,
          "showBillingPaymentPromotion": false,
          "supportCreditCardPaymentMethod": false,
          "supportACHPaymentMethod": false,
          "showUpdateSubscriberGenderInformation": false,
          "showNeedHelp": true,
          "showFAPEmailSingleProvider": true,
          "showHelpWithClaimsVideo": true,
          "showTakeATourLink": true,
          "showEnhancedClaims": true,
          "showDavisVisionSSO": true,
          "showMultiFactorAuthConsent": true,
          "showRedesignLanding": true,
          "secureEmailNCompassServiceWorkItemCreation": true,
          "secureEmailNascoInteractSrcWrkflwCaseCreation": true,
          "updateCOBNCompassServiceWorkItemCreation": true,
          "updateCOBNascoInteractSrcWrkflwCaseCreation": true,
          "changePCPNCompassServiceWorkItemCreation": true,
          "changePCPNascoInteractSrcWrkflwCaseCreation": true,
          "orderIdCardNascoInteractSrcWrkflwCaseCreation": true,
          "orderIdCardNCompassServiceWorkItemCreation": true,
          "showOnlineChat": true,
          "contactEmailConfirmed": false,
          "contactPhoneConfirmed": false,
          "showBlueRewardsCard": false,
          "showExportPassLink": false,
          "showSelectAccountSso": false,
          "showIDCardsToPreActiveMembers": false,
          "showFutureEffectiveIDCards": true,
          "showClaimsCalendarView": false,
          "showExperianlinkActivationcode": true,
          "showAngular5Portal": false,
          "showClaimsSpendingAccountBalances": false
        },
        "memberCoverageFlags": {
          "medicalCoverageActive": true,
          "medicalCoveragePreactive": false,
          "medicalHistoryAvailable": true,
          "dentalCoverageActive": false,
          "dentalCoveragePreactive": false,
          "dentalHistoryAvailable": false,
          "pediatricDentalCoverageActive": false,
          "pediatricDentalCoveragePreactive": false,
          "drugCoverageActive": true,
          "drugCoveragePreactive": false,
          "drugHistoryAvailable": true,
          "catastrophicCoverageActive": false,
          "catastrophicCoveragePreactive": false,
          "catastrophicHistoryAvailable": false,
          "visionCoverageActive": true,
          "visionCoveragePreactive": false,
          "pediatricVisionCoverageActive": false,
          "pediatricVisionCoveragePreactive": false,
          "adultEmbeddedVisionCoverageActive": false,
          "adultEmbeddedVisionCoveragePreactive": false,
          "wellnessCoverageActive": true,
          "wellnessCoveragePreactive": false,
          "diseaseManagementCoverageActive": true,
          "diseaseManagementCoveragePreactive": false,
          "voidedForNoBinderPayment": false
        },
        "memberAttributes": {
          "eligibleMemberIdentifier": "MIKAYLA|WYNN|02/05/1967|M|18",
          "memberSuffix": "01",
          "eligibilityDateOfService": "07/23/2018",
          "planStartDate": "July 1, 2018",
          "planEndDate": "December 31, 9999",
          "planType": "HealthyBlue Advantage",
          "dentalPlanType": "",
          "groupId": "1901950",
          "subGroupId": "A0A4",
          "groupSectionCode": "A0A4",
          "groupName": "CAREFIRST BLUECROSS BLUESHIELD",
          "productId": "3HB",
          "bsbsCode": "00RX4",
          "productCategory": "MED",
          "ppoProduct": true,
          "pcpProduct": false,
          "acaProduct": false,
          "medigapProduct": false,
          "acaMetalLevel": "",
          "consumerDirectGroup": false,
          "healthExchangeGroup": false,
          "houseAccount": true,
          "congressional": false,
          "potus": false,
          "asuIndicator": "L",
          "coverageLevel": "Family",
          "pcpProviderId": null,
          "pcpFullName": null,
          "pcpAddress": null,
          "pcpPhoneNumber": null,
          "pcpEffectiveDate": null,
          "pcpTerminationDate": null,
          "publicSubscriberId": "811367090",
          "subscriberAddress": {
            "type": "03",
            "typeDesc": null,
            "street1": "PO BOX 87",
            "street2": null,
            "street3": null,
            "city": "HUNTINGTON WOODS ",
            "state": "MI",
            "zip": "48070-1457",
            "zipFour": null,
            "county": null,
            "countyDesc": null,
            "country": null
          },
          "subscriberNamePrefix": null,
          "subscriberFirstName": "MIKAYLA",
          "subscriberMiddleName": null,
          "subscriberLastName": "WYNN",
          "subscriberNameSuffix": null,
          "subscriberDateOfBirth": "02/05/1967",
          "subscriberContactNumber": "",
          "subscriberWorkNumber": "",
          "subscriberGender": "M",
          "active": true,
          "preactive": false,
          "prospective": false,
          "voidedNonBinderPaymentOnAnyCoverage": false,
          "logoNames": null,
          "idCardMemberOptionsDisplay": "ShowSubscriber",
          "welWadsVendorIndicator": "",
          "dmWadsVendorIndicator": "",
          "healthyBlueProduct": false,
          "incnProgName": "Wellness",
          "incnModelLogicalName": "2017_House_Account_Wellness_Only",
          "pcpStepLogicalName": null,
          "incnRewardType": "No Incentive Payment",
          "incnActCompleted": false,
          "overallIncnActCompletionStatus": "PEND",
          "memberIncnActCompletionStatus": "PEND",
          "incnActExpectedCompDate": "10/16/2018",
          "incnActExpectedCompDateApplicable": true,
          "totalApplicableIncnTasks": 2,
          "totalCompleteIncnTasks": 0,
          "totalReviewIncnTasks": 0,
          "totalPendingIncnTasks": 2,
          "haConsentApplicable": true,
          "brEConsentApplicable": false,
          "famIncnMaxAmount": 0,
          "famIncnParticipationMaxAmount": 0,
          "famIncnOutcomeMaxAmount": 0,
          "indIncnMaxAmount": 0,
          "lowerIndIncnParticipationMaxAmount": 0,
          "lowerIndIncnOutcomeMaxAmount": 0,
          "higherIndIncnParticipationMaxAmount": 0,
          "higherIndIncnOutcomeMaxAmount": 0,
          "adultIncnMaxAmount": 0,
          "childIncnMaxAmount": 0,
          "pcmhIndIncnMaxAmount": 0,
          "pcmhAdultIncnMaxAmount": 0,
          "pcmhChildIncnMaxAmount": 0,
          "pcmhPlusIndIncnMaxAmount": 0,
          "nonPCMHIndIncnMaxAmount": 0,
          "ooaIndIncnMaxAmount": 0,
          "learnMoreURL": "",
          "riskGroup": false,
          "jurisdictionValue": "MD",
          "brandingTypeCode": "WLP",
          "cdhType": null,
          "modelCustVal": "HACWO_16",
          "brMemberRenewalInd": true,
          "brEEOCApplicableInd": true,
          "modelPCPType": "",
          "blueChoiceProduct": false,
          "mposProduct": false,
          "brCVSMinuteClinicApplicable": true,
          "brOnsiteScreeningApplicable": true,
          "ginaAuthOptionalInd": false,
          "hipaaAuthOptionalInd": false,
          "brTermsAuthOptionalInd": false,
          "ginaAuthStatusInd": true,
          "hipaaAuthStatusInd": true,
          "brTermsAuthStatusInd": true,
          "enrlMaintTransNumber": null,
          "enrlMaintTransType": null,
          "enrlMaintTransStatus": null,
          "enrlMaintTransSubmitEntity": null,
          "enrlMaintTransSubmitedBy": null,
          "enrlMaintTransLastMaintTimestamp": null,
          "enrlMaintTransBenefitStartDate": null,
          "enrlMaintTransPeriodStartDate": null,
          "enrlMaintTransPeriodEndDate": null,
          "lifeEventChgTransNumber": null,
          "lifeEventChgTransType": null,
          "lifeEventChgTransStatus": null,
          "lifeEventChgTransSubmitEntity": null,
          "lifeEventChgTransSubmitedBy": null,
          "lifeEventChgTransLastMaintTimestamp": null,
          "lifeEventChgTransBenefitStartDate": null,
          "lifeEventChgTransPeriodStartDate": null,
          "lifeEventChgTransPeriodEndDate": null,
          "wellnessPrimacyInd": null,
          "wellnessPrimaryWithCFSameSID": null,
          "wellnessPrimaryWithCFDiffSID": null,
          "studentHealthPlan": false,
          "registrationDate": "07/10/2018",
          "managePaymentMethods": true,
          "makePayment": true,
          "makePaymentForTermedPolicies": false,
          "manageAutopay": false,
          "cdHubSubscriber": false,
          "multiFactorConsent": "NA"
        }
      },
      "broadcastMessages": [
        {
          "message": "Broad cast message 3-Testing",
          "type": "INFO",
          "pages": [
            "tin.home",
            "securedHome",
            "fad.search"
          ]
        },
        {
          "message": "#$&^^%$%$-Code   .",
          "type": "ALERT",
          "pages": [
            "selfServiceHome.password",
            "sitemap",
            "securedHome",
            "selfServiceHome.username"
          ]
        },
        {
          "message": "6546544654164654    874897456",
          "type": "ALERT",
          "pages": [
            "accountRecovery"
          ]
        },
        {
          "message": "Broadcast Message 6",
          "type": "INFO",
          "pages": [
            "identityProtection.home",
            "onlineClaims",
            "bluerewards",
            "securedHome"
          ]
        },
        {
          "message": "Broadcast Message 7",
          "type": "ALERT",
          "pages": []
        },
        {
          "message": "Broadcast Message 8",
          "type": "INFO",
          "pages": [
            "securedHome",
            "billHistory"
          ]
        }
      ],
      "responseContext": {
        "success": true,
        "guid": 20520216,
        "responseTime": 359
      }
    }
  }
}