{
    "request": {
        "path": "getHolisticMemberProfile.json",
        "query": {
            "accountId": "CD.1111"
        }
    },
    "response": {
        "status": 200,
        "data": {
            "responseContext": {
                "success": true,
                "guid": 23694358,
                "responseTime": 95
            },
            "holisticMemberProfile": {
                "impersonation": false,
                "accountId": "000000001067765",
                "accountName": "Interstate Enterprises Inc",
                "memberKey": {
                    "subscriberId": "904163874",
                    "dateOfBirth": "07/29/1978",
                    "firstName": "SENAITE",
                    "lastName": "JACKSON MARSH",
                    "relationship": "18",
                    "gender": "M"
                },
                "memberFeatureFlags": {
                    "showWhosCovered": true,
                    "showWhatsCovered": true,
                    "showNascoWhatsCovered": false,
                    "showNascoEBSWhatsCovered": false,
                    "showDentalWhatsCovered": true,
                    "showClaims": true,
                    "showMedicalClaims": true,
                    "showDentalClaims": true,
                    "showDrugClaims": true,
                    "showCatastrophicClaims": false,
                    "showEOB": true,
                    "showDedOOPs": true,
                    "showUpdateCOB": true,
                    "showOtherInsuranceInformation": true,
                    "showUploadMedicalClaim": true,
                    "showUploadForms": true,
                    "showMyDoctors": false,
                    "needGlobalConsent": false,
                    "needStepUpAuth": false,
                    "showOrderIdCards": true,
                    "showViewPrintIdCards": true,
                    "showEmailIdCards": true,
                    "showFaxIdCards": true,
                    "showVOC": false,
                    "showFindMyProviders": false,
                    "showCareSelect" : true,
                    "showChangePCP": true,
                    "showBlueRewardsVideoResources": true,
                    "allowBlueRewardsIncentiveRewardOptionChange": false,
                    "allowBlueRewardsIncentiveBalancesTransactionsPF": false,
                    "allowBlueRewardsIncentiveBalancesTransactionsBW": false,
                    "allowBlueRewardsIncentiveBalancesTrnstnsTermedBW": false,
                    "allowBlueRewardsIncentiveBalancesTransactions": false,
                    "allowBlueRewardsIncentiveBalancesTrnstnsTermed": false,
                    "showBlueRewards": true,
                    "showBlueRewardsAlert": false,
                    "showBlueRewardsBannerAd": true,
                    "showOpinionCentralInivitationBannerAd": true,
                    "showWebconnectBannerAd": true,
                    "showHealthAssesmentBannerAd": false,
                    "showDrugAndPharmacyResourcesBannerAd": true,
                    "showTreatmentCostEstimatorBannerAd": true,
                    "showMobileAppBannerAd": true,
                    "showFearlessVideoBannerAd": false,
                    "showBlueRewardsHIPAAConsent": true,
                    "showBlueRewardsHFIT": false,
                    "showWellnessHFIT": false,
                    "showBlueRewardsHW": false,
                    "showWellnessHW": false,
                    "showShareCareSSO": true,
                    "showShareCareSSOPopUp": true,
                    "showCYC": false,
                    "showACSMellon": false,
                    "showCDACSMellon": true,
                    "showFundAdmin": false,
                    "showFundAdminPayments": false,
                    "showFundAdminClaims": false,
                    "showPayMyBill": false,
                    "showHCBO": false,
                    "showHCBOCoverageBenefits": false,
                    "showHCBODeductiblesMaximums": false,
                    "showHCBOVOC": false,
                    "showCVSCaremark": true,
                    "showCVSClaims": true,
                    "showCVSDrugAndPharmacyResources": true,
                    "showCVSDrugCoverageAndCost": true,
                    "showCVSOrderAndRefillPrescriptions": true,
                    "showCVSFindAPharmacy": true,
                    "showCVSViewPrescriptinHistory": true,
                    "showCVSMyPharmacyHome": true,
                    "showCVSPlanSummary": true,
                    "showCVSEmailUpdates": true,
                    "showCVSMyDrugForms": true,
                    "showCVSRequestNewMailOrderPrescription": true,
                    "showCVSRefillMailOrderPrescription": true,
                    "showCVSMailOrderStatus": true,
                    "showCVSDrugSavingsOpportunities": true,
                    "showTreatmentCostEstimator": true,
                    "showCSTreatmentCostEstimator": false,
                    "showSmartShopper": false,
                    "showHospitalComparisonTool": true,
                    "showAskOurNurses": true,
                    "showArgusClaims": false,
                    "showMemberHelpFAQ": true,
                    "showMemberHandbook": false,
                    "showFindMyForms": true,
                    "showForms": false,
                    "showVitality": true,
                    "showNeedToBuyInsurance": false,
                    "showIndAndFamilyPlans": false,
                    "showMediGap": false,
                    "showPartDPlans": false,
                    "showMyCarefirst": true,
                    "showDiscountOnWellness": true,
                    "showHowToUseOnlineDirectory": true,
                    "showResearchingADoctor": true,
                    "showTipsForChoosingPCP": true,
                    "showHowToChangePCP": true,
                    "showWhatSpecialist": true,
                    "showPreferedDrugList": true,
                    "showProviderDirectoryFeedback": true,
                    "showFindADavisVisionProvider": false,
                    "showFindAPharmacy": true,
                    "showFindADentist": true,
                    "showMessageCenter": true,
                    "showMagellan": true,
                    "showLabcorp": true,
                    "showSBC": true,
                    "showSBCMessage": false,
                    "showMHR": true,
                    "showPCMH": true,
                    "showContactUs": true,
                    "showUserProfile": true,
                    "showUrgentCare": true,
                    "showBlueButton": true,
                    "showBlue365": true,
                    "allowWebConnectCallScheduling": true,
                    "showManageMyDocuments": true,
                    "showAddDependentMember": false,
                    "showRemoveDependentMember": false,
                    "showAddRemoveDependentInformation": true,
                    "showPersonalInformationUpdate": false,
                    "showPMBDelinquencyMessage": false,
                    "showHRABannerAd": false,
                    "showBroadcastMessage": false,
                    "showBroadcastMessageOne": true,
                    "showBroadcastMessageTwo": false,
                    "showBroadcastMessageThree": false,
                    "showBroadcastMessageFour": false,
                    "showBroadcastMessageFive": false,
                    "showBroadcastMessageSix": false,
                    "showBroadcastMessageSeven": false,
                    "showBroadcastMessageEight": false,
                    "showBroadcastMessageNine": false,
                    "showBroadcastMessageTen": false,
                    "showViewPaymentOptions": false,
                    "showSOMDLNF": false,
                    "preActiveMembersSupport": true,
                    "ancillaryRegistrationSupport": true,
                    "contactUsPhoneNumbersSupport": true,
                    "wellnessSupport": true,
                    "showEOYEOB": true,
                    "voidedForNonPaymentSupport": true,
                    "showBRIRSHSAAlert": true,
                    "showBRCarryOverPCP": true,
                    "showUpdateTIN": false,
                    "viewTINInformation": true,
                    "showBRPCMHPlus": true,
                    "showDentalPCP": false,
                    "serviceSourceWorkflowCaseCreation": true,
                    "cobSourceWorkflowCaseCreation": true,
                    "serviceLotusNotesCaseCreation": true,
                    "cobLotusNotesCaseCreation": false,
                    "showHSAClaimPayment": false,
                    "showHSAOD": false,
                    "showCVSCDCComponent": true,
                    "viewTINForm": true,
                    "showMemberRefund": false,
                    "showEnrollmentMaintenance": false,
                    "showLifeEventChanges": false,
                    "showDemographicUpdateChanges": false,
                    "showStudentHealthPlanWaiver": false,
                    "showCOBRAEnrollmentMaintenance": false,
                    "exceptionCaught": false,
                    "showFAPOfficeHours": true,
                    "showFAPNameSuggestion": true,
                    "showFAPProviderWebsite": true,
                    "showMedigapSilverSneakers": false,
                    "showFAPBehaviouralHealth": true,
                    "showFAPFindAMedicalProvider": true,
                    "showFAPDavisVisionSpecificFeature": false,
                    "showFAPNationalProvidersSearch": true,
                    "showFAPFindAVisionProvider": true,
                    "showFAPFindAPharmacySection": true,
                    "showFAPFindADentist": true,
                    "showFAPMediGap": true,
                    "showFAPPCMH": true,
                    "showFAPUrgentCare": true,
                    "showFAPBDC": true,
                    "showUploadDentalClaim": true,
                    "showOLFloatingIcon": true,
                    "showOLInlineIcon": true,
                    "showOLLogoutFeedback": true,
                    "showOLInviteFeedback": true,
                    "showVideoVisitAd": false,
                    "showAccountRecovery": true,
                    "showFAPSleepApnea": true,
                    "showFAPGlobalLink": true,
                    "showFAPAlternateBehaviour": true,
                    "showUpdateRELICC": true,
                    "showContracts": true,
                    "viewRELICCInformation": true,
                    "showAlert": true,
                    "showExperianLink": true,
                    "showGINAAuth": true,
                    "showHIPAAAuth": true,
                    "showBRAuth": true,
                    "showFAPFindAPharmacyProvider": true,
                    "showBlueRewardsUpdateHA": false,
                    "showFAPEmailSearchProvider": true,
                    "showBillingPayment": true,
                    "showBillingPaymentPromotion": false,
                    "supportCreditCardPaymentMethod": false,
                    "supportACHPaymentMethod": false,
                    "showUpdateSubscriberGenderInformation": false,
                    "showNeedHelp": true,
                    "showFAPEmailSingleProvider": true,
                    "showHelpWithClaimsVideo": true,
                    "showTakeATourLink": true,
                    "showEnhancedClaims": true,
                    "showDavisVisionSSO": true,
                    "showMultiFactorAuthConsent": true,
                    "showRedesignLanding": true,
                    "secureEmailNCompassServiceWorkItemCreation": false,
                    "secureEmailNascoInteractSrcWrkflwCaseCreation": true,
                    "updateCOBNCompassServiceWorkItemCreation": false,
                    "updateCOBNascoInteractSrcWrkflwCaseCreation": true,
                    "changePCPNCompassServiceWorkItemCreation": false,
                    "changePCPNascoInteractSrcWrkflwCaseCreation": true,
                    "orderIdCardNascoInteractSrcWrkflwCaseCreation": true,
                    "orderIdCardNCompassServiceWorkItemCreation": true,
                    "showOnlineChat": true,
                    "showFADOnlineChat": true,
                    "contactEmailConfirmed": true,
                    "contactPhoneConfirmed": false,
                    "showBlueRewardsCard": true,
                    "showExportPassLink": false,
                    "showSelectAccountSso": true,
                    "showIDCardsToPreActiveMembers": false,
                    "showFutureEffectiveIDCards": true,
                    "showProfilePicture": true,
                    "showClaimsCalendarView": true,
                    "showPlanAdvisor": false,
                    "claimsFinancialSummary": true,
                    "showSOMWellnessRewardsCard": true,
                    "showSSN": true,
                    "showSSNSubscriberOnly": false,
                    "showExperianlinkActivationcode": true,
                    "showAngular5Portal": true,
                    "showClaimsSpendingAccountBalances": false
                },
                "memberCoverageFlags": {
                    "medicalCoverageActive": true,
                    "medicalCoveragePreactive": false,
                    "medicalHistoryAvailable": true,
                    "dentalCoverageActive": true,
                    "dentalCoveragePreactive": false,
                    "dentalHistoryAvailable": true,
                    "pediatricDentalCoverageActive": true,
                    "pediatricDentalCoveragePreactive": false,
                    "drugCoverageActive": true,
                    "drugCoveragePreactive": false,
                    "drugHistoryAvailable": true,
                    "catastrophicCoverageActive": false,
                    "catastrophicCoveragePreactive": false,
                    "catastrophicHistoryAvailable": false,
                    "visionCoverageActive": false,
                    "visionCoveragePreactive": false,
                    "pediatricVisionCoverageActive": true,
                    "pediatricVisionCoveragePreactive": false,
                    "adultEmbeddedVisionCoverageActive": false,
                    "adultEmbeddedVisionCoveragePreactive": false,
                    "wellnessCoverageActive": false,
                    "wellnessCoveragePreactive": false,
                    "diseaseManagementCoverageActive": false,
                    "diseaseManagementCoveragePreactive": false,
                    "voidedForNoBinderPayment": false
                },
                "memberAttributes": {
                    "eligibleMemberIdentifier": "SENAITE|JACKSON MARSH|07/29/1978|M|18",
                    "memberSuffix": "00",
                    "eligibilityDateOfService": "11/23/2019",
                    "planStartDate": "December 1, 2018",
                    "planEndDate": "November 30, 2019",
                    "planType": "BlueChoice HMO",
                    "dentalPlanType": "",
                    "groupId": "004C",
                    "subGroupId": "0001",
                    "groupSectionCode": null,
                    "groupName": "Interstate Enterprises Inc",
                    "productId": "AHNVC87A",
                    "bsbsCode": "APBU",
                    "productCategory": "MED",
                    "ppoProduct": false,
                    "pcpProduct": true,
                    "acaProduct": true,
                    "medigapProduct": false,
                    "acaMetalLevel": "GOLD",
                    "consumerDirectGroup": true,
                    "healthExchangeGroup": false,
                    "houseAccount": false,
                    "congressional": false,
                    "potus": false,
                    "asuIndicator": "SM",
                    "coverageLevel": "Family",
                    "pcpProviderId": "CU600010",
                    "pcpFullName": "THOMAS WITHUHN",
                    "pcpAddress": {
                        "type": null,
                        "typeDesc": null,
                        "street1": "6190 GEORGETOWN BOULEVARD",
                        "street2": "SUITE 104",
                        "street3": null,
                        "city": "Eldersburg",
                        "state": "MD",
                        "zip": "21784",
                        "zipFour": null,
                        "county": null,
                        "countyDesc": null,
                        "country": null
                    },
                    "pcpPhoneNumber": "4105525050",
                    "pcpEffectiveDate": "11/19/2019",
                    "pcpTerminationDate": "12/31/9999",
                    "publicSubscriberId": "904163874",
                    "subscriberAddress": {
                        "type": "05",
                        "typeDesc": null,
                        "street1": "0265 FOSTER LANE",
                        "street2": null,
                        "street3": null,
                        "city": "NOKESVILLE",
                        "state": "VA",
                        "zip": "20181",
                        "zipFour": null,
                        "county": null,
                        "countyDesc": null,
                        "country": null
                    },
                    "subscriberNamePrefix": null,
                    "subscriberFirstName": "SENAITE",
                    "subscriberMiddleName": "I",
                    "subscriberLastName": "JACKSON MARSH",
                    "subscriberNameSuffix": null,
                    "subscriberDateOfBirth": "07/29/1978",
                    "subscriberContactNumber": "4328432948",
                    "subscriberWorkNumber": "",
                    "subscriberGender": "M",
                    "active": true,
                    "preactive": false,
                    "prospective": false,
                    "voidedNonBinderPaymentOnAnyCoverage": false,
                    "logoNames": ["NESTLE USA INC"],
                    "idCardMemberOptionsDisplay": "ShowAllMembers",
                    "welWadsVendorIndicator": null,
                    "dmWadsVendorIndicator": null,
                    "healthyBlueProduct": false,
                    "incnProgName": "Blue Rewards",
                    "incnModelLogicalName": "2018_DC/VA_Risk_PCMH_Plus,_Full_reward",
                    "pcpStepLogicalName": "Select_PCMH+_PCP",
                    "incnRewardType": "BlueRewards Card",
                    "incnActCompleted": false,
                    "overallIncnActCompletionStatus": "EXPR",
                    "memberIncnActCompletionStatus": "EXPR",
                    "incnActExpectedCompDate": "03/30/2019",
                    "incnActExpectedCompDateApplicable": true,
                    "totalApplicableIncnTasks": 4,
                    "totalCompleteIncnTasks": 0,
                    "totalReviewIncnTasks": 2,
                    "totalPendingIncnTasks": 2,
                    "haConsentApplicable": false,
                    "brEConsentApplicable": true,
                    "famIncnMaxAmount": 1500,
                    "famIncnParticipationMaxAmount": 500,
                    "famIncnOutcomeMaxAmount": 1000,
                    "indIncnMaxAmount": 600,
                    "lowerIndIncnParticipationMaxAmount": 100,
                    "lowerIndIncnOutcomeMaxAmount": 200,
                    "higherIndIncnParticipationMaxAmount": 200,
                    "higherIndIncnOutcomeMaxAmount": 400,
                    "adultIncnMaxAmount": 0,
                    "childIncnMaxAmount": 0,
                    "pcmhIndIncnMaxAmount": 300,
                    "pcmhAdultIncnMaxAmount": 0,
                    "pcmhChildIncnMaxAmount": 0,
                    "pcmhPlusIndIncnMaxAmount": 600,
                    "nonPCMHIndIncnMaxAmount": 0,
                    "ooaIndIncnMaxAmount": 0,
                    "learnMoreURL": "grpmem-pcmh-plus-eeoc-others",
                    "riskGroup": true,
                    "jurisdictionValue": "VA",
                    "brandingTypeCode": "BR",
                    "cdhType": "HRA",
                    "cdhAccountTypes": null,
                    "modelCustVal": null,
                    "brMemberRenewalInd": false,
                    "brEEOCApplicableInd": true,
                    "modelPCPType": "",
                    "blueChoiceProduct": true,
                    "mposProduct": false,
                    "brCVSMinuteClinicApplicable": true,
                    "brOnsiteScreeningApplicable": false,
                    "ginaAuthOptionalInd": false,
                    "hipaaAuthOptionalInd": true,
                    "brTermsAuthOptionalInd": false,
                    "ginaAuthStatusInd": true,
                    "hipaaAuthStatusInd": true,
                    "brTermsAuthStatusInd": true,
                    "enrlMaintTransNumber": null,
                    "enrlMaintTransType": null,
                    "enrlMaintTransStatus": null,
                    "enrlMaintTransSubmitEntity": null,
                    "enrlMaintTransSubmitedBy": null,
                    "enrlMaintTransLastMaintTimestamp": null,
                    "enrlMaintTransBenefitStartDate": null,
                    "enrlMaintTransPeriodStartDate": null,
                    "enrlMaintTransPeriodEndDate": null,
                    "lifeEventChgTransNumber": null,
                    "lifeEventChgTransType": null,
                    "lifeEventChgTransStatus": null,
                    "lifeEventChgTransSubmitEntity": null,
                    "lifeEventChgTransSubmitedBy": null,
                    "lifeEventChgTransLastMaintTimestamp": null,
                    "lifeEventChgTransBenefitStartDate": null,
                    "lifeEventChgTransPeriodStartDate": null,
                    "lifeEventChgTransPeriodEndDate": null,
                    "wellnessPrimacyInd": null,
                    "wellnessPrimaryWithCFSameSID": null,
                    "wellnessPrimaryWithCFDiffSID": null,
                    "studentHealthPlan": false,
                    "registrationDate": "09/22/2018",
                    "managePaymentMethods": true,
                    "makePayment": true,
                    "makePaymentForTermedPolicies": false,
                    "manageAutopay": false,
                    "cdHubSubscriber": true,
                    "multiFactorConsent": "EN"
                }
            },
            "broadcastMessages": [
                {
                    "message": "Test message with <strong>bold</strong> text and <a href=\"#>link</a>",
                    "type": "INFO",
                    "pages": []
                }
            ]
        }
    }
}