{
    "request": {
        "path": "getBlueRewardsMemberInfo.json",
        "method": "get"
    },
    "response": {
        "status": 200,
        "data": {
            "blueRewardsMemberInfo": {
                "brandingTypeCode": "BR",
                "brandingTypeCodeDesc": "Blue Rewards",
                "currentRewardTypeCode": "BlueRewards Card",
                "familyEarnedIncnAmount": "0",
                "familyEarnedParticipationIncnAmount": "0",
                "familyEarnedOutcomeIncnAmount": "0",
                "showRewardEarned": false,
                "totalBlueRewardMembers": "1",
                "blueRewardMembers": [
                    {
                        "memberId": "905658020",
                        "firstName": "Nuftali",
                        "lastName": "Bartrand",
                        "dateOfBirth": "05/13/1988",
                        "gender": "MALE",
                        "dependentCode": "0",
                        "age": "29",
                        "groupNumber": "ND50",
                        "lastDayToSubmit": "07/24/2018",
                        "completionStatus": "PENDING",
                        "stepDetails": [
                            {
                                "stepLogicalName": "Health_Assesment",
                                "message": "",
                                "completedDate": null,
                                "additionalStepDetails": {
                                    "mandatoryIndicator": "Y",
                                    "PRTL_DISP_INDC": "Y"
                                },
                                "stepCompletionStauts": "Start"
                            },
                            {
                                "stepLogicalName": "Econsent",
                                "message": "",
                                "completedDate": null,
                                "additionalStepDetails": {
                                    "mandatoryIndicator": "Y",
                                    "PRTL_DISP_INDC": "Y"
                                },
                                "stepCompletionStauts": "Start"
                            },
                            {
                                "stepLogicalName": "BR_Terms",
                                "message": "",
                                "completedDate": "06/19/2018",
                                "additionalStepDetails": {
                                    "BR_Terms_Date": "19-Jun-2018",
                                    "mandatoryIndicator": "Y",
                                    "PRTL_DISP_INDC": "P",
                                    "BR_Terms_Auth": "Y"
                                },
                                "stepCompletionStauts": "Completed"
                            },
                            {
                                "stepLogicalName": "GINA_Auth",
                                "message": "",
                                "completedDate": "06/19/2018",
                                "additionalStepDetails": {
                                    "GINA_Auth": "Y",
                                    "mandatoryIndicator": "Y",
                                    "GINA_Auth_Date": "19-Jun-2018",
                                    "PRTL_DISP_INDC": "P"
                                },
                                "stepCompletionStauts": "Completed"
                            },
                            {
                                "stepLogicalName": "HIPAA_Auth",
                                "message": "",
                                "completedDate": null,
                                "additionalStepDetails": {
                                    "mandatoryIndicator": "N",
                                    "HIPAA_Auth": "N",
                                    "PRTL_DISP_INDC": "P"
                                },
                                "stepCompletionStauts": "Start"
                            },
                            {
                                "stepLogicalName": "Select_any_PCP",
                                "message": "",
                                "completedDate": null,
                                "additionalStepDetails": {
                                    "mandatoryIndicator": "Y",
                                    "PRTL_DISP_INDC": "Y"
                                },
                                "stepCompletionStauts": "Start"
                            },
                            {
                                "stepLogicalName": "HAWEF_BR_Std",
                                "message": "",
                                "completedDate": null,
                                "additionalStepDetails": {
                                    "mandatoryIndicator": "Y",
                                    "actionPlanEligibleInd": "N",
                                    "PRTL_DISP_INDC": "Y"
                                },
                                "stepCompletionStauts": "Start"
                            }
                        ],
                        "rewardsEarned": {
                            "participationEarned": false,
                            "outcomeEarned": false
                        },
                        "totalApplicableTasks": "4",
                        "totalCompletedTasks": "0",
                        "totalPendingTasks": "4",
                        "totalReviewTasks": "0",
                        "rewardsEarnedAmount": "$0",
                        "rewardsEarnedMax": "$475",
                        "rewardsEarnedDate": null,
                        "selectedMemberIdentifier": "Nuftali|Bartrand|05/13/1988|M|18",
                        "hawefId": null,
                        "hawefProviderName": null,
                        "hawefHealthFactorsResults": null,
                        "cvsMinuteClinicInfo": null,
                        "readOnly": false,
                        "memberIsUserFlag": true,
                        "incentivePeriodStartDate": "03/27/2018",
                        "incentivePeriodEndDate": "12/31/2018",
                        "carryOverPCP": false,
                        "otherPCMHPCPRewardsEarnedMax": null,
                        "hsaInd": false,
                        "pcpCopayWavier": false,
                        "pcpCopayWavierDate": null,
                        "specialistCopayWavier": false,
                        "specialistCopayWavierDate": null,
                        "subscriber": true
                    }
                ],
                "hsaIRSAlertMsgApplicableInd": false,
                "hsaIRSMsgApplicableInd": false,
                "individualIRSDedMaxLimit": "null",
                "familyIRSDedMaxLimit": "null",
                "paymentMsgInd": false,
                "hsaIRSQuestionnaireInfo": null,
                "incentiveOptInd": true,
                "subsPaidFlag": null,
                "incnCredAdjdInetDedbPaymtAmt": null,
                "incnCredAdjdOnetDedbPaymtAmt": null,
                "oneStepCompletedFamilyInd": false,
                "memberRenewalInd": true,
                "headerFooterDetails": {
                    "headerShowIn": null,
                    "headerTitle": null,
                    "headerTitleShowIn": null,
                    "headerTagLine": null,
                    "headerTagLineShowIn": null,
                    "headerAddInfo": null,
                    "headerAddInfoShowIn": null,
                    "footer": null,
                    "footerShowIn": null,
                    "dynamicLinks": null,
                    "staticLinks": null,
                    "stepLevelMsgs": null
                },
                "panelMatchReqdInd": null,
                "ssnupdateRequired": false,
                "lastDayToSubmitApplicable": true
            },
            "responseContext": {
                "success": true,
                "guid": 20360534,
                "responseTime": 57
            }
        }
    }
}