{
  "request": {
    "path": "getBillSummary.json",
    "method": "get"
  },
  "response": {
    "status": 200,
    "data": {
      "responseContext": {
        "success": true,
        "guid": 3452437497,
        "responseTime": 305
      },
      "getBillSummaryResponse": {
        "autoPayDetails": {
          "autoPayEnabled": "D",
          "cardType": "VISA",
          "cardNumber": "7392436133289262",
          "accountType": null,
          "accountNumber": null,
          "scheduledDate": null,
          "bankName": null
        },
        "totalCurrentDueAmount": 1794.0,
        "policyInformation": [
          {
            "policyGroupId": "99M1",
            "policyName": "MEDICAL",
            "coverageStartDate": "01/01/2020",
            "coverageEndDate": "12/31/2020",
            "productName": "Comprehensive Major Medical",
            "policyStatus": "ACTIVE",
            "currentAmtDue": 1794.0,
            "paymentDueDate": "05/01/2020",
            "paymentDue": "Y",
            "invoiceNumber": "200930001142",
            "lastPaymentDetails": {
              "paymentAmount": 897.0,
              "paymentDate": "03/10/2020 12:47",
              "paymentStatus": "APPLIED",
              "paymentType": "ONLINE_PAYMENT",
              "appliedDate": null
            },
            "onExchange": false,
            "scheduledDate": "05/06/2020",
            "recentPendingPayment": false
          }
        ]
      }
    }
  }
}