{
    "comment": "In Network Member General Benefits",
    "request": {
        "path": "getInNetworkMemberGeneralBenefits.json",
        "method": "get"
    },
    "response": {
        "status": 200,
        "data": {
            "memberGeneralBenefits": {
                "accumsPlanPeriodDetail": {
                    "startDate": "01/01/2018",
                    "endDate": "12/31/2018",
                    "renewalMonth": "January"
                },
                "pcpCopayAmount": "$20.00",
                "specialistCopayAmount": "$20.00",
                "emergencyRoomCopayAmount": null,
                "urgentCareCenterCopayAmount": "$20.00",
                "networkLevelAccums": {
                    "OOP": {
                        "benefitMaximumAmount": 1500,
                        "metAmount": 0,
                        "remainingAmount": 1500,
                        "blueRewardsAmount": null,
                        "accumLevel": "IND",
                        "familyBenefitAmountMet": false
                    },
                    "Ded": {
                        "benefitMaximumAmount": null,
                        "metAmount": null,
                        "remainingAmount": 0,
                        "blueRewardsAmount": null,
                        "accumLevel": "IND",
                        "familyBenefitAmountMet": false
                    }
                }
            },
            "responseContext": {
                "success": true,
                "guid": 20359533,
                "responseTime": 340
            }
        }
    }
}