{
    "comment": "Get PCP details",
    "request": {
        "path": "getMemberPcpDetails.json",
        "method": "get"
    },
    "response": {
        "status": 200,
        "data": {"responseContext":{"success":true,"guid":20810227,"responseTime":39},"memberPcpDetails":[{"sourceSystemMemberId":"171050801","pcpEffectivetDate":"08/16/2018","pcpTerminationDate":"12/31/9999","pcpId":"E0370001","npi":null,"medicalPanelId":"MP11100119","pcpPcmhType":"01","pcpSpcialtyType":null,"pcpGender":null,"pcpName":"JOHN C ARRABAL","pcpAddr":{"type":null,"typeDesc":null,"street1":"223 HIGH ST","street2":"PO BOX 150","street3":null,"city":"Chestertown","state":"MD","zip":"21620","zipFour":null,"county":null,"countyDesc":null,"country":null},"pcpPhoneNumber":null,"pcpProdCat":"MED","sourceRefreshed":"N"}]}
    }
}