{
    "comment": "Get Available Plans",
    "request": {
        "path": "getMemberPlanSummary.json",
        "method": "get"
    },
    "response": {
        "status": 200,
        "data": {
            "planSummaryDisplay": {
                "MED": {
                    "planSummary": [
                        {
                            "productCategory": "MEDICAL",
                            "planName": "BlueChoice Advantage CDH",
                            "publicSubscriberId": "904163874",
                            "groupId": "004C",
                            "coveragePeriodBeginDate": "08/01/2019",
                            "coveragePeriodEndDate": "07/31/2020",
                            "active": true,
                            "preactive": false,
                            "acaProduct": true,
                            "coverageLevel": "Family",
                            "healthExchangeGroup": false,
                            "embededCoverage": false,
                            "voidedBinderPayment": false,
                            "delinquent": false,
                            "dvbCoverageLevel": null
                        }
                    ]
                },
                "DRG": {
                    "planSummary": [
                        {
                            "productCategory": "DRUG",
                            "planName": "Prescription Drug (Integrated with Medical)",
                            "publicSubscriberId": "904163874",
                            "groupId": "004C",
                            "coveragePeriodBeginDate": "08/01/2019",
                            "coveragePeriodEndDate": "07/31/2020",
                            "active": true,
                            "preactive": false,
                            "acaProduct": true,
                            "coverageLevel": "Family",
                            "healthExchangeGroup": false,
                            "embededCoverage": false,
                            "voidedBinderPayment": false,
                            "delinquent": false,
                            "dvbCoverageLevel": null
                        }
                    ]
                },
                "DEN": {
                    "planSummary": [
                        {
                            "productCategory": "DENTAL",
                            "planName": "Traditional Dental",
                            "publicSubscriberId": "904163874",
                            "groupId": "004C",
                            "coveragePeriodBeginDate": "08/01/2019",
                            "coveragePeriodEndDate": "07/31/2020",
                            "active": true,
                            "preactive": false,
                            "acaProduct": false,
                            "coverageLevel": "Family",
                            "healthExchangeGroup": false,
                            "embededCoverage": false,
                            "voidedBinderPayment": false,
                            "delinquent": false,
                            "dvbCoverageLevel": null
                        }
                    ]
                }
            },
            "responseContext": {
                "success": true,
                "guid": 24709422,
                "responseTime": 6
            }
        }
    }
}