{
    "comment": "Get PCP details",
    "request": {
        "path": "getMemberQualifierDetails.json",
        "method": "get"
    },
    "response": {
        "status": 200,
        "data": {
            "sourceRefreshed": "N",
            "responseContext": {
                "success": true,
                "guid": 23649268,
                "responseTime": 32
            },
            "memberQualifierDetails": [
                {
                    "sourceSystemMemberId": "701700207000001",
                    "qualEffectivetDate": "01/01/2019",
                    "qualTerminationDate": "12/31/2019",
                    "qualType": "14",
                    "srceQualType": "14"
                },
                {
                    "sourceSystemMemberId": "701700207000001",
                    "qualEffectivetDate": "01/01/2019",
                    "qualTerminationDate": "12/31/2019",
                    "qualType": "49",
                    "srceQualType": "49"
                },
                {
                    "sourceSystemMemberId": "701700207000001",
                    "qualEffectivetDate": "01/01/2019",
                    "qualTerminationDate": "12/31/2019",
                    "qualType": "14",
                    "srceQualType": "14"
                }
            ]
        }
    }
}