{
    "request": {
        "path": "getPromotionalAlerts.json",
        "method": "get"
    },
    "response": {
        "status": 200,
        "data": {"alertSummary":{"accountCount":1,"alerts":[{"alertId":"61","transactionId":"976932","alertUserActivityId":"27090","alertCategory":"PlanAdvisory - PROMOTIONAL ALERTS","alertName":"PlanAdvisor","createdDate":"11/21/2018","priority":"4","alertSubject":"PlanAdvisor-Alert","message":"Description of PlanAdvisory alert TBD"}]},"responseContext":{"success":true,"guid":21375213,"responseTime":237}}

    }
}