{
    "comment": "Search Sapphire Digital provider",
    "request": {
        "path": "searchSDProvider.json",
        "method": "get"
    },
    "response": {
        "status": 200,
        "data": {"providers":{"providerDetail":[{"distance":"2.9","providerIDKey":"169","providerID":"AY390001","providerRating":"","numberOfRatings":"","providerName":"Abbasi, Mustafa A, MD (AY390001)","providerTitle":"Abbasi, Mustafa A, MD (AY390001)","gender":"M","specialityType":"PCP","planCode":"","accreditation":"N/A","accreditationStatus":"N/A","conceirgeFooter":"","pdfNetworkCode":"","pdfPlanCode":"080","phone":"(703) 417-9074","bteIndicator":" ","cc1Indicator":"","erIndicator":"0","anesIndicator":"0","critIndicator":"0","pathIndicator":"0","radIndicator":"0","neoIndicator":"0","ecpPatientsIndicator":"0","pcmhIndicator":"Y","pcmhPlusIndicator":"N","mmppIndicator":"N","latitude":"38.845168","longitude":"-77.115748","addressDetail":[{"addressLine1":"5100 Leesburg Pike","addressLine2":"#101","city":"Alexandria","stateCode":"VA","zipCode":"22302","country":"Alexandria City","locationId":"46223021364931"}],"otherOfficeLocations":null,"languages":[{"name":"English"},{"name":"Indic"}],"specialities":[{"code":"259","name":"Internal Medicine"}],"graduateSchools":[{"educationCode":"GR","schoolName":"King Edward Medical College, Lahore, Pakistan"}],"residency":[{"educationCode":"RS","schoolName":"Franklin Square Hospital, Baltimore, MD"}],"intership":[{"educationCode":"IN","schoolName":"Easton Hospital, Easton, PA"}],"boardCertifications":[{"name":"Internal Medicine - Board Certified"}],"acceptingNewPatients":"Y","hospitalAffiliations":[],"groupAffiliations":[{"name":"Abbasi A Mustafa, MD"}],"networks":{"providerNetworks":[{"networkName":"BlueChoice Network","networkCode":"DC_CC5","rawNetworkCode":"027"},{"networkName":"CareFirst Regional Provider Directory","networkCode":"DC_CC5","rawNetworkCode":"041"}],"costIndicatorValue":""},"providerPlanType":"M","medicalPanelID":"MP01150346","physicianQualityMeasures":null,"bdcDesignations":null,"higherCostIndicator":null,"providerWebSiteURL":"","networkIdentifier":"In-Network Provider","electronicHealthRecordIndicator":"","providerImage":null,"costStrata":null,"ePrescrptionIndicator":"","officeHours":{"operationHours":null,"lstOfficeHours":null},"dispenseHour":[],"sleepApneaEqpIndicator":null,"nationalProviderIndicator":"N","bcbsaPlanName":null,"countyName":null,"additionalInfo":{"SLEEPAPNEA":"                   "},"npi":"1316019912","blueCardPPOIdentifier":"N","latestAttestationDate":"01/25/2018"}],"lastUpdateDate":"01/25/2018","recordCount":"1","higherCostIndicator":"N","outsideServiceAreaIndcator":"1","networkComposition":"1"},"responseContext":{"success":true,"guid":20347563,"responseTime":410}}
    }
}