{
    "request": {
        "path": "searchMemberClaims.json",
        "method": "get"
    },
    "response": {
        "status": 200,
        "data": {
            "totalResponsibility": 0,
            "claims": [
                {
                    "index": "0",
                    "claimsProductCategory": "MED",
                    "startDate": "06/12/2018",
                    "endDate": "06/12/2018",
                    "firstName": "Tobias",
                    "lastName": "Diegomint",
                    "reconciledPatientDateOfBirth": "01/05/1973",
                    "servicingProviderName": "CUTLER, NAOMI P.",
                    "processedDate": "06/12/2018",
                    "paidDate": "06/13/2018",
                    "claimStatusIndicatorValue": "Finalized",
                    "totalChargeAmount": 1500,
                    "totalAllowedAmount": 0,
                    "totalPaidAmount": 0,
                    "patientLiabilityAmount": 0,
                    "claimNumber": "81630SA01500",
                    "adjustedClaim": false,
                    "drugClaim": false,
                    "pediatricDentalClaim": false,
                    "showClaim": true,
                    "showEOBFlag": false,
                    "eobDocumentNumber": null,
                    "eobStatementDate": null,
                    "showDHMOClaim": false,
                    "showEncounterClaim": false,
                    "deductibleAmountForClaim": 0,
                    "coinsuranceAmountForClaim": 0,
                    "copayAmountForClaim": 0,
                    "groupId": "9906",
                    "sourceSystem": "TZF",
                    "labelValues": [],
                    "notes": null,
                    "paidStatus": null,
                    "receivedDate": "06/12/2018",
                    "patientAccNumber": null
                },
                {
                    "index": "1",
                    "claimsProductCategory": "MED",
                    "startDate": "06/12/2018",
                    "endDate": "06/12/2018",
                    "firstName": "Tobias",
                    "lastName": "Diegomint",
                    "reconciledPatientDateOfBirth": "01/05/1973",
                    "servicingProviderName": "CUTLER, NAOMI P.",
                    "processedDate": "06/12/2018",
                    "paidDate": "06/13/2018",
                    "claimStatusIndicatorValue": "Finalized",
                    "totalChargeAmount": 1500,
                    "totalAllowedAmount": 390.06,
                    "totalPaidAmount": 390.06,
                    "patientLiabilityAmount": 0,
                    "claimNumber": "81630SB01300",
                    "adjustedClaim": false,
                    "drugClaim": false,
                    "pediatricDentalClaim": false,
                    "showClaim": true,
                    "showEOBFlag": false,
                    "eobDocumentNumber": null,
                    "eobStatementDate": null,
                    "showDHMOClaim": false,
                    "showEncounterClaim": false,
                    "deductibleAmountForClaim": 0,
                    "coinsuranceAmountForClaim": 0,
                    "copayAmountForClaim": 0,
                    "groupId": "9906",
                    "sourceSystem": "TZF",
                    "labelValues": [],
                    "notes": null,
                    "paidStatus": null,
                    "receivedDate": "06/12/2018",
                    "patientAccNumber": null
                }
            ],
            "totalRecords": 2,
            "responseContext": {
                "success": true,
                "guid": 20283036,
                "responseTime": 230
            }
        }
    }
}