{
    "request": {
        "path": "getMemberAnalyticsDetails.json",
        "query" : {
            "accountId" : "CD.1111"
        }
    },
    "response": {
        "status": 200,
        "data": {
                "memberAnalyticsDetails": {
                    "guid": "19753509",
                    "subscriberId": "85661a1108b19a9a1541a303fd429f21",
                    "personId": "85661a1108b19a9a2622ac70cce5d116",
                    "isImpersonation": "N",
                    "groupId": "9902",
                    "accountId": "NA",
                    "relCode": "18",
                    "genCode": "F",
                    "ageRange": "45-54",
                    "isInsured": "Y",
                    "prodVar": "BChoiceHMO",
                    "enrlSysCode": "171",
                    "jurisdiction": "MD",
                    "legalEntity": "BC",
                    "isACA": "N",
                    "isHIX": "N",
                    "covStsInd": "ACTIVE",
                    "insType": "HM",
                    "isASO": "N",
                    "accountName": "IMD February Renewal",
                    "groupName": "IMD February Renewal",
                    "blueRewardsMember": "N",
                    "blueRewardMemberStatus": "NA",
                    "asuind": "IMD"
                },
                "responseContext": {
                    "success": true,
                    "guid": 19753509,
                    "responseTime": 10
            }
        }
    }
}