{
  "request": {
    "path": "outage-flag.page"
  },
  "response": {
    "status": 200,
    "html": "<?xml version='1.0' encoding='UTF-8'?><root><!--ls:begin[component-1422978692659]--><ContentSelect>0</ContentSelect><AlternateContent><Headline> Outage Full </Headline><Content>Due to website upgrades, access to secure&lt;b&gt; My Account&lt;/b&gt; will be temporarily unavailable from 10:30 p.m. Friday, December 13 until 4:00 a.m. Saturday, December 14.&lt;br /&gt;&lt;br /&gt;We apologize in advance for any inconvenience.</Content></AlternateContent><!--ls:end[component-1422978692657]--></root>"
  }
}