{
    "request": {
        "path": "getMemberEligibility.json",
        "method": "GET"
    },
    "response": {
        "status": 200,
        "data": {
            "dateOfService": "10/16/2018",
            "eligibilityDetails": {
                "PASTA|RAM|03/01/1990|M|18": {
                    "MEDICAL": [{
                        "eligibilityDetailsDisplay": {
                            "productCategory": "MED",
                            "publicSubscriberId": "933889301",
                            "groupName": "Ledger Norm Ltd",
                            "groupNumber": "3QER",
                            "coverageLevel": "Individual",
                            "productDescription": "BluePreferred PPO",
                            "firstName": "PASTA",
                            "lastName": "RAM",
                            "dateOfBirth": "03/01/1990",
                            "genderDesc": "Male",
                            "genderCode": "M",
                            "relationshipDesc": "Self",
                            "relationshipCode": "18",
                            "gratuitous": false,
                            "studentStatus": null,
                            "handicapIndicator": null,
                            "coveragePeriodBeginDate": "Jul 01, 2018",
                            "coveragePeriodEndDate": "Jun 30, 2019",
                            "memberSinceDate": null,
                            "hideMemberCoveragePeriodDates": false,
                            "originalEffectiveDate": "07/01/2018",
                            "coverageStatus": "Active Coverage",
                            "pcpSelectedFlag": false,
                            "pcpName": null,
                            "cobStatus": "Update Needed",
                            "bsbsCode": "ATG9",
                            "productId": "APHVB86A",
                            "pediatricCoverage": false,
                            "adultCoverage": false,
                            "drugFormularyName": null
                        },
                        "pcpDetails": null,
                        "cobDetails": [{
                            "carrierName": "No Other Insurance",
                            "entityIdentifierCode": "PRP",
                            "entityIdentifierDescription": "Primary Payer",
                            "carrierAddress": {
                                "type": null,
                                "typeDesc": null,
                                "street1": "137 Dummy Street",
                                "street2": " ",
                                "street3": null,
                                "city": "WASHINGTON",
                                "state": "DC",
                                "zip": "20060",
                                "zipFour": null,
                                "county": null,
                                "countyDesc": null,
                                "country": null
                            },
                            "policyNumber": null,
                            "insuranceType": "COMMERCIAL",
                            "effectiveDate": "07/01/2018",
                            "terminationDate": "12/31/9999",
                            "verificationDate": "07/01/2018",
                            "phoneNumber": ""
                        }, {
                            "carrierName": "No Other Insurance",
                            "entityIdentifierCode": "PRP",
                            "entityIdentifierDescription": "Primary Payer",
                            "carrierAddress": {
                                "type": null,
                                "typeDesc": null,
                                "street1": "137 Dummy Street",
                                "street2": " ",
                                "street3": null,
                                "city": "WASHINGTON",
                                "state": "DC",
                                "zip": "20060",
                                "zipFour": null,
                                "county": null,
                                "countyDesc": null,
                                "country": null
                            },
                            "policyNumber": null,
                            "insuranceType": "COMMERCIAL",
                            "effectiveDate": "07/01/2018",
                            "terminationDate": "12/31/9999",
                            "verificationDate": "07/01/2018",
                            "phoneNumber": ""
                        }],
                        "eligibleMemberIdentifier": {
                            "firstName": "PASTA",
                            "lastName": "RAM",
                            "dateOfBirth": "03/01/1990",
                            "genderCode": "M",
                            "relationshipCode": "18"
                        }
                    }],
                    "DENTAL": [{
                        "eligibilityDetailsDisplay": {
                            "productCategory": "DEN",
                            "publicSubscriberId": "933889301",
                            "groupName": "Ledger Norm Ltd",
                            "groupNumber": "3QER",
                            "coverageLevel": "Individual",
                            "productDescription": "Preferred Dental",
                            "firstName": "PASTA",
                            "lastName": "RAM",
                            "dateOfBirth": "03/01/1990",
                            "genderDesc": "Male",
                            "genderCode": "M",
                            "relationshipDesc": "Self",
                            "relationshipCode": "18",
                            "gratuitous": false,
                            "studentStatus": null,
                            "handicapIndicator": null,
                            "coveragePeriodBeginDate": "Jul 01, 2018",
                            "coveragePeriodEndDate": "Jun 30, 2019",
                            "memberSinceDate": null,
                            "hideMemberCoveragePeriodDates": false,
                            "originalEffectiveDate": "07/01/2018",
                            "coverageStatus": "Active Coverage",
                            "pcpSelectedFlag": false,
                            "pcpName": null,
                            "cobStatus": "Update Needed",
                            "bsbsCode": "DBK8",
                            "productId": "",
                            "pediatricCoverage": false,
                            "adultCoverage": false,
                            "drugFormularyName": null
                        },
                        "pcpDetails": null,
                        "cobDetails": [{
                            "carrierName": "No Other Insurance",
                            "entityIdentifierCode": "PRP",
                            "entityIdentifierDescription": "Primary Payer",
                            "carrierAddress": {
                                "type": null,
                                "typeDesc": null,
                                "street1": "137 Dummy Street",
                                "street2": " ",
                                "street3": null,
                                "city": "WASHINGTON",
                                "state": "DC",
                                "zip": "20060",
                                "zipFour": null,
                                "county": null,
                                "countyDesc": null,
                                "country": null
                            },
                            "policyNumber": null,
                            "insuranceType": "COMMERCIAL",
                            "effectiveDate": "07/01/2018",
                            "terminationDate": "12/31/9999",
                            "verificationDate": "07/01/2018",
                            "phoneNumber": ""
                        }, {
                            "carrierName": "No Other Insurance",
                            "entityIdentifierCode": "PRP",
                            "entityIdentifierDescription": "Primary Payer",
                            "carrierAddress": {
                                "type": null,
                                "typeDesc": null,
                                "street1": "137 Dummy Street",
                                "street2": " ",
                                "street3": null,
                                "city": "WASHINGTON",
                                "state": "DC",
                                "zip": "20060",
                                "zipFour": null,
                                "county": null,
                                "countyDesc": null,
                                "country": null
                            },
                            "policyNumber": null,
                            "insuranceType": "COMMERCIAL",
                            "effectiveDate": "07/01/2018",
                            "terminationDate": "12/31/9999",
                            "verificationDate": "07/01/2018",
                            "phoneNumber": ""
                        }],
                        "eligibleMemberIdentifier": {
                            "firstName": "PASTA",
                            "lastName": "RAM",
                            "dateOfBirth": "03/01/1990",
                            "genderCode": "M",
                            "relationshipCode": "18"
                        }
                    }],
                    "DRUG": [{
                        "eligibilityDetailsDisplay": {
                            "productCategory": "DRG",
                            "publicSubscriberId": "933889301",
                            "groupName": "Ledger Norm Ltd",
                            "groupNumber": "3QER",
                            "coverageLevel": "Individual",
                            "productDescription": "Prescription Drug (Integrated with Medical)",
                            "firstName": "PASTA",
                            "lastName": "RAM",
                            "dateOfBirth": "03/01/1990",
                            "genderDesc": "Male",
                            "genderCode": "M",
                            "relationshipDesc": "Self",
                            "relationshipCode": "18",
                            "gratuitous": false,
                            "studentStatus": null,
                            "handicapIndicator": null,
                            "coveragePeriodBeginDate": "Jul 01, 2018",
                            "coveragePeriodEndDate": "Jun 30, 2019",
                            "memberSinceDate": null,
                            "hideMemberCoveragePeriodDates": false,
                            "originalEffectiveDate": "07/01/2018",
                            "coverageStatus": "Active Coverage",
                            "pcpSelectedFlag": false,
                            "pcpName": null,
                            "cobStatus": "Update Needed",
                            "bsbsCode": "",
                            "productId": "",
                            "pediatricCoverage": false,
                            "adultCoverage": false,
                            "drugFormularyName": null
                        },
                        "pcpDetails": null,
                        "cobDetails": [{
                            "carrierName": "No Other Insurance",
                            "entityIdentifierCode": "PRP",
                            "entityIdentifierDescription": "Primary Payer",
                            "carrierAddress": {
                                "type": null,
                                "typeDesc": null,
                                "street1": "137 Dummy Street",
                                "street2": " ",
                                "street3": null,
                                "city": "WASHINGTON",
                                "state": "DC",
                                "zip": "20060",
                                "zipFour": null,
                                "county": null,
                                "countyDesc": null,
                                "country": null
                            },
                            "policyNumber": null,
                            "insuranceType": "COMMERCIAL",
                            "effectiveDate": "07/01/2018",
                            "terminationDate": "12/31/9999",
                            "verificationDate": "07/01/2018",
                            "phoneNumber": ""
                        }, {
                            "carrierName": "No Other Insurance",
                            "entityIdentifierCode": "PRP",
                            "entityIdentifierDescription": "Primary Payer",
                            "carrierAddress": {
                                "type": null,
                                "typeDesc": null,
                                "street1": "137 Dummy Street",
                                "street2": " ",
                                "street3": null,
                                "city": "WASHINGTON",
                                "state": "DC",
                                "zip": "20060",
                                "zipFour": null,
                                "county": null,
                                "countyDesc": null,
                                "country": null
                            },
                            "policyNumber": null,
                            "insuranceType": "COMMERCIAL",
                            "effectiveDate": "07/01/2018",
                            "terminationDate": "12/31/9999",
                            "verificationDate": "07/01/2018",
                            "phoneNumber": ""
                        }],
                        "eligibleMemberIdentifier": {
                            "firstName": "PASTA",
                            "lastName": "RAM",
                            "dateOfBirth": "03/01/1990",
                            "genderCode": "M",
                            "relationshipCode": "18"
                        }
                    }],
                    "VISION": [{
                        "eligibilityDetailsDisplay": {
                            "productCategory": "VIS",
                            "publicSubscriberId": "933889301",
                            "groupName": "Ledger Norm Ltd",
                            "groupNumber": "3QER",
                            "coverageLevel": "Individual",
                            "productDescription": "BlueVision Plus",
                            "firstName": "PASTA",
                            "lastName": "RAM",
                            "dateOfBirth": "03/01/1990",
                            "genderDesc": "Male",
                            "genderCode": "M",
                            "relationshipDesc": "Self",
                            "relationshipCode": "18",
                            "gratuitous": false,
                            "studentStatus": null,
                            "handicapIndicator": null,
                            "coveragePeriodBeginDate": "Jul 01, 2018",
                            "coveragePeriodEndDate": "Jun 30, 2019",
                            "memberSinceDate": null,
                            "hideMemberCoveragePeriodDates": false,
                            "originalEffectiveDate": "07/01/2018",
                            "coverageStatus": "Active Coverage",
                            "pcpSelectedFlag": false,
                            "pcpName": null,
                            "cobStatus": "Update Needed",
                            "bsbsCode": "",
                            "productId": "",
                            "pediatricCoverage": false,
                            "adultCoverage": false,
                            "drugFormularyName": null
                        },
                        "pcpDetails": null,
                        "cobDetails": [{
                            "carrierName": "No Other Insurance",
                            "entityIdentifierCode": "PRP",
                            "entityIdentifierDescription": "Primary Payer",
                            "carrierAddress": {
                                "type": null,
                                "typeDesc": null,
                                "street1": "137 Dummy Street",
                                "street2": " ",
                                "street3": null,
                                "city": "WASHINGTON",
                                "state": "DC",
                                "zip": "20060",
                                "zipFour": null,
                                "county": null,
                                "countyDesc": null,
                                "country": null
                            },
                            "policyNumber": null,
                            "insuranceType": "COMMERCIAL",
                            "effectiveDate": "07/01/2018",
                            "terminationDate": "12/31/9999",
                            "verificationDate": "07/01/2018",
                            "phoneNumber": ""
                        }, {
                            "carrierName": "No Other Insurance",
                            "entityIdentifierCode": "PRP",
                            "entityIdentifierDescription": "Primary Payer",
                            "carrierAddress": {
                                "type": null,
                                "typeDesc": null,
                                "street1": "137 Dummy Street",
                                "street2": " ",
                                "street3": null,
                                "city": "WASHINGTON",
                                "state": "DC",
                                "zip": "20060",
                                "zipFour": null,
                                "county": null,
                                "countyDesc": null,
                                "country": null
                            },
                            "policyNumber": null,
                            "insuranceType": "COMMERCIAL",
                            "effectiveDate": "07/01/2018",
                            "terminationDate": "12/31/9999",
                            "verificationDate": "07/01/2018",
                            "phoneNumber": ""
                        }],
                        "eligibleMemberIdentifier": {
                            "firstName": "PASTA",
                            "lastName": "RAM",
                            "dateOfBirth": "03/01/1990",
                            "genderCode": "M",
                            "relationshipCode": "18"
                        }
                    }],
                    "LIFE": [
                        {
                            "eligibilityDetailsDisplay": {
                                "productCategory": "LIF",
                                "publicSubscriberId": "933889301",
                                "groupName": "Ledger Norm Ltd",
                                "groupNumber": "3QER",
                                "coverageLevel": "Individual",
                                "productDescription": "",
                                "firstName": "PASTA",
                                "lastName": "RAM",
                                "dateOfBirth": "03/01/1990",
                                "genderDesc": "Male",
                                "genderCode": "M",
                                "relationshipDesc": "Self",
                                "relationshipCode": "18",
                                "gratuitous": false,
                                "studentStatus": null,
                                "handicapIndicator": null,
                                "coveragePeriodBeginDate": "Jul 01, 2018",
                                "coveragePeriodEndDate": "Jun 30, 2019",
                                "memberSinceDate": null,
                                "hideMemberCoveragePeriodDates": false,
                                "originalEffectiveDate": "07/01/2018",
                                "coverageStatus": "Active Coverage",
                                "pcpSelectedFlag": false,
                                "pcpName": null,
                                "cobStatus": "Update Needed",
                                "bsbsCode": "",
                                "productId": "",
                                "pediatricCoverage": false,
                                "adultCoverage": false,
                                "drugFormularyName": null
                            },
                            "pcpDetails": null,
                            "cobDetails": [{
                                "carrierName": "No Other Insurance",
                                "entityIdentifierCode": "PRP",
                                "entityIdentifierDescription": "Primary Payer",
                                "carrierAddress": {
                                    "type": null,
                                    "typeDesc": null,
                                    "street1": "137 Dummy Street",
                                    "street2": " ",
                                    "street3": null,
                                    "city": "WASHINGTON",
                                    "state": "DC",
                                    "zip": "20060",
                                    "zipFour": null,
                                    "county": null,
                                    "countyDesc": null,
                                    "country": null
                                },
                                "policyNumber": null,
                                "insuranceType": "COMMERCIAL",
                                "effectiveDate": "07/01/2018",
                                "terminationDate": "12/31/9999",
                                "verificationDate": "07/01/2018",
                                "phoneNumber": ""
                            }, {
                                "carrierName": "No Other Insurance",
                                "entityIdentifierCode": "PRP",
                                "entityIdentifierDescription": "Primary Payer",
                                "carrierAddress": {
                                    "type": null,
                                    "typeDesc": null,
                                    "street1": "137 Dummy Street",
                                    "street2": " ",
                                    "street3": null,
                                    "city": "WASHINGTON",
                                    "state": "DC",
                                    "zip": "20060",
                                    "zipFour": null,
                                    "county": null,
                                    "countyDesc": null,
                                    "country": null
                                },
                                "policyNumber": null,
                                "insuranceType": "COMMERCIAL",
                                "effectiveDate": "07/01/2018",
                                "terminationDate": "12/31/9999",
                                "verificationDate": "07/01/2018",
                                "phoneNumber": ""
                            }],
                            "eligibleMemberIdentifier": {
                                "firstName": "PASTA",
                                "lastName": "RAM",
                                "dateOfBirth": "03/01/1990",
                                "genderCode": "M",
                                "relationshipCode": "18"
                            }
                        }, {
                            "eligibilityDetailsDisplay": {
                                "productCategory": "LIF",
                                "publicSubscriberId": "933889301",
                                "groupName": "Ledger Norm Ltd",
                                "groupNumber": "3QER",
                                "coverageLevel": "Individual",
                                "productDescription": "",
                                "firstName": "PASTA",
                                "lastName": "RAM",
                                "dateOfBirth": "03/01/1990",
                                "genderDesc": "Male",
                                "genderCode": "M",
                                "relationshipDesc": "Self",
                                "relationshipCode": "18",
                                "gratuitous": false,
                                "studentStatus": null,
                                "handicapIndicator": null,
                                "coveragePeriodBeginDate": "Jul 01, 2018",
                                "coveragePeriodEndDate": "Jun 30, 2019",
                                "memberSinceDate": null,
                                "hideMemberCoveragePeriodDates": false,
                                "originalEffectiveDate": "07/01/2018",
                                "coverageStatus": "Active Coverage",
                                "pcpSelectedFlag": false,
                                "pcpName": null,
                                "cobStatus": "Update Needed",
                                "bsbsCode": "",
                                "productId": "",
                                "pediatricCoverage": false,
                                "adultCoverage": false,
                                "drugFormularyName": null
                            },
                            "pcpDetails": null,
                            "cobDetails": [{
                                "carrierName": "No Other Insurance",
                                "entityIdentifierCode": "PRP",
                                "entityIdentifierDescription": "Primary Payer",
                                "carrierAddress": {
                                    "type": null,
                                    "typeDesc": null,
                                    "street1": "137 Dummy Street",
                                    "street2": " ",
                                    "street3": null,
                                    "city": "WASHINGTON",
                                    "state": "DC",
                                    "zip": "20060",
                                    "zipFour": null,
                                    "county": null,
                                    "countyDesc": null,
                                    "country": null
                                },
                                "policyNumber": null,
                                "insuranceType": "COMMERCIAL",
                                "effectiveDate": "07/01/2018",
                                "terminationDate": "12/31/9999",
                                "verificationDate": "07/01/2018",
                                "phoneNumber": ""
                            }, {
                                "carrierName": "No Other Insurance",
                                "entityIdentifierCode": "PRP",
                                "entityIdentifierDescription": "Primary Payer",
                                "carrierAddress": {
                                    "type": null,
                                    "typeDesc": null,
                                    "street1": "137 Dummy Street",
                                    "street2": " ",
                                    "street3": null,
                                    "city": "WASHINGTON",
                                    "state": "DC",
                                    "zip": "20060",
                                    "zipFour": null,
                                    "county": null,
                                    "countyDesc": null,
                                    "country": null
                                },
                                "policyNumber": null,
                                "insuranceType": "COMMERCIAL",
                                "effectiveDate": "07/01/2018",
                                "terminationDate": "12/31/9999",
                                "verificationDate": "07/01/2018",
                                "phoneNumber": ""
                            }],
                            "eligibleMemberIdentifier": {
                                "firstName": "PASTA",
                                "lastName": "RAM",
                                "dateOfBirth": "03/01/1990",
                                "genderCode": "M",
                                "relationshipCode": "18"
                            }
                        }],
                    "ACCDEATHDISMEMB": [
                        {
                            "eligibilityDetailsDisplay": {
                                "productCategory": "ADD",
                                "publicSubscriberId": "933889301",
                                "groupName": "Ledger Norm Ltd",
                                "groupNumber": "3QER",
                                "coverageLevel": "Individual",
                                "productDescription": "",
                                "firstName": "PASTA",
                                "lastName": "RAM",
                                "dateOfBirth": "03/01/1990",
                                "genderDesc": "Male",
                                "genderCode": "M",
                                "relationshipDesc": "Self",
                                "relationshipCode": "18",
                                "gratuitous": false,
                                "studentStatus": null,
                                "handicapIndicator": null,
                                "coveragePeriodBeginDate": "Jul 01, 2018",
                                "coveragePeriodEndDate": "Jun 30, 2019",
                                "memberSinceDate": null,
                                "hideMemberCoveragePeriodDates": false,
                                "originalEffectiveDate": "07/01/2018",
                                "coverageStatus": "Active Coverage",
                                "pcpSelectedFlag": false,
                                "pcpName": null,
                                "cobStatus": "Update Needed",
                                "bsbsCode": "",
                                "productId": "",
                                "pediatricCoverage": false,
                                "adultCoverage": false,
                                "drugFormularyName": null
                            },
                            "pcpDetails": null,
                            "cobDetails": [{
                                "carrierName": "No Other Insurance",
                                "entityIdentifierCode": "PRP",
                                "entityIdentifierDescription": "Primary Payer",
                                "carrierAddress": {
                                    "type": null,
                                    "typeDesc": null,
                                    "street1": "137 Dummy Street",
                                    "street2": " ",
                                    "street3": null,
                                    "city": "WASHINGTON",
                                    "state": "DC",
                                    "zip": "20060",
                                    "zipFour": null,
                                    "county": null,
                                    "countyDesc": null,
                                    "country": null
                                },
                                "policyNumber": null,
                                "insuranceType": "COMMERCIAL",
                                "effectiveDate": "07/01/2018",
                                "terminationDate": "12/31/9999",
                                "verificationDate": "07/01/2018",
                                "phoneNumber": ""
                            }, {
                                "carrierName": "No Other Insurance",
                                "entityIdentifierCode": "PRP",
                                "entityIdentifierDescription": "Primary Payer",
                                "carrierAddress": {
                                    "type": null,
                                    "typeDesc": null,
                                    "street1": "137 Dummy Street",
                                    "street2": " ",
                                    "street3": null,
                                    "city": "WASHINGTON",
                                    "state": "DC",
                                    "zip": "20060",
                                    "zipFour": null,
                                    "county": null,
                                    "countyDesc": null,
                                    "country": null
                                },
                                "policyNumber": null,
                                "insuranceType": "COMMERCIAL",
                                "effectiveDate": "07/01/2018",
                                "terminationDate": "12/31/9999",
                                "verificationDate": "07/01/2018",
                                "phoneNumber": ""
                            }],
                            "eligibleMemberIdentifier": {
                                "firstName": "PASTA",
                                "lastName": "RAM",
                                "dateOfBirth": "03/01/1990",
                                "genderCode": "M",
                                "relationshipCode": "18"
                            }
                        }, {
                            "eligibilityDetailsDisplay": {
                                "productCategory": "ADD",
                                "publicSubscriberId": "933889301",
                                "groupName": "Ledger Norm Ltd",
                                "groupNumber": "3QER",
                                "coverageLevel": "Individual",
                                "productDescription": "",
                                "firstName": "PASTA",
                                "lastName": "RAM",
                                "dateOfBirth": "03/01/1990",
                                "genderDesc": "Male",
                                "genderCode": "M",
                                "relationshipDesc": "Self",
                                "relationshipCode": "18",
                                "gratuitous": false,
                                "studentStatus": null,
                                "handicapIndicator": null,
                                "coveragePeriodBeginDate": "Jul 01, 2018",
                                "coveragePeriodEndDate": "Jun 30, 2019",
                                "memberSinceDate": null,
                                "hideMemberCoveragePeriodDates": false,
                                "originalEffectiveDate": "07/01/2018",
                                "coverageStatus": "Active Coverage",
                                "pcpSelectedFlag": false,
                                "pcpName": null,
                                "cobStatus": "Update Needed",
                                "bsbsCode": "",
                                "productId": "",
                                "pediatricCoverage": false,
                                "adultCoverage": false,
                                "drugFormularyName": null
                            },
                            "pcpDetails": null,
                            "cobDetails": [{
                                "carrierName": "No Other Insurance",
                                "entityIdentifierCode": "PRP",
                                "entityIdentifierDescription": "Primary Payer",
                                "carrierAddress": {
                                    "type": null,
                                    "typeDesc": null,
                                    "street1": "137 Dummy Street",
                                    "street2": " ",
                                    "street3": null,
                                    "city": "WASHINGTON",
                                    "state": "DC",
                                    "zip": "20060",
                                    "zipFour": null,
                                    "county": null,
                                    "countyDesc": null,
                                    "country": null
                                },
                                "policyNumber": null,
                                "insuranceType": "COMMERCIAL",
                                "effectiveDate": "07/01/2018",
                                "terminationDate": "12/31/9999",
                                "verificationDate": "07/01/2018",
                                "phoneNumber": ""
                            }, {
                                "carrierName": "No Other Insurance",
                                "entityIdentifierCode": "PRP",
                                "entityIdentifierDescription": "Primary Payer",
                                "carrierAddress": {
                                    "type": null,
                                    "typeDesc": null,
                                    "street1": "137 Dummy Street",
                                    "street2": " ",
                                    "street3": null,
                                    "city": "WASHINGTON",
                                    "state": "DC",
                                    "zip": "20060",
                                    "zipFour": null,
                                    "county": null,
                                    "countyDesc": null,
                                    "country": null
                                },
                                "policyNumber": null,
                                "insuranceType": "COMMERCIAL",
                                "effectiveDate": "07/01/2018",
                                "terminationDate": "12/31/9999",
                                "verificationDate": "07/01/2018",
                                "phoneNumber": ""
                            }],
                            "eligibleMemberIdentifier": {
                                "firstName": "PASTA",
                                "lastName": "RAM",
                                "dateOfBirth": "03/01/1990",
                                "genderCode": "M",
                                "relationshipCode": "18"
                            }
                        }],
                    "DISABILITY": [
                        {
                            "eligibilityDetailsDisplay": {
                                "productCategory": "DIS",
                                "publicSubscriberId": "933889301",
                                "groupName": "Ledger Norm Ltd",
                                "groupNumber": "3QER",
                                "coverageLevel": "Individual",
                                "productDescription": "",
                                "firstName": "PASTA",
                                "lastName": "RAM",
                                "dateOfBirth": "03/01/1990",
                                "genderDesc": "Male",
                                "genderCode": "M",
                                "relationshipDesc": "Self",
                                "relationshipCode": "18",
                                "gratuitous": false,
                                "studentStatus": null,
                                "handicapIndicator": null,
                                "coveragePeriodBeginDate": "Jul 01, 2018",
                                "coveragePeriodEndDate": "Jun 30, 2019",
                                "memberSinceDate": null,
                                "hideMemberCoveragePeriodDates": false,
                                "originalEffectiveDate": "07/01/2018",
                                "coverageStatus": "Active Coverage",
                                "pcpSelectedFlag": false,
                                "pcpName": null,
                                "cobStatus": "Update Needed",
                                "bsbsCode": "",
                                "productId": "",
                                "pediatricCoverage": false,
                                "adultCoverage": false,
                                "drugFormularyName": null
                            },
                            "pcpDetails": null,
                            "cobDetails": [{
                                "carrierName": "No Other Insurance",
                                "entityIdentifierCode": "PRP",
                                "entityIdentifierDescription": "Primary Payer",
                                "carrierAddress": {
                                    "type": null,
                                    "typeDesc": null,
                                    "street1": "137 Dummy Street",
                                    "street2": " ",
                                    "street3": null,
                                    "city": "WASHINGTON",
                                    "state": "DC",
                                    "zip": "20060",
                                    "zipFour": null,
                                    "county": null,
                                    "countyDesc": null,
                                    "country": null
                                },
                                "policyNumber": null,
                                "insuranceType": "COMMERCIAL",
                                "effectiveDate": "07/01/2018",
                                "terminationDate": "12/31/9999",
                                "verificationDate": "07/01/2018",
                                "phoneNumber": ""
                            }, {
                                "carrierName": "No Other Insurance",
                                "entityIdentifierCode": "PRP",
                                "entityIdentifierDescription": "Primary Payer",
                                "carrierAddress": {
                                    "type": null,
                                    "typeDesc": null,
                                    "street1": "137 Dummy Street",
                                    "street2": " ",
                                    "street3": null,
                                    "city": "WASHINGTON",
                                    "state": "DC",
                                    "zip": "20060",
                                    "zipFour": null,
                                    "county": null,
                                    "countyDesc": null,
                                    "country": null
                                },
                                "policyNumber": null,
                                "insuranceType": "COMMERCIAL",
                                "effectiveDate": "07/01/2018",
                                "terminationDate": "12/31/9999",
                                "verificationDate": "07/01/2018",
                                "phoneNumber": ""
                            }],
                            "eligibleMemberIdentifier": {
                                "firstName": "PASTA",
                                "lastName": "RAM",
                                "dateOfBirth": "03/01/1990",
                                "genderCode": "M",
                                "relationshipCode": "18"
                            }
                        }, {
                            "eligibilityDetailsDisplay": {
                                "productCategory": "DIS",
                                "publicSubscriberId": "933889301",
                                "groupName": "Ledger Norm Ltd",
                                "groupNumber": "3QER",
                                "coverageLevel": "Individual",
                                "productDescription": "",
                                "firstName": "PASTA",
                                "lastName": "RAM",
                                "dateOfBirth": "03/01/1990",
                                "genderDesc": "Male",
                                "genderCode": "M",
                                "relationshipDesc": "Self",
                                "relationshipCode": "18",
                                "gratuitous": false,
                                "studentStatus": null,
                                "handicapIndicator": null,
                                "coveragePeriodBeginDate": "Jul 01, 2018",
                                "coveragePeriodEndDate": "Jun 30, 2019",
                                "memberSinceDate": null,
                                "hideMemberCoveragePeriodDates": false,
                                "originalEffectiveDate": "07/01/2018",
                                "coverageStatus": "Active Coverage",
                                "pcpSelectedFlag": false,
                                "pcpName": null,
                                "cobStatus": "Update Needed",
                                "bsbsCode": "",
                                "productId": "",
                                "pediatricCoverage": false,
                                "adultCoverage": false,
                                "drugFormularyName": null
                            },
                            "pcpDetails": null,
                            "cobDetails": [{
                                "carrierName": "No Other Insurance",
                                "entityIdentifierCode": "PRP",
                                "entityIdentifierDescription": "Primary Payer",
                                "carrierAddress": {
                                    "type": null,
                                    "typeDesc": null,
                                    "street1": "137 Dummy Street",
                                    "street2": " ",
                                    "street3": null,
                                    "city": "WASHINGTON",
                                    "state": "DC",
                                    "zip": "20060",
                                    "zipFour": null,
                                    "county": null,
                                    "countyDesc": null,
                                    "country": null
                                },
                                "policyNumber": null,
                                "insuranceType": "COMMERCIAL",
                                "effectiveDate": "07/01/2018",
                                "terminationDate": "12/31/9999",
                                "verificationDate": "07/01/2018",
                                "phoneNumber": ""
                            }, {
                                "carrierName": "No Other Insurance",
                                "entityIdentifierCode": "PRP",
                                "entityIdentifierDescription": "Primary Payer",
                                "carrierAddress": {
                                    "type": null,
                                    "typeDesc": null,
                                    "street1": "137 Dummy Street",
                                    "street2": " ",
                                    "street3": null,
                                    "city": "WASHINGTON",
                                    "state": "DC",
                                    "zip": "20060",
                                    "zipFour": null,
                                    "county": null,
                                    "countyDesc": null,
                                    "country": null
                                },
                                "policyNumber": null,
                                "insuranceType": "COMMERCIAL",
                                "effectiveDate": "07/01/2018",
                                "terminationDate": "12/31/9999",
                                "verificationDate": "07/01/2018",
                                "phoneNumber": ""
                            }],
                            "eligibleMemberIdentifier": {
                                "firstName": "PASTA",
                                "lastName": "RAM",
                                "dateOfBirth": "03/01/1990",
                                "genderCode": "M",
                                "relationshipCode": "18"
                            }
                        }]
                }
            },
            "responseContext": {
                "success": true,
                "guid": 21112387,
                "responseTime": 431
            }
        }
    }
}