{
    "request": {
        "path": "getAllLabelsForUser.json",
        "method": "get"
    },
    "responseContext": {
        "success": true,
        "guid": 19763176,
        "responseTime": 54
    },
    "response": {
        "status": 200,
        "data": {
            "responseContext": {
                "success": true,
                "guid": 20555473,
                "responseTime": 33
            },
            "labels": [
                "For testj",
                "as",
                "asdf",
                "check"
            ]
        }
    }
}