{
  "request": {
      "path": "getClaimsMemberOptions.json",
      "method": "get"
  },
  "responseContext": {
      "success": true,
      "guid": 19763176,
      "responseTime": 54
  },
  "response": {
      "status": 200,
      "data": {
        "claimsMemberOptions": {
            "DRG": [{
                "dateOfBirth": "03/24/1960",
                "firstName": "RYEANNE",
                "lastName": "SAYYAPARAJU",
                "optionName": "RYEANNE (03/24/1960)",
                "memberIdentifier": "RYEANNE|SAYYAPARAJU|03/24/1960|M|18",
                "relationshipCode": "18"
            }],
            "DEN": [{
                "dateOfBirth": "03/24/1960",
                "firstName": "RYEANNE",
                "lastName": "SAYYAPARAJU",
                "optionName": "RYEANNE (03/24/1960)",
                "memberIdentifier": "RYEANNE|SAYYAPARAJU|03/24/1960|M|18",
                "relationshipCode": "18"
            }, {
                "dateOfBirth": "04/30/1963",
                "firstName": "LAV",
                "lastName": "SAYYAPARAJU",
                "optionName": "LAV (04/30/1963)",
                "memberIdentifier": "LAV|SAYYAPARAJU|04/30/1963|F|01",
                "relationshipCode": "01"
            }, {
                "dateOfBirth": "03/26/1998",
                "firstName": "LAREL",
                "lastName": "SAYYAPARAJU",
                "optionName": "LAREL (03/26/1998)",
                "memberIdentifier": "LAREL|SAYYAPARAJU|03/26/1998|M|19",
                "relationshipCode": "19"
            }, {
                "dateOfBirth": "10/18/2003",
                "firstName": "HAARIS",
                "lastName": "SAYYAPARAJU",
                "optionName": "HAARIS (10/18/2003)",
                "memberIdentifier": "HAARIS|SAYYAPARAJU|10/18/2003|M|19",
                "relationshipCode": "19"
            }, {
                "dateOfBirth": "10/18/2003",
                "firstName": "KHAMAREE",
                "lastName": "SAYYAPARAJU",
                "optionName": "KHAMAREE (10/18/2003)",
                "memberIdentifier": "KHAMAREE|SAYYAPARAJU|10/18/2003|F|19",
                "relationshipCode": "19"
            }],
            "MED": [{
                "dateOfBirth": "03/24/1960",
                "firstName": "RYEANNE",
                "lastName": "SAYYAPARAJU",
                "optionName": "RYEANNE (03/24/1960)",
                "memberIdentifier": "RYEANNE|SAYYAPARAJU|03/24/1960|M|18",
                "relationshipCode": "18"
            }, {
                "dateOfBirth": "04/30/1963",
                "firstName": "LAV",
                "lastName": "SAYYAPARAJU",
                "optionName": "LAV (04/30/1963)",
                "memberIdentifier": "LAV|SAYYAPARAJU|04/30/1963|F|01",
                "relationshipCode": "01"
            }, {
                "dateOfBirth": "03/26/1998",
                "firstName": "LAREL",
                "lastName": "SAYYAPARAJU",
                "optionName": "LAREL (03/26/1998)",
                "memberIdentifier": "LAREL|SAYYAPARAJU|03/26/1998|M|19",
                "relationshipCode": "19"
            }, {
                "dateOfBirth": "10/18/2003",
                "firstName": "HAARIS",
                "lastName": "SAYYAPARAJU",
                "optionName": "HAARIS (10/18/2003)",
                "memberIdentifier": "HAARIS|SAYYAPARAJU|10/18/2003|M|19",
                "relationshipCode": "19"
            }, {
                "dateOfBirth": "10/18/2003",
                "firstName": "KHAMAREE",
                "lastName": "SAYYAPARAJU",
                "optionName": "KHAMAREE (10/18/2003)",
                "memberIdentifier": "KHAMAREE|SAYYAPARAJU|10/18/2003|F|19",
                "relationshipCode": "19"
            }]
        }
      }
  }
}