{
  "request": {
    "path": "getInNetworkMemberGeneralBenefits.json",
    "method": "get"
  },
  "response": {
    "status": 200,
    "data": {
      "memberGeneralBenefits": {
        "accumsPlanPeriodDetail": {
          "startDate": "01/01/2019",
          "endDate": "12/31/2019",
          "renewalMonth": "January"
        },
        "pcpCopayAmount": "$30.00",
        "specialistCopayAmount": "$30.00",
        "emergencyRoomCopayAmount": null,
        "urgentCareCenterCopayAmount": "$30.00",
        "inNetworkIndicator": true,
        "networkLevelAccums": {
          "OOP": {
            "benefitMaximumAmount": 2000,
            "metAmount": null,
            "remainingAmount": 0,
            "blueRewardsAmount": null,
            "accumLevel": "IND",
            "familyBenefitAmountMet": false
          },
          "Ded": {
            "benefitMaximumAmount": 0,
            "metAmount": null,
            "remainingAmount": 0,
            "blueRewardsAmount": null,
            "accumLevel": "IND",
            "familyBenefitAmountMet": false
          }
        }
      },
      "responseContext": {
        "success": true,
        "guid": 21500106,
        "responseTime": 1535
      }
    }
  }
}