{
  "request": {
    "path": "getInNetworkMemberGeneralBenefits.json",
    "method": "get"
  },
  "responseContext": {
    "success": true,
    "guid": 19763176,
    "responseTime": 54
  },
  "response": {
    "status": 200,
    "data": {
      "memberGeneralBenefits": {
        "accumsPlanPeriodDetail": {
          "startDate": "01/01/2019",
          "endDate": "12/31/2019",
          "renewalMonth": "January"
        },
        "pcpCopayAmount": "",
        "specialistCopayAmount": "$40.00",
        "emergencyRoomCopayAmount": null,
        "urgentCareCenterCopayAmount": "$50.00",
        "inNetworkIndicator": true,
        "networkLevelAccums": {
          "OOP": {
            "benefitMaximumAmount": 9000,
            "metAmount": 0,
            "remainingAmount": 9000,
            "blueRewardsAmount": null,
            "accumLevel": "FAM",
            "familyBenefitAmountMet": false
          },
          "Ded": {
            "benefitMaximumAmount": 3000,
            "metAmount": 2000,
            "remainingAmount": 1000,
            "blueRewardsAmount": null,
            "accumLevel": "FAM",
            "familyBenefitAmountMet": false
          }
        }
      },
      "responseContext": {
        "success": true,
        "guid": 21497768,
        "responseTime": 194
      }
    }
  }
}