{
  "request": {
    "path": "getMemberClaim.json",
    "method": "get"
  },
  "response": {
    "status": 200,
    "data": {
      "claimDetails": {
        "index": null,
        "claimsProductCategory": "MED",
        "startDate": "09/07/2018",
        "endDate": "09/07/2018",
        "firstName": "Emmalyn",
        "lastName": "Diegomint",
        "reconciledPatientDateOfBirth": "06/02/2000",
        "servicingProviderName": "COLORADO SPINE & SPINE",
        "processedDate": "09/26/2018",
        "paidDate": "09/26/2018",
        "claimStatusIndicatorValue": "Finalized",
        "totalChargeAmount": 2500,
        "totalAllowedAmount": 300,
        "totalPaidAmount": 0,
        "patientLiabilityAmount": 2500,
        "claimNumber": "S268MD100300",
        "adjustedClaim": false,
        "drugClaim": false,
        "pediatricDentalClaim": false,
        "showClaim": true,
        "showEOBFlag": false,
        "eobDocumentNumber": null,
        "eobStatementDate": null,
        "showDHMOClaim": false,
        "showEncounterClaim": false,
        "deductibleAmountForClaim": 100,
        "coinsuranceAmountForClaim": 100,
        "copayAmountForClaim": 100,
        "groupId": "9906",
        "sourceSystem": "TZF",
        "labelValues": [],
        "notes": null,
        "paidStatus": "Paid",
        "receivedDate": "09/25/2018",
        "patientAccNumber": null,
        "payee": "PROVIDER",
        "checkNumber": "000000000",
        "checkIssueDate": "07/07/2016",
        "checkAmount": null,
        "cobAmount": null,
        "interestAmount": 0,
        "totalDeniedAmount": 0,
        "claimAdjustmentDetails": null,
        "chargeLines": [
          {
            "lineNumber": "1",
            "startDate": "09/07/2018",
            "endDate": "09/07/2018",
            "typeOfServiceDesc": "Medical",
            "otherInsuranceLiabilityAmount": null,
            "chargeAmount": 2500,
            "allowedAmount": 300,
            "deniedAmount": 0,
            "paidAmount": 0,
            "copayAmount": 100,
            "deductibleAmount": 100,
            "coinsuranceAmount": 100,
            "cobAmount": null,
            "patientLiabilityAmountLine": 2500,
            "legacyStatusCodeDesc": "Claim Accepted; Batch Run Completed",
            "statusCategoryCodeDesc": "Paid",
            "lineStatusRemarkDesc": "Information is not available online.  Please select Contact us about this Claim in Quick Links.",
            "lineStatusRemarkCode": null,
            "remarksCode": []
          }
        ],
        "claimMessage": null,
        "payeeName": null,
        "remarksCode": [],
        "blueCardIndicator": null,
        "payToNPI": "1356483358"
      },
      "responseContext": {
        "success": true,
        "guid": 21367746,
        "responseTime": 217
      }
    }
  }
}