{
    "request": {
        "path": "getSpendingAccountRecentTranactions.json",
        "method": "get"
    },
    "responseContext": {
        "success": true,
        "guid": 19763176,
        "responseTime": 54
    },
    "response": {
        "status": 200,
        "data": {
          
          "recentTrnsDetails": [
            {
              "spendingAccKey": 5001920,
              "transactionDate": "06/12/2018",
              "description": "Wellness - Employee",
              "type": "Deposit",
              "productType": "HIA",
              "amount": 500,
              "unSubstantiatedTransFlag": true,
              "status": "Posted"
            }
          ],
          "responseContext": {
            "success": true,
            "guid": null,
            "responseTime": 2021
          }

        }
    }
}