{
  "request": {
    "path": "getSpendingAccountBalances.json",
    "method": "get"
  },
  "response": {
    "status": 200,
    "data": {
      "spendingAcctDetails": {
        "spendingAcctBalances": [
          {
            "spendingAccType": "HSA",
            "accountBalance": 3087.87,
            "spendingAccKey": "5001939",
            "investmentBalance": null,
            "unSubstantiatedTransFlag": true,
            "status": null,
            "memberAccountId": null
          },
          {
            "spendingAccType": "HIA",
            "accountBalance": 483.22,
            "spendingAccKey": "5001920",
            "investmentBalance": null,
            "unSubstantiatedTransFlag": false,
            "status": null,
            "memberAccountId": null
          },
          {
            "spendingAccType": "FSA",
            "accountBalance": 1074.14,
            "spendingAccKey": "5001940",
            "investmentBalance": null,
            "unSubstantiatedTransFlag": false,
            "status": null,
            "memberAccountId": null
          }
        ],
        "memberKey": null,
        "autoPayEnabled": true
      },
      "responseContext": {
        "success": true,
        "guid": 20418498,
        "responseTime": 4778
      }
    }
  }
}