{
    "request": {
        "path": "payClaimWithHSAAccount.json",
        "method": "post"
    },
    "responseContext": {
        "success": true,
        "guid": 19763176,
        "responseTime": 54
    },
    "response": {
        "status": 200,
        "data": {
            "PaymentConfirmationDisplay": {
                "vendorClaimId": "FNM0216201522551"
            },
            "responseContext": {
                "success": true,
                "guid": 8050384,
                "responseTime": 6123
            }
        }
    }
}