{
    "request": {
        "path": "retrieveClaimsDocumentIdentifier.json",
        "method": "post"
    },
    "responseContext": {
        "success": true,
        "guid": 19763176,
        "responseTime": 54
    },
    "response": {
        "status": 200,
        "data": {
            
                "documentIdentifier": "CLAIMSDOWNLOADDOCUMENTS-3geizl9dw1",
                "responseContext": {
                    "success": true,
                    "guid": 20452362,
                    "responseTime": 413
                }
            }
        }
    }