{
    "request": {
        "path": "searchMemberEOB.json",
        "method": "get"
    },
    "responseContext": {
        "success": true,
        "guid": 19763176,
        "responseTime": 54
    },
    "response": {
        "status": 200,
        "data": {

    "totalResponsibility": 4000,
    "eobDetails": [
      {
        "index": "0",
        "eobDocumentNumber": "06081817480001429336",
        "eobStatementDate": "05/30/2018",
        "eobClaimDetails": [
          {
            "claimNumber": "814801005900",
            "fromDateOfService": "04/21/2018",
            "toDateOfService": "04/21/2018",
            "memberFirstName": "Laura",
            "memberLastName": "Susan",
            "providerName": "COLEY, JAMES F.",
            "claimTotalAmount": "2000.00",
            "memberDOB": "03/09/2017",
            "productCategory": "DENTAL",
            "patientLiabilityAmount": "2000"
          },
          {
            "claimNumber": "814801005901",
            "fromDateOfService": "03/21/2018",
            "toDateOfService": "03/21/2018",
            "memberFirstName": "Laura",
            "memberLastName": "Susan",
            "providerName": "COLEY, JAMES F.",
            "claimTotalAmount": "2000.00",
            "memberDOB": "03/09/2017",
            "productCategory": "DENTAL",
            "patientLiabilityAmount": "2000"
          }
        ]
      }
    ]
}
}
}