{
  "request": {
    "path": "searchMemberEOB.json",
    "method": "get",
    "query": {
      "accountId": "CD.1111"
    }
  },
  "responseContext": {
    "success": true,
    "guid": 19763176,
    "responseTime": 54
  },
  "response": {
    "status": 200,
    "data": {"totalResponsibility":6289.74,"eobDetails":[{"index":"0","eobDocumentNumber":"11281313500102055367","eobStatementDate":"07/17/2018","eobClaimDetails":[{"claimNumber":"33161A227400","fromDateOfService":"07/17/2018","toDateOfService":"07/17/2018","memberFirstName":"Katrisse","memberLastName":"Sobolewska","providerName":"KHETAN, SHISHIR K.","claimTotalAmount":"247.00","memberDOB":"07/11/1993","productCategory":"MEDICAL","patientLiabilityAmount":"20"},{"claimNumber":"33161A227400","fromDateOfService":"07/17/2018","toDateOfService":"07/17/2018","memberFirstName":"Katrisse","memberLastName":"Sobolewska","providerName":"KHETAN, SHISHIR K.","claimTotalAmount":"247.00","memberDOB":"07/11/1993","productCategory":"MEDICAL","patientLiabilityAmount":"20"},{"claimNumber":"33161A227400","fromDateOfService":"07/17/2018","toDateOfService":"07/17/2018","memberFirstName":"Katrisse","memberLastName":"Sobolewska","providerName":"KHETAN, SHISHIR K.","claimTotalAmount":"247.00","memberDOB":"07/11/1993","productCategory":"MEDICAL","patientLiabilityAmount":"20"}]},{"index":"1","eobDocumentNumber":"02121709561415968777","eobStatementDate":"02/09/2017","eobClaimDetails":[{"claimNumber":"703813502300","fromDateOfService":"02/06/2017","toDateOfService":"02/06/2017","memberFirstName":"Katrisse","memberLastName":"Sobolewska","providerName":"KHETAN, SHISHIR K.","claimTotalAmount":"206.00","memberDOB":"07/11/1993","productCategory":"MEDICAL","patientLiabilityAmount":"100.78"},{"claimNumber":"702300636300","fromDateOfService":"06/03/2016","toDateOfService":"06/03/2016","memberFirstName":"Katrisse","memberLastName":"Sobolewska","providerName":"KHETAN, SHISHIR K.","claimTotalAmount":"206.00","memberDOB":"07/11/1993","productCategory":"MEDICAL","patientLiabilityAmount":"20"}]},{"index":"2","eobDocumentNumber":"02121709561415968768","eobStatementDate":"02/09/2017","eobClaimDetails":[{"claimNumber":"703761160800","fromDateOfService":"01/25/2017","toDateOfService":"01/25/2017","memberFirstName":"Katrisse","memberLastName":"Sobolewska","providerName":"EMAM, BETTY M.","claimTotalAmount":"650.00","memberDOB":"07/11/1993","productCategory":"DENTAL","patientLiabilityAmount":"79.2"}]},{"index":"3","eobDocumentNumber":"02051709145151742595","eobStatementDate":"01/30/2017","eobClaimDetails":[{"claimNumber":"702361785500","fromDateOfService":"01/09/2017","toDateOfService":"01/09/2017","memberFirstName":"Katrisse","memberLastName":"Sobolewska","providerName":"EMAM, BETTY M.","claimTotalAmount":"125.00","memberDOB":"07/11/1993","productCategory":"DENTAL","patientLiabilityAmount":"25"},{"claimNumber":"703250011200","fromDateOfService":"10/04/2016","toDateOfService":"10/04/2016","memberFirstName":"Saisavithri","memberLastName":"Sobolewska","providerName":"ZANER, ROBERT L.","claimTotalAmount":"1200.00","memberDOB":"02/14/1957","productCategory":"DENTAL","patientLiabilityAmount":"0"},{"claimNumber":"703250011201","fromDateOfService":"09/30/2016","toDateOfService":"09/30/2016","memberFirstName":"Saisavithri","memberLastName":"Sobolewska","providerName":"ZANER, ROBERT L.","claimTotalAmount":"950.00","memberDOB":"02/14/1957","productCategory":"DENTAL","patientLiabilityAmount":"0"}]},{"index":"4","eobDocumentNumber":"01291714534748563326","eobStatementDate":"01/27/2017","eobClaimDetails":[{"claimNumber":"702460547100","fromDateOfService":"01/18/2017","toDateOfService":"01/18/2017","memberFirstName":"Katrisse","memberLastName":"Sobolewska","providerName":"EMAM, BETTY M.","claimTotalAmount":"500.00","memberDOB":"07/11/1993","productCategory":"DENTAL","patientLiabilityAmount":"55.2"},{"claimNumber":"629490202001","fromDateOfService":"10/04/2016","toDateOfService":"10/04/2016","memberFirstName":"Saisavithri","memberLastName":"Sobolewska","providerName":"ZANER, ROBERT L.","claimTotalAmount":"1200.00","memberDOB":"02/14/1957","productCategory":"DENTAL","patientLiabilityAmount":"519"},{"claimNumber":"629490202801","fromDateOfService":"09/30/2016","toDateOfService":"09/30/2016","memberFirstName":"Saisavithri","memberLastName":"Sobolewska","providerName":"ZANER, ROBERT L.","claimTotalAmount":"950.00","memberDOB":"02/14/1957","productCategory":"DENTAL","patientLiabilityAmount":"417.5"}]},{"index":"5","eobDocumentNumber":"01151707595252732099","eobStatementDate":"01/09/2017","eobClaimDetails":[{"claimNumber":"616511973101","fromDateOfService":"06/03/2016","toDateOfService":"06/03/2016","memberFirstName":"Katrisse","memberLastName":"Sobolewska","providerName":"KHETAN, SHISHIR K.","claimTotalAmount":"38.00","memberDOB":"07/11/1993","productCategory":"MEDICAL","patientLiabilityAmount":"0"},{"claimNumber":"616511974901","fromDateOfService":"06/03/2016","toDateOfService":"06/03/2016","memberFirstName":"Katrisse","memberLastName":"Sobolewska","providerName":"KHETAN, SHISHIR K.","claimTotalAmount":"206.00","memberDOB":"07/11/1993","productCategory":"MEDICAL","patientLiabilityAmount":"0"}]},{"index":"6","eobDocumentNumber":"01081710161011360375","eobStatementDate":"01/05/2017","eobClaimDetails":[{"claimNumber":"700490150800","fromDateOfService":"12/30/2016","toDateOfService":"12/30/2016","memberFirstName":"Katrisse","memberLastName":"Sobolewska","providerName":"ZANER, ROBERT L.","claimTotalAmount":"70.00","memberDOB":"07/11/1993","productCategory":"DENTAL","patientLiabilityAmount":"0"}]},{"index":"7","eobDocumentNumber":"01081710161011360388","eobStatementDate":"01/05/2017","eobClaimDetails":[{"claimNumber":"636512148100","fromDateOfService":"12/29/2016","toDateOfService":"12/29/2016","memberFirstName":"Katrisse","memberLastName":"Sobolewska","providerName":"KHETAN, SHISHIR K.","claimTotalAmount":"206.00","memberDOB":"07/11/1993","productCategory":"MEDICAL","patientLiabilityAmount":"100.78"}]},{"index":"8","eobDocumentNumber":"01011708273536794861","eobStatementDate":"12/29/2016","eobClaimDetails":[{"claimNumber":"635813251900","fromDateOfService":"12/20/2016","toDateOfService":"12/20/2016","memberFirstName":"Katrisse","memberLastName":"Sobolewska","providerName":"TCHUINDJO, SYLVIE T.","claimTotalAmount":"206.00","memberDOB":"07/11/1993","productCategory":"MEDICAL","patientLiabilityAmount":"66.29"}]},{"index":"9","eobDocumentNumber":"12251607432525365507","eobStatementDate":"12/22/2016","eobClaimDetails":[{"claimNumber":"63541B204000","fromDateOfService":"12/15/2016","toDateOfService":"12/15/2016","memberFirstName":"Saisavithri","memberLastName":"Sobolewska","providerName":"LABCORP OF AMERICA HOLDINGS","claimTotalAmount":"710.00","memberDOB":"02/14/1957","productCategory":"MEDICAL","patientLiabilityAmount":"0"},{"claimNumber":"635113920500","fromDateOfService":"12/15/2016","toDateOfService":"12/15/2016","memberFirstName":"Saisavithri","memberLastName":"Sobolewska","providerName":"KHETAN, SHISHIR K.","claimTotalAmount":"1060.00","memberDOB":"02/14/1957","productCategory":"MEDICAL","patientLiabilityAmount":"490.35"}]},{"index":"10","eobDocumentNumber":"12181607590910401882","eobStatementDate":"12/15/2016","eobClaimDetails":[{"claimNumber":"634814694200","fromDateOfService":"12/09/2016","toDateOfService":"12/09/2016","memberFirstName":"Saisavithri","memberLastName":"Sobolewska","providerName":"KHETAN, SHISHIR K.","claimTotalAmount":"463.00","memberDOB":"02/14/1957","productCategory":"MEDICAL","patientLiabilityAmount":"234.95"},{"claimNumber":"634413015200","fromDateOfService":"12/07/2016","toDateOfService":"12/07/2016","memberFirstName":"Ebrahimi","memberLastName":"Sobolewska","providerName":"BROOKS, SARA E.","claimTotalAmount":"206.00","memberDOB":"09/26/1958","productCategory":"MEDICAL","patientLiabilityAmount":"59.99"}]},{"index":"11","eobDocumentNumber":"12041607073132055827","eobStatementDate":"12/01/2016","eobClaimDetails":[{"claimNumber":"632816736100","fromDateOfService":"11/18/2016","toDateOfService":"11/18/2016","memberFirstName":"Ebrahimi","memberLastName":"Sobolewska","providerName":"LABCORP OF AMERICA HOLDINGS","claimTotalAmount":"195.00","memberDOB":"09/26/1958","productCategory":"MEDICAL","patientLiabilityAmount":"5.96"}]},{"index":"12","eobDocumentNumber":"10301607063031301400","eobStatementDate":"10/24/2016","eobClaimDetails":[{"claimNumber":"627850362600","fromDateOfService":"07/27/2016","toDateOfService":"07/27/2016","memberFirstName":"Katrisse","memberLastName":"Sobolewska","providerName":"ZANER, ROBERT L.","claimTotalAmount":"250.00","memberDOB":"07/11/1993","productCategory":"DENTAL","patientLiabilityAmount":"76.5"}]},{"index":"13","eobDocumentNumber":"10231612020303795288","eobStatementDate":"10/21/2016","eobClaimDetails":[{"claimNumber":"629490202000","fromDateOfService":"10/04/2016","toDateOfService":"10/04/2016","memberFirstName":"Saisavithri","memberLastName":"Sobolewska","providerName":"ZANER, ROBERT L.","claimTotalAmount":"1200.00","memberDOB":"02/14/1957","productCategory":"DENTAL","patientLiabilityAmount":"0"},{"claimNumber":"629490202800","fromDateOfService":"09/30/2016","toDateOfService":"09/30/2016","memberFirstName":"Saisavithri","memberLastName":"Sobolewska","providerName":"ZANER, ROBERT L.","claimTotalAmount":"950.00","memberDOB":"02/14/1957","productCategory":"DENTAL","patientLiabilityAmount":"0"}]},{"index":"14","eobDocumentNumber":"10161607010303639008","eobStatementDate":"10/13/2016","eobClaimDetails":[{"claimNumber":"627919869300","fromDateOfService":"10/04/2016","toDateOfService":"10/04/2016","memberFirstName":"Katrisse","memberLastName":"Sobolewska","providerName":"KHETAN, SHISHIR K.","claimTotalAmount":"108.00","memberDOB":"07/11/1993","productCategory":"MEDICAL","patientLiabilityAmount":"0"}]},{"index":"15","eobDocumentNumber":"10091607503637640082","eobStatementDate":"10/07/2016","eobClaimDetails":[{"claimNumber":"628091524200","fromDateOfService":"10/04/2016","toDateOfService":"10/04/2016","memberFirstName":"Saisavithri","memberLastName":"Sobolewska","providerName":"ZANER, ROBERT L.","claimTotalAmount":"1200.00","memberDOB":"02/14/1957","productCategory":"DENTAL","patientLiabilityAmount":"0"},{"claimNumber":"628091524800","fromDateOfService":"09/30/2016","toDateOfService":"09/30/2016","memberFirstName":"Saisavithri","memberLastName":"Sobolewska","providerName":"ZANER, ROBERT L.","claimTotalAmount":"950.00","memberDOB":"02/14/1957","productCategory":"DENTAL","patientLiabilityAmount":"0"}]},{"index":"16","eobDocumentNumber":"10091607503637640089","eobStatementDate":"10/06/2016","eobClaimDetails":[{"claimNumber":"627310529700","fromDateOfService":"09/21/2016","toDateOfService":"09/21/2016","memberFirstName":"Ebrahimi","memberLastName":"Sobolewska","providerName":"NOREUIL, TODD O.","claimTotalAmount":"250.00","memberDOB":"09/26/1958","productCategory":"MEDICAL","patientLiabilityAmount":"30"}]},{"index":"17","eobDocumentNumber":"10021607175959619133","eobStatementDate":"09/29/2016","eobClaimDetails":[{"claimNumber":"626710534100","fromDateOfService":"09/21/2016","toDateOfService":"09/21/2016","memberFirstName":"Ebrahimi","memberLastName":"Sobolewska","providerName":"BROOKS, SARA E.","claimTotalAmount":"206.00","memberDOB":"09/26/1958","productCategory":"MEDICAL","patientLiabilityAmount":"20"},{"claimNumber":"626716828800","fromDateOfService":"09/21/2016","toDateOfService":"09/21/2016","memberFirstName":"Ebrahimi","memberLastName":"Sobolewska","providerName":"ROGSTAD, AMY S.","claimTotalAmount":"238.00","memberDOB":"09/26/1958","productCategory":"MEDICAL","patientLiabilityAmount":"9.45"},{"claimNumber":"619411254501","fromDateOfService":"07/06/2016","toDateOfService":"07/06/2016","memberFirstName":"Ebrahimi","memberLastName":"Sobolewska","providerName":"EISENBERG, LARA B.","claimTotalAmount":"380.00","memberDOB":"09/26/1958","productCategory":"MEDICAL","patientLiabilityAmount":"30"}]},{"index":"18","eobDocumentNumber":"09251610200303168798","eobStatementDate":"09/21/2016","eobClaimDetails":[{"claimNumber":"626490140100","fromDateOfService":"07/27/2016","toDateOfService":"07/27/2016","memberFirstName":"Katrisse","memberLastName":"Sobolewska","providerName":"ZANER, ROBERT L.","claimTotalAmount":"250.00","memberDOB":"07/11/1993","productCategory":"DENTAL","patientLiabilityAmount":"0"}]},{"index":"19","eobDocumentNumber":"09181606542424568168","eobStatementDate":"09/13/2016","eobClaimDetails":[{"claimNumber":"62511A654000","fromDateOfService":"09/03/2016","toDateOfService":"09/03/2016","memberFirstName":"Joidon","memberLastName":"Sobolewska","providerName":"OLISEMEKA, CHINEDUM I.","claimTotalAmount":"235.00","memberDOB":"05/20/1991","productCategory":"MEDICAL","patientLiabilityAmount":"30"}]},{"index":"20","eobDocumentNumber":"09041606551616655489","eobStatementDate":"09/01/2016","eobClaimDetails":[{"claimNumber":"623916235700","fromDateOfService":"08/23/2016","toDateOfService":"08/23/2016","memberFirstName":"Katrisse","memberLastName":"Sobolewska","providerName":"LABCORP OF AMERICA HOLDINGS","claimTotalAmount":"67.00","memberDOB":"07/11/1993","productCategory":"MEDICAL","patientLiabilityAmount":"0"},{"claimNumber":"623716389900","fromDateOfService":"08/23/2016","toDateOfService":"08/23/2016","memberFirstName":"Katrisse","memberLastName":"Sobolewska","providerName":"PAPPAS, SUSAN D.","claimTotalAmount":"230.00","memberDOB":"07/11/1993","productCategory":"MEDICAL","patientLiabilityAmount":"0"}]},{"index":"21","eobDocumentNumber":"08281612113636810553","eobStatementDate":"08/26/2016","eobClaimDetails":[{"claimNumber":"621790137001","fromDateOfService":"08/02/2016","toDateOfService":"08/02/2016","memberFirstName":"Katrisse","memberLastName":"Sobolewska","providerName":"ZANER, ROBERT L.","claimTotalAmount":"950.00","memberDOB":"07/11/1993","productCategory":"DENTAL","patientLiabilityAmount":"417.5"}]},{"index":"22","eobDocumentNumber":"08211606384142653590","eobStatementDate":"08/17/2016","eobClaimDetails":[{"claimNumber":"623090163800","fromDateOfService":"08/15/2016","toDateOfService":"08/15/2016","memberFirstName":"Saisavithri","memberLastName":"Sobolewska","providerName":"ZANER, ROBERT L.","claimTotalAmount":"995.00","memberDOB":"02/14/1957","productCategory":"DENTAL","patientLiabilityAmount":"163.4"},{"claimNumber":"622990132300","fromDateOfService":"08/12/2016","toDateOfService":"08/12/2016","memberFirstName":"Joidon","memberLastName":"Sobolewska","providerName":"ZANER, ROBERT L.","claimTotalAmount":"175.00","memberDOB":"05/20/1991","productCategory":"DENTAL","patientLiabilityAmount":"27.6"}]},{"index":"23","eobDocumentNumber":"08141606471818682895","eobStatementDate":"08/12/2016","eobClaimDetails":[{"claimNumber":"622490152900","fromDateOfService":"08/05/2016","toDateOfService":"08/05/2016","memberFirstName":"Joidon","memberLastName":"Sobolewska","providerName":"ZANER, ROBERT L.","claimTotalAmount":"70.00","memberDOB":"05/20/1991","productCategory":"DENTAL","patientLiabilityAmount":"0"}]},{"index":"24","eobDocumentNumber":"08071613131415367517","eobStatementDate":"08/01/2016","eobClaimDetails":[{"claimNumber":"621790137000","fromDateOfService":"08/02/2016","toDateOfService":"08/02/2016","memberFirstName":"Katrisse","memberLastName":"Sobolewska","providerName":"ZANER, ROBERT L.","claimTotalAmount":"950.00","memberDOB":"07/11/1993","productCategory":"DENTAL","patientLiabilityAmount":"0"},{"claimNumber":"621190150700","fromDateOfService":"07/27/2016","toDateOfService":"07/27/2016","memberFirstName":"Katrisse","memberLastName":"Sobolewska","providerName":"ZANER, ROBERT L.","claimTotalAmount":"250.00","memberDOB":"07/11/1993","productCategory":"DENTAL","patientLiabilityAmount":"0"}]},{"index":"25","eobDocumentNumber":"08011600245657444073","eobStatementDate":"07/29/2016","eobClaimDetails":[{"claimNumber":"621090155800","fromDateOfService":"07/26/2016","toDateOfService":"07/26/2016","memberFirstName":"Katrisse","memberLastName":"Sobolewska","providerName":"ZANER, ROBERT L.","claimTotalAmount":"995.00","memberDOB":"07/11/1993","productCategory":"DENTAL","patientLiabilityAmount":"203.4"}]},{"index":"26","eobDocumentNumber":"07241607241616946883","eobStatementDate":"07/19/2016","eobClaimDetails":[{"claimNumber":"619320909100","fromDateOfService":"07/06/2016","toDateOfService":"07/06/2016","memberFirstName":"Ebrahimi","memberLastName":"Sobolewska","providerName":"SUBURBAN HOSPITAL","claimTotalAmount":"185.02","memberDOB":"09/26/1958","productCategory":"MEDICAL","patientLiabilityAmount":"0"},{"claimNumber":"619411254500","fromDateOfService":"07/06/2016","toDateOfService":"07/06/2016","memberFirstName":"Ebrahimi","memberLastName":"Sobolewska","providerName":"EISENBERG, LARA B.","claimTotalAmount":"380.00","memberDOB":"09/26/1958","productCategory":"MEDICAL","patientLiabilityAmount":"0"},{"claimNumber":"619618386500","fromDateOfService":"07/01/2016","toDateOfService":"07/01/2016","memberFirstName":"Katrisse","memberLastName":"Sobolewska","providerName":"MALAISRIE, NORA","claimTotalAmount":"245.00","memberDOB":"07/11/1993","productCategory":"MEDICAL","patientLiabilityAmount":"30"}]},{"index":"27","eobDocumentNumber":"07171606234444827688","eobStatementDate":"07/12/2016","eobClaimDetails":[{"claimNumber":"619490129500","fromDateOfService":"07/08/2016","toDateOfService":"07/08/2016","memberFirstName":"Saisavithri","memberLastName":"Sobolewska","providerName":"ZANER, ROBERT L.","claimTotalAmount":"450.00","memberDOB":"02/14/1957","productCategory":"DENTAL","patientLiabilityAmount":"33"},{"claimNumber":"619390127800","fromDateOfService":"07/07/2016","toDateOfService":"07/07/2016","memberFirstName":"Katrisse","memberLastName":"Sobolewska","providerName":"ZANER, ROBERT L.","claimTotalAmount":"130.00","memberDOB":"07/11/1993","productCategory":"DENTAL","patientLiabilityAmount":"25"}]},{"index":"28","eobDocumentNumber":"07101612233030706369","eobStatementDate":"07/07/2016","eobClaimDetails":[{"claimNumber":"618612314400","fromDateOfService":"06/27/2016","toDateOfService":"06/27/2016","memberFirstName":"Katrisse","memberLastName":"Sobolewska","providerName":"LABCORP OF AMERICA HOLDINGS","claimTotalAmount":"82.00","memberDOB":"07/11/1993","productCategory":"MEDICAL","patientLiabilityAmount":"2.14"},{"claimNumber":"618117012300","fromDateOfService":"06/27/2016","toDateOfService":"06/27/2016","memberFirstName":"Katrisse","memberLastName":"Sobolewska","providerName":"KHETAN, SHISHIR K.","claimTotalAmount":"38.00","memberDOB":"07/11/1993","productCategory":"MEDICAL","patientLiabilityAmount":"30"},{"claimNumber":"618117020900","fromDateOfService":"06/27/2016","toDateOfService":"06/27/2016","memberFirstName":"Katrisse","memberLastName":"Sobolewska","providerName":"KHETAN, SHISHIR K.","claimTotalAmount":"206.00","memberDOB":"07/11/1993","productCategory":"MEDICAL","patientLiabilityAmount":"0"},{"claimNumber":"618716771600","fromDateOfService":"06/22/2016","toDateOfService":"06/22/2016","memberFirstName":"Ebrahimi","memberLastName":"Sobolewska","providerName":"NOREUIL, TODD O.","claimTotalAmount":"890.00","memberDOB":"09/26/1958","productCategory":"MEDICAL","patientLiabilityAmount":"30"}]},{"index":"29","eobDocumentNumber":"07031621581111397162","eobStatementDate":"06/29/2016","eobClaimDetails":[{"claimNumber":"617418351300","fromDateOfService":"06/21/2016","toDateOfService":"06/21/2016","memberFirstName":"Joidon","memberLastName":"Sobolewska","providerName":"SARIPALLI, YAMINI V.","claimTotalAmount":"211.00","memberDOB":"05/20/1991","productCategory":"MEDICAL","patientLiabilityAmount":"30"}]},{"index":"30","eobDocumentNumber":"06191606250809309095","eobStatementDate":"06/16/2016","eobClaimDetails":[{"claimNumber":"616511973100","fromDateOfService":"06/03/2016","toDateOfService":"06/03/2016","memberFirstName":"Katrisse","memberLastName":"Sobolewska","providerName":"KHETAN, SHISHIR K.","claimTotalAmount":"38.00","memberDOB":"07/11/1993","productCategory":"MEDICAL","patientLiabilityAmount":"30"},{"claimNumber":"616511974900","fromDateOfService":"06/03/2016","toDateOfService":"06/03/2016","memberFirstName":"Katrisse","memberLastName":"Sobolewska","providerName":"KHETAN, SHISHIR K.","claimTotalAmount":"206.00","memberDOB":"07/11/1993","productCategory":"MEDICAL","patientLiabilityAmount":"0"}]},{"index":"31","eobDocumentNumber":"06191606250809309087","eobStatementDate":"06/15/2016","eobClaimDetails":[{"claimNumber":"616690148500","fromDateOfService":"06/10/2016","toDateOfService":"06/10/2016","memberFirstName":"Saisavithri","memberLastName":"Sobolewska","providerName":"ZANER, ROBERT L.","claimTotalAmount":"900.00","memberDOB":"02/14/1957","productCategory":"DENTAL","patientLiabilityAmount":"106"}]},{"index":"32","eobDocumentNumber":"06121606363637921432","eobStatementDate":"06/10/2016","eobClaimDetails":[{"claimNumber":"615918054400","fromDateOfService":"06/03/2016","toDateOfService":"06/03/2016","memberFirstName":"Katrisse","memberLastName":"Sobolewska","providerName":"LABCORP OF AMERICA HOLDINGS","claimTotalAmount":"82.00","memberDOB":"07/11/1993","productCategory":"MEDICAL","patientLiabilityAmount":"2.14"},{"claimNumber":"615821218900","fromDateOfService":"05/31/2016","toDateOfService":"05/31/2016","memberFirstName":"Saisavithri","memberLastName":"Sobolewska","providerName":"SHADY GROVE ADVENTIST HOSP","claimTotalAmount":"335.76","memberDOB":"02/14/1957","productCategory":"MEDICAL","patientLiabilityAmount":"100"}]},{"index":"33","eobDocumentNumber":"06051622135252741006","eobStatementDate":"06/02/2016","eobClaimDetails":[{"claimNumber":"607818707101","fromDateOfService":"03/16/2016","toDateOfService":"03/16/2016","memberFirstName":"Ebrahimi","memberLastName":"Sobolewska","providerName":"KHETAN, SHISHIR K.","claimTotalAmount":"286.00","memberDOB":"09/26/1958","productCategory":"MEDICAL","patientLiabilityAmount":"20"},{"claimNumber":"607619430301","fromDateOfService":"03/14/2016","toDateOfService":"03/14/2016","memberFirstName":"Joidon","memberLastName":"Sobolewska","providerName":"KHETAN, SHISHIR K.","claimTotalAmount":"203.00","memberDOB":"05/20/1991","productCategory":"MEDICAL","patientLiabilityAmount":"20"},{"claimNumber":"605018834201","fromDateOfService":"02/18/2016","toDateOfService":"02/18/2016","memberFirstName":"Ebrahimi","memberLastName":"Sobolewska","providerName":"KHETAN, SHISHIR K.","claimTotalAmount":"203.00","memberDOB":"09/26/1958","productCategory":"MEDICAL","patientLiabilityAmount":"10"},{"claimNumber":"605417557501","fromDateOfService":"02/18/2016","toDateOfService":"02/18/2016","memberFirstName":"Ebrahimi","memberLastName":"Sobolewska","providerName":"KHETAN, SHISHIR K.","claimTotalAmount":"1312.00","memberDOB":"09/26/1958","productCategory":"MEDICAL","patientLiabilityAmount":"10"},{"claimNumber":"604118271701","fromDateOfService":"02/08/2016","toDateOfService":"02/08/2016","memberFirstName":"Ebrahimi","memberLastName":"Sobolewska","providerName":"KHETAN, SHISHIR K.","claimTotalAmount":"567.00","memberDOB":"09/26/1958","productCategory":"MEDICAL","patientLiabilityAmount":"20"},{"claimNumber":"529518722101","fromDateOfService":"10/21/2015","toDateOfService":"10/21/2015","memberFirstName":"Katrisse","memberLastName":"Sobolewska","providerName":"KHETAN, SHISHIR K.","claimTotalAmount":"203.00","memberDOB":"07/11/1993","productCategory":"MEDICAL","patientLiabilityAmount":"150.18"},{"claimNumber":"529518723101","fromDateOfService":"10/21/2015","toDateOfService":"10/21/2015","memberFirstName":"Saisavithri","memberLastName":"Sobolewska","providerName":"KHETAN, SHISHIR K.","claimTotalAmount":"286.00","memberDOB":"02/14/1957","productCategory":"MEDICAL","patientLiabilityAmount":"210.66"}]},{"index":"34","eobDocumentNumber":"05291606570708586175","eobStatementDate":"05/23/2016","eobClaimDetails":[{"claimNumber":"61371A455200","fromDateOfService":"05/13/2016","toDateOfService":"05/13/2016","memberFirstName":"Katrisse","memberLastName":"Sobolewska","providerName":"KHETAN, SHISHIR K.","claimTotalAmount":"203.00","memberDOB":"07/11/1993","productCategory":"MEDICAL","patientLiabilityAmount":"20"},{"claimNumber":"613911650900","fromDateOfService":"05/12/2016","toDateOfService":"05/12/2016","memberFirstName":"Ebrahimi","memberLastName":"Sobolewska","providerName":"DAS, MUKUL K.","claimTotalAmount":"268.00","memberDOB":"09/26/1958","productCategory":"MEDICAL","patientLiabilityAmount":"0"}]},{"index":"35","eobDocumentNumber":"05151609440708283128","eobStatementDate":"05/09/2016","eobClaimDetails":[{"claimNumber":"61181A134100","fromDateOfService":"04/22/2016","toDateOfService":"04/22/2016","memberFirstName":"Saisavithri","memberLastName":"Sobolewska","providerName":"KHETAN, SHISHIR K.","claimTotalAmount":"463.00","memberDOB":"02/14/1957","productCategory":"MEDICAL","patientLiabilityAmount":"30"},{"claimNumber":"613013024500","fromDateOfService":"04/13/2016","toDateOfService":"04/13/2016","memberFirstName":"Katrisse","memberLastName":"Sobolewska","providerName":"MONTEFERRANTE, MARK L.","claimTotalAmount":"462.00","memberDOB":"07/11/1993","productCategory":"MEDICAL","patientLiabilityAmount":"30"}]},{"index":"36","eobDocumentNumber":"05081606422424951406","eobStatementDate":"05/05/2016","eobClaimDetails":[{"claimNumber":"611818975400","fromDateOfService":"04/22/2016","toDateOfService":"04/22/2016","memberFirstName":"Saisavithri","memberLastName":"Sobolewska","providerName":"LABCORP OF AMERICA HOLDINGS","claimTotalAmount":"473.00","memberDOB":"02/14/1957","productCategory":"MEDICAL","patientLiabilityAmount":"16.39"},{"claimNumber":"612310680500","fromDateOfService":"04/21/2016","toDateOfService":"04/21/2016","memberFirstName":"Ebrahimi","memberLastName":"Sobolewska","providerName":"NOREUIL, TODD O.","claimTotalAmount":"250.00","memberDOB":"09/26/1958","productCategory":"MEDICAL","patientLiabilityAmount":"30"}]},{"index":"37","eobDocumentNumber":"05011611103738820091","eobStatementDate":"04/25/2016","eobClaimDetails":[{"claimNumber":"610618705900","fromDateOfService":"04/13/2016","toDateOfService":"04/13/2016","memberFirstName":"Katrisse","memberLastName":"Sobolewska","providerName":"KHETAN, SHISHIR K.","claimTotalAmount":"373.00","memberDOB":"07/11/1993","productCategory":"MEDICAL","patientLiabilityAmount":"30"}]},{"index":"38","eobDocumentNumber":"04241606572223454819","eobStatementDate":"04/21/2016","eobClaimDetails":[{"claimNumber":"611010512000","fromDateOfService":"04/13/2016","toDateOfService":"04/13/2016","memberFirstName":"Katrisse","memberLastName":"Sobolewska","providerName":"LABCORP OF AMERICA HOLDINGS","claimTotalAmount":"113.00","memberDOB":"07/11/1993","productCategory":"MEDICAL","patientLiabilityAmount":"4.96"}]},{"index":"39","eobDocumentNumber":"04171607181212735591","eobStatementDate":"04/14/2016","eobClaimDetails":[{"claimNumber":"610216048800","fromDateOfService":"04/07/2016","toDateOfService":"04/07/2016","memberFirstName":"Ebrahimi","memberLastName":"Sobolewska","providerName":"LABCORP OF AMERICA HOLDINGS","claimTotalAmount":"195.00","memberDOB":"09/26/1958","productCategory":"MEDICAL","patientLiabilityAmount":"5.96"}]},{"index":"40","eobDocumentNumber":"04031607203838615456","eobStatementDate":"03/28/2016","eobClaimDetails":[{"claimNumber":"608990131000","fromDateOfService":"03/25/2016","toDateOfService":"03/25/2016","memberFirstName":"Joidon","memberLastName":"Sobolewska","providerName":"ZANER, ROBERT L.","claimTotalAmount":"130.00","memberDOB":"05/20/1991","productCategory":"DENTAL","patientLiabilityAmount":"25"},{"claimNumber":"606050593100","fromDateOfService":"11/09/2015","toDateOfService":"11/09/2015","memberFirstName":"Ebrahimi","memberLastName":"Sobolewska","providerName":"ZANER, ROBERT L.","claimTotalAmount":"1200.00","memberDOB":"09/26/1958","productCategory":"DENTAL","patientLiabilityAmount":"494"}]},{"index":"41","eobDocumentNumber":"03271607112525612326","eobStatementDate":"03/23/2016","eobClaimDetails":[{"claimNumber":"607818707100","fromDateOfService":"03/16/2016","toDateOfService":"03/16/2016","memberFirstName":"Ebrahimi","memberLastName":"Sobolewska","providerName":"KHETAN, SHISHIR K.","claimTotalAmount":"286.00","memberDOB":"09/26/1958","productCategory":"MEDICAL","patientLiabilityAmount":"20"},{"claimNumber":"60821A240000","fromDateOfService":"03/16/2016","toDateOfService":"03/16/2016","memberFirstName":"Ebrahimi","memberLastName":"Sobolewska","providerName":"NOREUIL, TODD O.","claimTotalAmount":"250.00","memberDOB":"09/26/1958","productCategory":"MEDICAL","patientLiabilityAmount":"30"}]},{"index":"42","eobDocumentNumber":"03201607413738255671","eobStatementDate":"03/18/2016","eobClaimDetails":[{"claimNumber":"607619430300","fromDateOfService":"03/14/2016","toDateOfService":"03/14/2016","memberFirstName":"Joidon","memberLastName":"Sobolewska","providerName":"KHETAN, SHISHIR K.","claimTotalAmount":"203.00","memberDOB":"05/20/1991","productCategory":"MEDICAL","patientLiabilityAmount":"20"}]},{"index":"43","eobDocumentNumber":"03131608274747863199","eobStatementDate":"03/07/2016","eobClaimDetails":[{"claimNumber":"605618593000","fromDateOfService":"02/22/2016","toDateOfService":"02/22/2016","memberFirstName":"Joidon","memberLastName":"Sobolewska","providerName":"BROOKS, SARA E.","claimTotalAmount":"204.00","memberDOB":"05/20/1991","productCategory":"MEDICAL","patientLiabilityAmount":"30"}]},{"index":"44","eobDocumentNumber":"03061606481414740893","eobStatementDate":"02/29/2016","eobClaimDetails":[{"claimNumber":"605710446000","fromDateOfService":"02/22/2016","toDateOfService":"02/22/2016","memberFirstName":"Ebrahimi","memberLastName":"Sobolewska","providerName":"NOREUIL, TODD O.","claimTotalAmount":"585.00","memberDOB":"09/26/1958","productCategory":"MEDICAL","patientLiabilityAmount":"30"},{"claimNumber":"605018834200","fromDateOfService":"02/18/2016","toDateOfService":"02/18/2016","memberFirstName":"Ebrahimi","memberLastName":"Sobolewska","providerName":"KHETAN, SHISHIR K.","claimTotalAmount":"203.00","memberDOB":"09/26/1958","productCategory":"MEDICAL","patientLiabilityAmount":"20"},{"claimNumber":"605417557500","fromDateOfService":"02/18/2016","toDateOfService":"02/18/2016","memberFirstName":"Ebrahimi","memberLastName":"Sobolewska","providerName":"KHETAN, SHISHIR K.","claimTotalAmount":"1312.00","memberDOB":"09/26/1958","productCategory":"MEDICAL","patientLiabilityAmount":"10"},{"claimNumber":"604118271800","fromDateOfService":"02/08/2016","toDateOfService":"02/08/2016","memberFirstName":"Ebrahimi","memberLastName":"Sobolewska","providerName":"ROGSTAD, AMY S.","claimTotalAmount":"286.00","memberDOB":"09/26/1958","productCategory":"MEDICAL","patientLiabilityAmount":"0"}]},{"index":"45","eobDocumentNumber":"02281606465253472174","eobStatementDate":"02/22/2016","eobClaimDetails":[{"claimNumber":"604118271700","fromDateOfService":"02/08/2016","toDateOfService":"02/08/2016","memberFirstName":"Ebrahimi","memberLastName":"Sobolewska","providerName":"KHETAN, SHISHIR K.","claimTotalAmount":"567.00","memberDOB":"09/26/1958","productCategory":"MEDICAL","patientLiabilityAmount":"20"}]},{"index":"46","eobDocumentNumber":"02141606520404638828","eobStatementDate":"02/11/2016","eobClaimDetails":[{"claimNumber":"604190138900","fromDateOfService":"11/09/2015","toDateOfService":"11/09/2015","memberFirstName":"Ebrahimi","memberLastName":"Sobolewska","providerName":"ZANER, ROBERT L.","claimTotalAmount":"1200.00","memberDOB":"09/26/1958","productCategory":"DENTAL","patientLiabilityAmount":"0"}]},{"index":"47","eobDocumentNumber":"01241608322828658147","eobStatementDate":"01/21/2016","eobClaimDetails":[{"claimNumber":"601216443900","fromDateOfService":"01/08/2016","toDateOfService":"01/08/2016","memberFirstName":"Ebrahimi","memberLastName":"Sobolewska","providerName":"LABCORP OF AMERICA HOLDINGS","claimTotalAmount":"668.00","memberDOB":"09/26/1958","productCategory":"MEDICAL","patientLiabilityAmount":"0"}]},{"index":"48","eobDocumentNumber":"01171606571213284201","eobStatementDate":"01/11/2016","eobClaimDetails":[{"claimNumber":"600819463900","fromDateOfService":"12/30/2015","toDateOfService":"12/30/2015","memberFirstName":"Joidon","memberLastName":"Sobolewska","providerName":"POLIN, SANDRA A.","claimTotalAmount":"243.00","memberDOB":"05/20/1991","productCategory":"MEDICAL","patientLiabilityAmount":"82.05"},{"claimNumber":"536519149000","fromDateOfService":"12/29/2015","toDateOfService":"12/29/2015","memberFirstName":"Joidon","memberLastName":"Sobolewska","providerName":"PAPPAS, SUSAN D.","claimTotalAmount":"203.00","memberDOB":"05/20/1991","productCategory":"MEDICAL","patientLiabilityAmount":"59.66"}]},{"index":"49","eobDocumentNumber":"12281512282728013129","eobStatementDate":"12/22/2015","eobClaimDetails":[{"claimNumber":"534916260200","fromDateOfService":"12/14/2015","toDateOfService":"12/14/2015","memberFirstName":"Katrisse","memberLastName":"Sobolewska","providerName":"PARK, YUN J.","claimTotalAmount":"334.00","memberDOB":"07/11/1993","productCategory":"MEDICAL","patientLiabilityAmount":"127.64"}]},{"index":"50","eobDocumentNumber":"12061507362526133951","eobStatementDate":"11/30/2015","eobClaimDetails":[{"claimNumber":"531450426100","fromDateOfService":"10/20/2015","toDateOfService":"10/20/2015","memberFirstName":"Ebrahimi","memberLastName":"Sobolewska","providerName":"ZANER, ROBERT L.","claimTotalAmount":"950.00","memberDOB":"09/26/1958","productCategory":"DENTAL","patientLiabilityAmount":"417.5"}]},{"index":"51","eobDocumentNumber":"11191506260506247925","eobStatementDate":"11/12/2015","eobClaimDetails":[{"claimNumber":"531590131700","fromDateOfService":"11/09/2015","toDateOfService":"11/09/2015","memberFirstName":"Ebrahimi","memberLastName":"Sobolewska","providerName":"ZANER, ROBERT L.","claimTotalAmount":"1200.00","memberDOB":"09/26/1958","productCategory":"DENTAL","patientLiabilityAmount":"0"}]},{"index":"52","eobDocumentNumber":"11141502295050658275","eobStatementDate":"11/06/2015","eobClaimDetails":[{"claimNumber":"530890137700","fromDateOfService":"11/02/2015","toDateOfService":"11/02/2015","memberFirstName":"Ebrahimi","memberLastName":"Sobolewska","providerName":"ZANER, ROBERT L.","claimTotalAmount":"925.00","memberDOB":"09/26/1958","productCategory":"DENTAL","patientLiabilityAmount":"164.6"}]},{"index":"53","eobDocumentNumber":"11021503475252758619","eobStatementDate":"10/26/2015","eobClaimDetails":[{"claimNumber":"529518722100","fromDateOfService":"10/21/2015","toDateOfService":"10/21/2015","memberFirstName":"Katrisse","memberLastName":"Sobolewska","providerName":"KHETAN, SHISHIR K.","claimTotalAmount":"203.00","memberDOB":"07/11/1993","productCategory":"MEDICAL","patientLiabilityAmount":"130.18"},{"claimNumber":"529518723100","fromDateOfService":"10/21/2015","toDateOfService":"10/21/2015","memberFirstName":"Saisavithri","memberLastName":"Sobolewska","providerName":"KHETAN, SHISHIR K.","claimTotalAmount":"286.00","memberDOB":"02/14/1957","productCategory":"MEDICAL","patientLiabilityAmount":"190.66"},{"claimNumber":"529518721300","fromDateOfService":"10/19/2015","toDateOfService":"10/19/2015","memberFirstName":"Ebrahimi","memberLastName":"Sobolewska","providerName":"ZIGLAR, LOUISA S.","claimTotalAmount":"286.00","memberDOB":"09/26/1958","productCategory":"MEDICAL","patientLiabilityAmount":"117.39"}]},{"index":"54","eobDocumentNumber":"11021503475252758612","eobStatementDate":"10/26/2015","eobClaimDetails":[{"claimNumber":"529690124900","fromDateOfService":"10/20/2015","toDateOfService":"10/20/2015","memberFirstName":"Ebrahimi","memberLastName":"Sobolewska","providerName":"ZANER, ROBERT L.","claimTotalAmount":"950.00","memberDOB":"09/26/1958","productCategory":"DENTAL","patientLiabilityAmount":"0"}]},{"index":"55","eobDocumentNumber":"12091304002222841906","eobStatementDate":"12/02/2013","eobClaimDetails":[{"claimNumber":"33301A339100","fromDateOfService":"07/17/2018","toDateOfService":"07/17/2018","memberFirstName":"Joidon","memberLastName":"Sobolewska","providerName":"KHETAN, SHISHIR K.","claimTotalAmount":"322.00","memberDOB":"05/20/1991","productCategory":"MEDICAL","patientLiabilityAmount":"20"},{"claimNumber":"333119162300","fromDateOfService":"07/17/2018","toDateOfService":"07/17/2018","memberFirstName":"Joidon","memberLastName":"Sobolewska","providerName":"KHETAN, SHISHIR K.","claimTotalAmount":"170.00","memberDOB":"05/20/1991","productCategory":"MEDICAL","patientLiabilityAmount":"11.78"}]}],"responseTime":349,"totalRecords":56,"responseContext":{"success":true,"guid":21088159,"responseTime":null}}
  }
}