{
  "request": {
    "path": "searchMemberClaims.json",
    "method": "post"
  },
  "responseContext": {
    "success": true,
    "guid": 19763176,
    "responseTime": 54
  },
  "response": {
    "status": 200,
    "data": {
      "totalResponsibility": 86873.27,
      "claims": [
        {
          "index": "0",
          "claimsProductCategory": "MED",
          "startDate": "06/12/2018",
          "endDate": "06/12/2018",
          "firstName": "Tobias",
          "lastName": "Diegomint",
          "reconciledPatientDateOfBirth": "01/05/1973",
          "servicingProviderName": "CUTLER, NAOMI P.",
          "processedDate": "06/12/2018",
          "paidDate": "06/13/2018",
          "claimStatusIndicatorValue": "Finalized",
          "totalChargeAmount": 1500,
          "totalAllowedAmount": 0,
          "totalPaidAmount": 0,
          "patientLiabilityAmount": 0,
          "claimNumber": "81630SA01500",
          "adjustedClaim": false,
          "drugClaim": false,
          "pediatricDentalClaim": false,
          "showClaim": true,
          "showEOBFlag": false,
          "eobDocumentNumber": null,
          "eobStatementDate": null,
          "showDHMOClaim": false,
          "showEncounterClaim": false,
          "deductibleAmountForClaim": 0,
          "coinsuranceAmountForClaim": 0,
          "copayAmountForClaim": 0,
          "groupId": "9906",
          "sourceSystem": "TZF",
          "labelValues": [
            "ghj"
          ],
          "notes": "Fhjkkb",
          "paidStatus": null,
          "receivedDate": "06/12/2018",
          "patientAccNumber": null
        },
        {
          "index": "1",
          "claimsProductCategory": "MED",
          "startDate": "06/12/2018",
          "endDate": "06/12/2018",
          "firstName": "Tobias",
          "lastName": "Diegomint",
          "reconciledPatientDateOfBirth": "01/05/1973",
          "servicingProviderName": "CUTLER, NAOMI P.",
          "processedDate": "06/12/2018",
          "paidDate": "06/13/2018",
          "claimStatusIndicatorValue": "Finalized",
          "totalChargeAmount": 1500,
          "totalAllowedAmount": 390.06,
          "totalPaidAmount": 390.06,
          "patientLiabilityAmount": 0,
          "claimNumber": "81630SB01300",
          "adjustedClaim": false,
          "drugClaim": false,
          "pediatricDentalClaim": false,
          "showClaim": true,
          "showEOBFlag": false,
          "eobDocumentNumber": null,
          "eobStatementDate": null,
          "showDHMOClaim": false,
          "showEncounterClaim": false,
          "deductibleAmountForClaim": 0,
          "coinsuranceAmountForClaim": 0,
          "copayAmountForClaim": 0,
          "groupId": "9906",
          "sourceSystem": "TZF",
          "labelValues": [
            "checking how more labels are shownaaa",
            "ghj",
            "check"
          ],
          "notes": "This balance reflects the amount you may owe your provider, however it will not reflect any payments",
          "paidStatus": null,
          "receivedDate": "06/12/2018",
          "patientAccNumber": null
        },
        {
          "index": "2",
          "claimsProductCategory": "DEN",
          "startDate": "04/05/2018",
          "endDate": "04/05/2018",
          "firstName": "Emersyn",
          "lastName": "Diegomint",
          "reconciledPatientDateOfBirth": "02/06/1980",
          "servicingProviderName": "COLEY, JAMES F.",
          "processedDate": "05/23/2018",
          "paidDate": "05/24/2018",
          "claimStatusIndicatorValue": "Finalized",
          "totalChargeAmount": 1500,
          "totalAllowedAmount": 0,
          "totalPaidAmount": 0,
          "patientLiabilityAmount": 1500,
          "claimNumber": "814302522200",
          "adjustedClaim": false,
          "drugClaim": false,
          "pediatricDentalClaim": false,
          "showClaim": true,
          "showEOBFlag": false,
          "eobDocumentNumber": null,
          "eobStatementDate": null,
          "showDHMOClaim": true,
          "showEncounterClaim": false,
          "deductibleAmountForClaim": 0,
          "coinsuranceAmountForClaim": 0,
          "copayAmountForClaim": 0,
          "groupId": "9906",
          "sourceSystem": "TZF",
          "labelValues": [
            "ghj",
            "check",
            "abcd",
            "def"
          ],
          "notes": "completed claim",
          "paidStatus": "Paid",
          "receivedDate": "05/23/2018",
          "patientAccNumber": null
        },
        {
          "index": "3",
          "claimsProductCategory": "MED",
          "startDate": "01/05/2018",
          "endDate": "01/05/2018",
          "firstName": "Tobias",
          "lastName": "Diegomint",
          "reconciledPatientDateOfBirth": "01/05/1973",
          "servicingProviderName": "CUTLER, NAOMI P.",
          "processedDate": "01/05/2018",
          "paidDate": "01/05/2018",
          "claimStatusIndicatorValue": "Finalized",
          "totalChargeAmount": 15000,
          "totalAllowedAmount": 13000,
          "totalPaidAmount": 4000,
          "patientLiabilityAmount": 9000,
          "claimNumber": "800500698700",
          "adjustedClaim": false,
          "drugClaim": false,
          "pediatricDentalClaim": false,
          "showClaim": true,
          "showEOBFlag": false,
          "eobDocumentNumber": null,
          "eobStatementDate": null,
          "showDHMOClaim": false,
          "showEncounterClaim": false,
          "deductibleAmountForClaim": 3000,
          "coinsuranceAmountForClaim": 3000,
          "copayAmountForClaim": 3000,
          "groupId": "9906",
          "sourceSystem": "TZF",
          "labelValues": [
            "ghj",
            "check",
            "abcd",
            "def"
          ],
          "notes": "Dg",
          "paidStatus": "Not Paid",
          "receivedDate": "01/05/2018",
          "patientAccNumber": null
        },
        {
          "index": "4",
          "claimsProductCategory": "DEN",
          "startDate": "11/01/2017",
          "endDate": "11/01/2017",
          "firstName": "Tobias",
          "lastName": "Diegomint",
          "reconciledPatientDateOfBirth": "01/05/1973",
          "servicingProviderName": "JOHN KELMENSON DDS LLC",
          "processedDate": "11/03/2017",
          "paidDate": "11/06/2017",
          "claimStatusIndicatorValue": "Finalized",
          "totalChargeAmount": 1000,
          "totalAllowedAmount": 0,
          "totalPaidAmount": 0,
          "patientLiabilityAmount": 1000,
          "claimNumber": "730645646500",
          "adjustedClaim": false,
          "drugClaim": false,
          "pediatricDentalClaim": false,
          "showClaim": true,
          "showEOBFlag": false,
          "eobDocumentNumber": null,
          "eobStatementDate": null,
          "showDHMOClaim": true,
          "showEncounterClaim": false,
          "deductibleAmountForClaim": 0,
          "coinsuranceAmountForClaim": 0,
          "copayAmountForClaim": 0,
          "groupId": "9906",
          "sourceSystem": "TZF",
          "labelValues": [],
          "notes": "This is to validate Dental claims",
          "paidStatus": "Paid",
          "receivedDate": "11/02/2017",
          "patientAccNumber": null
        },
        {
          "index": "5",
          "claimsProductCategory": "MED",
          "startDate": "08/29/2017",
          "endDate": "08/29/2017",
          "firstName": "Tobias",
          "lastName": "Diegomint",
          "reconciledPatientDateOfBirth": "01/05/1973",
          "servicingProviderName": "ARANDA E  MD",
          "processedDate": "08/29/2017",
          "paidDate": "08/31/2017",
          "claimStatusIndicatorValue": "Finalized",
          "totalChargeAmount": 2500,
          "totalAllowedAmount": 2500,
          "totalPaidAmount": 2500,
          "patientLiabilityAmount": 2500,
          "claimNumber": "72410VV34500",
          "adjustedClaim": false,
          "drugClaim": false,
          "pediatricDentalClaim": false,
          "showClaim": true,
          "showEOBFlag": false,
          "eobDocumentNumber": null,
          "eobStatementDate": null,
          "showDHMOClaim": false,
          "showEncounterClaim": false,
          "deductibleAmountForClaim": 0,
          "coinsuranceAmountForClaim": 0,
          "copayAmountForClaim": 0,
          "groupId": "9906",
          "sourceSystem": "TZF",
          "labelValues": [],
          "notes": "Ghjk",
          "paidStatus": "Paid",
          "receivedDate": "08/29/2017",
          "patientAccNumber": null
        },
        {
          "index": "6",
          "claimsProductCategory": "MED",
          "startDate": "08/29/2017",
          "endDate": "08/29/2017",
          "firstName": "Tobias",
          "lastName": "Diegomint",
          "reconciledPatientDateOfBirth": "01/05/1973",
          "servicingProviderName": "ARANDA E  MD",
          "processedDate": "08/29/2017",
          "paidDate": "08/31/2017",
          "claimStatusIndicatorValue": "Finalized",
          "totalChargeAmount": 750,
          "totalAllowedAmount": 0,
          "totalPaidAmount": 0,
          "patientLiabilityAmount": 750,
          "claimNumber": "72410VV34900",
          "adjustedClaim": false,
          "drugClaim": false,
          "pediatricDentalClaim": false,
          "showClaim": true,
          "showEOBFlag": false,
          "eobDocumentNumber": null,
          "eobStatementDate": null,
          "showDHMOClaim": false,
          "showEncounterClaim": false,
          "deductibleAmountForClaim": 0,
          "coinsuranceAmountForClaim": 0,
          "copayAmountForClaim": 0,
          "groupId": "9906",
          "sourceSystem": "TZF",
          "labelValues": [],
          "notes": "dffwa",
          "paidStatus": null,
          "receivedDate": "08/29/2017",
          "patientAccNumber": null
        }
      ],
      "totalRecords": 107,
      "responseContext": {
        "success": true,
        "guid": 20623622,
        "responseTime": 535
      }
    }
  }
}