{
    "request": {
        "path": "validateMemberRegistration.json",
        "method": "post"
    },
    "response": {
        "status": 200,
        "data": {
            "memberKey": {
                "subscriberId": "927155301",
                "dateOfBirth": "01/05/1973",
                "firstName": "DALTON",
                "lastName": "ADAMAIS",
                "relationship": "18",
                "gender": "M"
            },
            "responseContext": {
                "success": true,
                "guid": 20270634,
                "responseTime": 407
            }
        }
    }
}