{
    "request": {
        "path": "validateMemberRegistration.8.json",
        "method": "post"
    },
    "response": {
        "status": 200,
        "data": {
            "error": {
                "code": "009.001",
                "msg": "SBS Registration validation error"
            },
            "registrationValidationFlags": {
                "voidedMember": false,
                "termedInAllCoverages": false,
                "fepMember": false,
                "matchingMembersFound": false,
                "memberIdentified": false,
                "multMemberNamesFound": false,
                "validSourceSystemFound": false,
                "underAge": false,
                "memberIdDuplicated": false,
                "preActiveCoverage": false,
                "visionOnlyMember": true,
                "wellnessOnlyMember": false,
                "memberIdMismatch": false,
                "multipleMembersFound": false
            },
            "registrationEligibilityStatus": "CannotRegister",
            "responseContext": {
                "success": false,
                "guid": 7039337,
                "responseTime": -1
            }
        }
    }
}