{
    "request": {
        "path": "validateMemberRegistration3.json",
        "method": "post"
    },
    "response": {
        "status": 200,
        "data": {
            "memberKey": {
                "subscriberId": "905085075",
                "dateOfBirth": "01/01/1990",
                "firstName": "RUBY",
                "lastName": "PETER",
                "relationship": "01",
                "gender": "F"
            },
            "responseContext": {
                "success": true,
                "guid": 7071691,
                "responseTime": 14026
            }
        }
    }
}