{
    "request": {
        "path": "getOCSClaimDetails.json",
        "method": "get",
        "query": {
            "accountId": "CD.1111"
        }
    },
    "response": {
        "status": 200,
        "data": {
            "claimDetails": {
                "confirmationNumber": "LUCNO041118F6313",
                "contactName": "luc",
                "contactNumber": "898-089-0980",
                "patientInformation": {
                    "dateOfBirth": "09/26/1969",
                    "firstName": "LUCINE",
                    "lastName": "NOVOTNY JR",
                    "optionName": "LUCINE (09/26/1969)",
                    "memberIdentifier": "LUCINE|NOVOTNY JR|09/26/1969|F|18",
                    "relationshipCode": "18"
                },
                "providerInformation": {
                    "providerName": "Thrid Run",
                    "providerTaxId": "890898098",
                    "providerNPINumber": null,
                    "providerAddressLine1": "Mills run rd",
                    "providerAddressLine2": null,
                    "providerCity": "Owings Mills",
                    "providerState": "MD",
                    "providerZipCode": "21117"
                },
                "claimInformation": {
                    "accidentIndicator": false,
                    "dateOfAccident": null,
                    "accidentType": null,
                    "thirdPartyIndicator": null,
                    "totalChargeAmount": 0,
                    "claimProcessType": "C",
                    "claimLines": [
                        {
                            "lineIdentifier": 11445,
                            "lineNumber": "001",
                            "fromDate": "04/09/2018",
                            "thruDate": null,
                            "placeOfService": null,
                            "procedureCode": "D2345",
                            "diagnosisCode": null,
                            "noOfVisit": "012",
                            "providerCharge": 19.99,
                            "modifierCode": null,
                            "toothDetails": "23",
                            "areaOfMouth": null,
                            "toothSurface": "Buccal B"
                        }
                    ],
                    "claimReceipts": [
                        {
                            "receiptName": "hax copy.jpg",
                            "receiptIdentifier": "{9096B562-0000-C010-9A90-C691B6BABF46}",
                            "receiptSize": 135944
                        },
                        {
                            "receiptName": "hax copy.jpg",
                            "receiptIdentifier": "{B096B562-0000-CB1D-859A-20E2E28297A5}",
                            "receiptSize": 135944
                        },
                        {
                            "receiptName": "hax copy.jpg",
                            "receiptIdentifier": "{0098B562-0100-C88F-B60D-4C3D96CEF12D}",
                            "receiptSize": 135944
                        },
                        {
                            "receiptName": "hax copy.jpg",
                            "receiptIdentifier": "{7098B562-0000-CE1C-95EF-047CDBE1BA36}",
                            "receiptSize": 135944
                        },
                        {
                            "receiptName": "1_AR_Pages.pdf",
                            "receiptIdentifier": "{20A9B562-0000-C61D-A851-4DD1D73FB30F}",
                            "receiptSize": 1124125
                        },
                        {
                            "receiptName": "1_AR_Pages.pdf",
                            "receiptIdentifier": "{70A9B562-0000-C01A-AA32-1135A1B62458}",
                            "receiptSize": 1124125
                        },
                        {
                            "receiptName": "1_AR_Pages.pdf",
                            "receiptIdentifier": "{70AAB562-0000-CC18-96B0-0D81E38F1CA9}",
                            "receiptSize": 1124125
                        },
                        {
                            "receiptName": "1_AR_Pages.pdf",
                            "receiptIdentifier": "{70B8B562-0000-C815-AB16-1C13BE41BDB1}",
                            "receiptSize": 1124125
                        },
                        {
                            "receiptName": "1_AR_Pages.pdf",
                            "receiptIdentifier": "{B0B8B562-0000-C715-9CCD-A75165741394}",
                            "receiptSize": 1124125
                        },
                        {
                            "receiptName": "1_AR_Pages.pdf",
                            "receiptIdentifier": "{D0B8B562-0000-CF15-BC7E-5C9227F9A843}",
                            "receiptSize": 1124125
                        },
                        {
                            "receiptName": "1_AR_Pages.pdf",
                            "receiptIdentifier": "{E0B8B562-0000-C416-ACCF-79CD5A4574BE}",
                            "receiptSize": 1124125
                        },
                        {
                            "receiptName": "1_AR_Pages.pdf",
                            "receiptIdentifier": "{00B9B562-0000-C918-8D8A-757E2D8037B7}",
                            "receiptSize": 1124125
                        },
                        {
                            "receiptName": "1_AR_Pages.pdf",
                            "receiptIdentifier": "{10B9B562-0000-C41B-A774-9373F0FE5214}",
                            "receiptSize": 1124125
                        },
                        {
                            "receiptName": "1_AR_Pages.pdf",
                            "receiptIdentifier": "{20B9B562-0000-C71F-85B8-2F1BC272312A}",
                            "receiptSize": 1124125
                        },
                        {
                            "receiptName": "1_AR_Pages.pdf",
                            "receiptIdentifier": "{40B9B562-0000-CD15-ADE2-6C6AF8C13A8A}",
                            "receiptSize": 1124125
                        },
                        {
                            "receiptName": "1_AR_Pages.pdf",
                            "receiptIdentifier": "{50B9B562-0000-C712-811B-58882E88D231}",
                            "receiptSize": 1124125
                        },
                        {
                            "receiptName": "1_AR_Pages.pdf",
                            "receiptIdentifier": "{70B9B562-0000-C41E-8E0A-5A40994279CC}",
                            "receiptSize": 1124125
                        },
                        {
                            "receiptName": "1_AR_Pages.pdf",
                            "receiptIdentifier": "{80B9B562-0000-CB13-8A0F-87E3E4B41926}",
                            "receiptSize": 1124125
                        },
                        {
                            "receiptName": "1_AR_Pages.pdf",
                            "receiptIdentifier": "{30BBB562-0000-C71D-B953-ECB93D4C9C2E}",
                            "receiptSize": 1124125
                        },
                        {
                            "receiptName": "1_AR_Pages.pdf",
                            "receiptIdentifier": "{80BBB562-0000-C919-8123-1F17EB4FBE07}",
                            "receiptSize": 1124125
                        }
                    ],
                    "dentalInsuranceDtls": {
                        "otherDentalInsuranceCovered": false,
                        "insuranceName": null,
                        "policyHolderName": null,
                        "policyIdNumber": null
                    },
                    "orthodonticTreatmentDtls": {
                        "orthodonticTreatmentIncluded": false,
                        "initialTreatment": null,
                        "dateOfTreatment": null,
                        "lengthOfTreatment": "null",
                        "totalCharges": null
                    },
                    "otherDentalSrvDtls": {
                        "prosthesisReplaced": false,
                        "dateOfService": null,
                        "reasonForReplacement": null,
                        "otherReasonForReplacement": null
                    },
                    "authorizeToProcess": null,
                    "assignmentOfPayment": null
                },
                "claimType": "M"
            },
            "responseContext": {
                "success": true,
                "guid": 19912288,
                "responseTime": 13
            }
        
        }
    }
}