{
    "request": {
        "path": "getOCSSavedSubmittedClaims.json",
        "method": "get",
        "query": {
            "accountId": "CD.1111"
        }
    },
    "response": {
        "status": 200,
        "data": {
            "claimsInformation": {
                "totalClaimsCount": 0,
                "claimsDetails": [
                    {
                        "claimsCount": 2,
                        "claimSearchType": "submitted",
                        "claims": [
                            {
                                "confirmationNumber": "LUCNO040418F3496",
                                "lastModifiedDate": "04/04/2018",
                                "patientDisplayName": "LUCINE (09/26/1969)",
                                "providerDisplayName": "abc",
                                "submittedDate": "20/3/2014",
                                "finalPDFIdentifier": null,
                                "claimType": "M"
                            },
                            {
                                "confirmationNumber": "LUCNO040318F3494",
                                "lastModifiedDate": "04/04/2018",
                                "patientDisplayName": "LUCINE (09/26/1969)",
                                "providerDisplayName": "abc",
                                "submittedDate": "20/3/2014",
                                "finalPDFIdentifier": null,
                                "claimType": "M"
                            },
                            {
                                "confirmationNumber": "LUCNO040318F3494",
                                "lastModifiedDate": "04/04/2018",
                                "patientDisplayName": "LUCINE (09/26/1969)",
                                "providerDisplayName": "abc",
                                "submittedDate": "20/3/2014",
                                "finalPDFIdentifier": null,
                                "claimType": "D"
                            },
                            {
                                "confirmationNumber": "LUCNO040318F3494",
                                "lastModifiedDate": "04/04/2018",
                                "patientDisplayName": "LUCINE (09/26/1969)",
                                "providerDisplayName": "abc",
                                "submittedDate": "20/3/2014",
                                "finalPDFIdentifier": null,
                                "claimType": "D"
                            },
                            {
                                "confirmationNumber": "LUCNO040318F3494",
                                "lastModifiedDate": "04/04/2018",
                                "patientDisplayName": "LUCINE (09/26/1969)",
                                "providerDisplayName": "abc",
                                "submittedDate": "20/3/2014",
                                "finalPDFIdentifier": null,
                                "claimType": "D"
                            }
                        ]
                    }
                ]
            },
            "responseContext": {
                "success": true,
                "guid": 19660472,
                "responseTime": 816
            }
        }
    }
}