{
    "request": {
        "path": "getOCSCodesandDescriptions.json",
        "method": "get",
        "query": {
            "accountId": "CD.1111"
        }
    },
    "response": {
        "status": 200,
        "data": {
            "claimOptions": [
                {
                  "responseRecordType": "accidentTypes",
                  "codeDescriptionList": [
                    {
                      "code": "Auto accident",
                      "description": "Auto accident"
                    },
                    {
                      "code": "Accidental injury",
                      "description": "Accidental injury"
                    },
                    {
                      "code": "Work related accident",
                      "description": "Work related accident"
                    }
                  ]
                },
                {
                  "responseRecordType": "providerIdTypes",
                  "codeDescriptionList": [
                    {
                      "code": "NPI number",
                      "description": "NPI number"
                    },
                    {
                      "code": "Provider number",
                      "description": "Provider number"
                    },
                    {
                      "code": "Tax Id",
                      "description": "Tax Id"
                    }
                  ]
                },
                {
                  "responseRecordType": "placeOfServices",
                  "codeDescriptionList": [
                    {
                      "code": "Home",
                      "description": "Home"
                    },
                    {
                      "code": "Office",
                      "description": "Office"
                    },
                    {
                      "code": "Outpatient",
                      "description": "Outpatient"
                    },
                    {
                      "code": "Lab",
                      "description": "Lab"
                    },
                    {
                      "code": "Pharmacy",
                      "description": "Pharmacy"
                    }
                  ]
                },
                {
                  "responseRecordType": "reasonForReplacement",
                  "codeDescriptionList": [
                    {
                      "code": "Lost",
                      "description": "Lost"
                    },
                    {
                      "code": "Damaged",
                      "description": "Damaged"
                    },
                    {
                      "code": "Other",
                      "description": "Other"
                    }
                  ]
                },
                {
                  "responseRecordType": "toothSurface",
                  "codeDescriptionList": [
                    {
                      "code": "Buccal (B)",
                      "description": "Buccal (B)"
                    },
                    {
                      "code": "Distal (D)",
                      "description": "Distal (D)"
                    },
                    {
                      "code": "Facial/Labial (F)",
                      "description": "Facial/Labial (F)"
                    },
                    {
                      "code": "Incisal (I)",
                      "description": "Incisal (I)"
                    },
                    {
                      "code": "Lingual (L)",
                      "description": "Lingual (L)"
                    },
                    {
                      "code": "Mesial (M)",
                      "description": "Mesial (M)"
                    },
                    {
                      "code": "Occlusal (O)",
                      "description": "Occlusal (O)"
                    }
                  ]
                },
                {
                  "responseRecordType": "areaOfMouth",
                  "codeDescriptionList": [
                    {
                      "code": "Maxillary/Upper Arch (01)",
                      "description": "Maxillary/Upper Arch (01)"
                    },
                    {
                      "code": "Mandibular/Lower Arch(02)",
                      "description": "Mandibular/Lower Arch(02)"
                    },
                    {
                      "code": "Upper Right Quadrant (10)",
                      "description": "Upper Right Quadrant (10)"
                    },
                    {
                      "code": "Lower Left Quadrant (30)",
                      "description": "Lower Left Quadrant (30)"
                    },
                    {
                      "code": "Upper Left Quadrant (20)",
                      "description": "Upper Left Quadrant (20)"
                    },
                    {
                      "code": "Lower Right Quadrant (40)",
                      "description": "Lower Right Quadrant (40)"
                    }
                  ]
                }
              ],
              "responseContext": {
                "success": true,
                "guid": 21058773,
                "responseTime": 5
              }
        }
    }
}