{
    "request": {
        "path": "getOCSMemberOptions.json",
        "method": "get",
        "query": {
            "accountId": "CD.1111"
        }
    },
    "response": {
        "status": 200,
        "data": {
            "ocsMemberOptions": [
                {
                    "dateOfBirth": "09/26/1969",
                    "firstName": "LUCINE",
                    "lastName": "NOVOTNY JR",
                    "optionName": "LUCINE (09/26/1969)",
                    "memberIdentifier": "LUCINE|NOVOTNY JR|09/26/1969|F|18",
                    "relationshipCode": "18"
                },
                {
                    "dateOfBirth": "04/24/1972",
                    "firstName": "WORBAL",
                    "lastName": "NOVOTNY JR",
                    "optionName": "WORBAL (04/24/1972)",
                    "memberIdentifier": "WORBAL|NOVOTNY JR|04/24/1972|M|01",
                    "relationshipCode": "01"
                },
                {
                    "dateOfBirth": "04/30/2001",
                    "firstName": "RUVY",
                    "lastName": "NOVOTNY JR",
                    "optionName": "RUVY (04/30/2001)",
                    "memberIdentifier": "RUVY|NOVOTNY JR|04/30/2001|F|19",
                    "relationshipCode": "19"
                },
                {
                    "dateOfBirth": "06/25/2005",
                    "firstName": "FANTU",
                    "lastName": "NOVOTNY JR",
                    "optionName": "FANTU (06/25/2005)",
                    "memberIdentifier": "FANTU|NOVOTNY JR|06/25/2005|M|19",
                    "relationshipCode": "19"
                }
            ],
            "responseContext": {
                "success": true,
                "guid": 19660472,
                "responseTime": 816
            }
        }
    }
}