{
    "request": {
        "path": "getOCSSavedSubmittedClaims.1.json",
        "method": "get",
        "query": {
            "accountId": "CD.11111"
        }
    },
    "response": {
        "status": 200,
        "data": {
            "claimsInformation": {
                "totalClaimsCount": 22,
                "claimsDetails": [
                    {
                        "claimsCount": 6,
                        "claimSearchType": "saved",
                        "claims": [
                            {
                                "confirmationNumber": "AVRPA050917F1725",
                                "lastModifiedDate": "05/09/2017",
                                "patientDisplayName": "AVRIE (09/02/1981)",
                                "providerDisplayName": "asdasdas",
                                "submittedDate": null,
                                "finalPDFIdentifier": null,
                                "claimType": "M"
                            },
                            {
                                "confirmationNumber": "NACPA050917F1724",
                                "lastModifiedDate": "05/09/2017",
                                "patientDisplayName": "NACHIAPPAN (09/12/1976)",
                                "providerDisplayName": "skhdsa",
                                "submittedDate": null,
                                "finalPDFIdentifier": null,
                                "claimType": "M"
                            },
                            {
                                "confirmationNumber": "AVRPA050917F1723",
                                "lastModifiedDate": "05/09/2017",
                                "patientDisplayName": "AVRIE (09/02/1981)",
                                "providerDisplayName": "asdfsdfsd",
                                "submittedDate": null,
                                "finalPDFIdentifier": null,
                                "claimType": "D"
                            },
                            {
                                "confirmationNumber": "AVRPA050817F1721",
                                "lastModifiedDate": "05/08/2017",
                                "patientDisplayName": "AVRIE (09/02/1981)",
                                "providerDisplayName": "adsa",
                                "submittedDate": null,
                                "finalPDFIdentifier": null,
                                "claimType": "M"
                            },
                            {
                                "confirmationNumber": "NACPA050817F1720",
                                "lastModifiedDate": "05/08/2017",
                                "patientDisplayName": "NACHIAPPAN (09/12/1976)",
                                "providerDisplayName": "sdfg",
                                "submittedDate": null,
                                "finalPDFIdentifier": null,
                                "claimType": "M"
                            },
                            {
                                "confirmationNumber": "AVRPA050817F1719",
                                "lastModifiedDate": "05/08/2017",
                                "patientDisplayName": "AVRIE (09/02/1981)",
                                "providerDisplayName": "egrjhw",
                                "submittedDate": null,
                                "finalPDFIdentifier": null,
                                "claimType": "M"
                            }
                        ]
                    },
                    {
                        "claimsCount": 16,
                        "claimSearchType": "submitted",
                        "claims": [
                            {
                                "confirmationNumber": "NACPA050917F1722",
                                "lastModifiedDate": "05/09/2017",
                                "patientDisplayName": "NACHIAPPAN (09/12/1976)",
                                "providerDisplayName": "sfsdfgd",
                                "submittedDate": "05/09/2017",
                                "finalPDFIdentifier": "{D06DEC5B-0000-CC20-9AAE-9FAF19BD0702}",
                                "claimType": "M"
                            },
                            {
                                "confirmationNumber": "AVRPA012717F1691",
                                "lastModifiedDate": "02/07/2017",
                                "patientDisplayName": "AVRIE (09/02/1981)",
                                "providerDisplayName": "ertertert",
                                "submittedDate": "02/07/2017",
                                "finalPDFIdentifier": "{BE0D7221-3142-4F4F-A20A-58F6CDA42869}",
                                "claimType": "D"
                            },
                            {
                                "confirmationNumber": "CRIPA012417F1671",
                                "lastModifiedDate": "02/07/2017",
                                "patientDisplayName": "CRISOLOGO (06/11/2011)",
                                "providerDisplayName": "asdasd",
                                "submittedDate": "02/07/2017",
                                "finalPDFIdentifier": "{B80ADE67-24A8-49B8-98E3-A7885FA10E92}",
                                "claimType": "D"
                            },
                            {
                                "confirmationNumber": "AVRPA012717F1688",
                                "lastModifiedDate": "02/07/2017",
                                "patientDisplayName": "NACHIAPPAN (09/12/1976)",
                                "providerDisplayName": "dksjfhkjsdh",
                                "submittedDate": "02/07/2017",
                                "finalPDFIdentifier": "{1AB307A7-CAC7-414A-961A-BC52AA51D215}",
                                "claimType": "M"
                            },
                            {
                                "confirmationNumber": "CRIPA012717F1689",
                                "lastModifiedDate": "02/02/2017",
                                "patientDisplayName": "CRISOLOGO (06/11/2011)",
                                "providerDisplayName": "etertre",
                                "submittedDate": "01/27/2017",
                                "finalPDFIdentifier": "{4D9A1D54-836F-4182-BD18-022788CF0064}",
                                "claimType": "M"
                            },
                            {
                                "confirmationNumber": "NACPA012717F1690",
                                "lastModifiedDate": "02/02/2017",
                                "patientDisplayName": "NACHIAPPAN (09/12/1976)",
                                "providerDisplayName": "adsa",
                                "submittedDate": "01/27/2017",
                                "finalPDFIdentifier": "{CBAA939E-B7BC-420E-9E86-622F1B930E6F}",
                                "claimType": "D"
                            },
                            {
                                "confirmationNumber": "AVRPA012417F1672",
                                "lastModifiedDate": "02/02/2017",
                                "patientDisplayName": "AVRIE (09/02/1981)",
                                "providerDisplayName": "sgret",
                                "submittedDate": "01/27/2017",
                                "finalPDFIdentifier": "{0A30B25C-DB0D-4D11-AEC2-A61003F58E77}",
                                "claimType": "D"
                            },
                            {
                                "confirmationNumber": "AVRPA012717F1687",
                                "lastModifiedDate": "02/02/2017",
                                "patientDisplayName": "AVRIE (09/02/1981)",
                                "providerDisplayName": "weyrtweyr",
                                "submittedDate": "01/27/2017",
                                "finalPDFIdentifier": "{C6C5936E-5FA2-45A2-8BD1-99DBFF0FAA61}",
                                "claimType": "M"
                            },
                            {
                                "confirmationNumber": "AVRPA012717F1686",
                                "lastModifiedDate": "02/02/2017",
                                "patientDisplayName": "AVRIE (09/02/1981)",
                                "providerDisplayName": "kajfgkseg",
                                "submittedDate": "01/27/2017",
                                "finalPDFIdentifier": "{CF1F7599-0EF4-4F65-A955-82B0544310C0}",
                                "claimType": "M"
                            },
                            {
                                "confirmationNumber": "CRIPA011317F1667",
                                "lastModifiedDate": "01/19/2017",
                                "patientDisplayName": "CRISOLOGO (06/11/2011)",
                                "providerDisplayName": "ajkhrfsjkeghr",
                                "submittedDate": "01/19/2017",
                                "finalPDFIdentifier": "{0C0FC43C-BBD6-4FF4-9C07-B8C41F4027B9}",
                                "claimType": "M"
                            },
                            {
                                "confirmationNumber": "AVRPA011217F1659",
                                "lastModifiedDate": "01/19/2017",
                                "patientDisplayName": "AVRIE (09/02/1981)",
                                "providerDisplayName": "jkakakl",
                                "submittedDate": "01/19/2017",
                                "finalPDFIdentifier": "{B2B7A436-EBE7-403D-9595-8012F2ABD8DA}",
                                "claimType": "M"
                            },
                            {
                                "confirmationNumber": "NACPA011317F1668",
                                "lastModifiedDate": "01/19/2017",
                                "patientDisplayName": "NACHIAPPAN (09/12/1976)",
                                "providerDisplayName": "ajkdg",
                                "submittedDate": "01/19/2017",
                                "finalPDFIdentifier": "{2E06107E-DBE4-4F97-8AE6-F2E0159154E7}",
                                "claimType": "D"
                            },
                            {
                                "confirmationNumber": "AVRPA011217F1666",
                                "lastModifiedDate": "01/19/2017",
                                "patientDisplayName": "AVRIE (09/02/1981)",
                                "providerDisplayName": "ywetuw wuert",
                                "submittedDate": "01/19/2017",
                                "finalPDFIdentifier": "{9C04761B-1A85-45FC-BD4D-F05BD1D02203}",
                                "claimType": "M"
                            },
                            {
                                "confirmationNumber": "AVRPA011217F1665",
                                "lastModifiedDate": "01/19/2017",
                                "patientDisplayName": "AVRIE (09/02/1981)",
                                "providerDisplayName": "jhegrjhweg%",
                                "submittedDate": "01/19/2017",
                                "finalPDFIdentifier": "{7976A149-EB22-4595-A1EF-A1737B90CB54}",
                                "claimType": "D"
                            },
                            {
                                "confirmationNumber": "CRIPA011217F1664",
                                "lastModifiedDate": "01/12/2017",
                                "patientDisplayName": "CRISOLOGO (06/11/2011)",
                                "providerDisplayName": "jrtwejryt&*^*&^*^",
                                "submittedDate": "01/12/2017",
                                "finalPDFIdentifier": "{638C5BA6-455D-4379-9DBE-C254B85D041D}",
                                "claimType": "D"
                            },
                            {
                                "confirmationNumber": "AVRPA011217F1663",
                                "lastModifiedDate": "01/12/2017",
                                "patientDisplayName": "AVRIE (09/02/1981)",
                                "providerDisplayName": "erwty%",
                                "submittedDate": "01/12/2017",
                                "finalPDFIdentifier": "{511EF0C6-BE32-4C2B-A76A-F77030C9BA9B}",
                                "claimType": "D"
                            }
                        ]
                    }
                ]
            },
            "responseContext": {
                "success": true,
                "guid": 13932930,
                "responseTime": 264
            }
        }
    }
}