{  
    "request": {
      "path": "uploadOCSClaimAttachment.json",
      "method": "post"      
    },
    "response": {
      "status": 200,
      "data": {
        "claimReceipt": {
          "receiptName": "submitted_Claim_MosWeb_Bias123.PNG",
          "receiptIdentifier": "{90C92263-0000-C418-A680-1463AE7FE152}",
          "receiptSize": 804720
        },
        "responseContext": {
          "success": true,
          "guid": 19908863,
          "responseTime": 3366
        }
      }
    }
  }