{
    "comment": "Get Experian Links",
    "request": {
        "path": "getExperianLinks.json",
        "method": "get"
    },
    "response": {
        "status": 200,
        "data": {
            "experianLinks": [
                {
                    "linkType": "Individual",
                    "link": "https://www.protectmyid.com/carefirstbcbs"
                },
                {
                    "linkType": "Family",
                    "link": "https://www.familysecure.com/carefirstbcbs"
                }
            ],
            "responseContext": {
                "success": true,
                "guid": 19748126,
                "responseTime": 2
            }
        }
    }
}