{
  "request": {
    "path": "getMemberCommunicationInfo.json",
    "method": "get",
    "query": {
      "accountId": "CD.1111"
    }
  },
  "response": {
    "status": 200,
    "data": {
      "communicationAndConsentDetails": {
        "emailCommunicationInfo": {
          "attentionNeeded": true,
          "primaryEmailInfo": {
            "emailSet": true,
            "emailAddress": "NONE@CAREFIRST.COM",
            "emailStatusCode": "Unconfirmed"
          },
          "secondaryEmailInfo": {
            "emailSet": true,
            "emailAddress": "AAA0803@CAREFIRST.COM",
            "emailStatusCode": "Unconfirmed"
          }
        },
        "phoneCommunicationInfo": {
          "mostRecentPhoneInfo": {
            "phoneNoSet": true,
            "phoneNo": "12345678880",
            "phoneNoStatusCode": "Unconfirmed"
          },
          "activePhoneInfo": {
            "phoneNoSet": true,
            "phoneNo": "12345678890",
            "phoneNoStatusCode": "Unconfirmed"
          }
        },
        "eCommunicationConsentInfo": {
          "consentIndicator": "Y",
          "phoneConsentIndicator": "Y",
          "consentSet": true,
          "consentEffectiveDate": "11/03/2017",
          "phoneConsentEffectiveDate": "11/03/2017",
          "phoneNumber": null,
          "granularConsents": [
            {
              "consentType": "NEWS",
              "consentName": "Newsletters & Announcements",
              "consentDescription": "Select  Newsletters  to receive newsletters, periodicals, and announcements from CareFirst electronically",
              "consentSet": true,
              "emailConsentValue": true,
              "smsConsentValue": false,
              "pushConsentValue": false,
              "showEmailConsent": true,
              "showSmsConsent": true,
              "showPushConsent": true
            },
            {
              "consentType": "PLAN",
              "consentName": "Plan & Product Services",
              "consentDescription": "Select Plan  Services to receive information on CareFirst programs and services that may be of interest to you",
              "consentSet": true,
              "emailConsentValue": true,
              "smsConsentValue": false,
              "pushConsentValue": false,
              "showEmailConsent": true,
              "showSmsConsent": true,
              "showPushConsent": true
            }
          ]
        }
      },
      "responseContext": {
        "success": true,
        "guid": 20651500,
        "responseTime": 203
      }
    }
  }
}