{
    "request": {
        "path": "searchMemberContracts.json",
        "query" : {
            "period" : "all"
        }
    },
    "response": {
        "status": 200,
        "delay" : 5000,
        "data": {
            "contracts": [
                {
                    "contractIdentifier": "CFC80587-89CD-4090-A8A9-9826F2935307",
                    "contractName": "CF_Medicare-DiscEnd_05092013_1500_904153646_00_182_FISERV.pdf",
                    "dateLastModified": "08/06/2013",
                    "datePublished": "05/10/2013",
                    "dateEff": "05/10/2013",
                    "dateEnd": "05/10/2013",
                    "documentType": "2017 Contracts Member"
                },
                {
                    "contractIdentifier": "CFC80587-89CD-4090-A8A9-9826F2935308",
                    "contractName": "CF_Medicare-DiscEnd_05092013_1500_904153646_00_183_FISERV.pdf",
                    "dateLastModified": "09/06/2013",
                    "datePublished": "06/10/2013",
                    "dateEff": "06/10/2013",
                    "dateEnd": "06/10/2013",
                    "documentType": "2018 Contracts Member"
                },
                {
                    "contractIdentifier": "CFC80587-89CD-4090-A8A9-9826F2935308",
                    "contractName": "CF_Medicare-DiscEnd_05092013_1500_904153646_00_183_FISERV.pdf",
                    "dateLastModified": "09/06/2013",
                    "datePublished": "06/10/2013",
                    "dateEff": "06/10/2013",
                    "dateEnd": "06/10/2013",
                    "documentType": "2018 Contracts Member"
                }
            ],
            "totalRecords": 3,
            "responseContext": {
                "success": true,
                "guid": 4697750,
                "responseTime": 9242
            }
        }
    }
}