{
    "comment": "Get Apple wallet data Methods",
    "request": {
        "path": "getMemberPassKeys.json",
        "method": "get"
    },
    "response": {
        "status": 200,
        "data": {
            "memberPassKeys": {
                "TOBIAS (01/05/1973)": [
                    {
                        "memberId": "924228301",
                        "memberSuffix": "0",
                        "sourceSystem": "TZF",
                        "accountId": "CD.9906",
                        "groupId": "9906",
                        "memberDOB": "01/05/1973",
                        "memberFName": "TOBIAS"
                    }
                ],
                "EMERSYN (02/06/1980)": [
                    {
                        "memberId": "924228301",
                        "memberSuffix": "1",
                        "sourceSystem": "TZF",
                        "accountId": "CD.9906",
                        "groupId": "9906",
                        "memberDOB": "02/06/1980",
                        "memberFName": "EMERSYN"
                    }
                ],
                "EMERY (11/01/1997)": [
                    {
                        "memberId": "924228301",
                        "memberSuffix": "2",
                        "sourceSystem": "TZF",
                        "accountId": "CD.9906",
                        "groupId": "9906",
                        "memberDOB": "11/01/1997",
                        "memberFName": "EMERY"
                    }
                ],
                "EMMALYN (06/02/2000)": [
                    {
                        "memberId": "924228301",
                        "memberSuffix": "3",
                        "sourceSystem": "TZF",
                        "accountId": "CD.9906",
                        "groupId": "9906",
                        "memberDOB": "06/02/2000",
                        "memberFName": "EMMALYN"
                    }
                ]
            }
        },
        "isSubscriberLevelGroup": false,
        "totalRecords": 4,
        "responseContext": {
            "success": true,
            "guid": 20285014,
            "responseTime": 1449
        }
    }
}