{
    "comment": "Get Apple wallet data Methods",
    "request": {
        "path": "orderMemberIdCardsError.json",
        "method": "get",
        "query": {
            "allMembers": "false",
            "selectedMemberIdentifier": "TOBIAS|DIEGOMINT|01/05/1973|M|18,EMERSYN|DIEGOMINT|02/06/1980|F|01"
        }
    },
    "response": {
        "status": 200,
        "data": {
            "error": {
                "code": "002.001",
                "msg": "Unexpected error"
            },
            "responseContext": {
                "success": false,
                "guid": 4625898,
                "responseTime": -1
            }
        }
    }
}