{
    "comment": "Get Apple wallet data Methods",
    "request": {
        "path": "orderMemberIdCards.json",
        "method": "get",
        "query": {
            "allMembers": "false",
            "selectedMemberIdentifier": "TOBIAS|DIEGOMINT|01/05/1973|M|18,EMERSYN|DIEGOMINT|02/06/1980|F|01"
        }
    },
    "response": {
        "status": 200,
        "data": {
            "confNumber": "MMJ0522182793",
            "responseContext": {
                "success": true,
                "guid": 20285014,
                "responseTime": 1449
            }
        }
    }
}